cow_id,source_top_ply,extracted_top_ply,rear_axis_x_m,rear_axis_y_m,head_axis_x_m,head_axis_y_m,pca_full_length_m,display_orientation,method_version,marker_70pct_ratio_from_rear,marker_70pct_distance_from_rear_m,marker_70pct_distance_to_head_m,marker_70pct_x_m,marker_70pct_y_m,pca_upper_boundary_selected_rule,pca_upper_width_valley_m,pca_upper_width_valley_station_from_rear_m,pca_upper_width_valley_station_ratio_full_axis,pca_upper_width_valley_axis_x_m,pca_upper_width_valley_axis_y_m,pca_upper_width_valley_contour_x_m,pca_upper_width_valley_contour_y_m,pca_upper_width_valley_raw_m,pca_upper_width_valley_slice_point_count,pca_upper_width_valley_detection_status,pca_upper_width_valley_prominence_m,pca_upper_piecewise_near70_slope,pca_upper_piecewise_left_slope,pca_upper_piecewise_fit_improvement,pca_upper_rule3_peak_ratio_from_rear,pca_upper_rule3_peak_to_valley_drop_m,pca_upper_rule3_left_confirmation_rise_m,pca_upper_rule3_support_left_ratio,pca_upper_plateau_start_ratio_from_rear,pca_upper_plateau_end_ratio_from_rear,pca_upper_plateau_near70_slope,pca_upper_plateau_middle_slope,pca_upper_plateau_left_slope,pca_upper_plateau_fit_improvement,pca_upper_width_valley_search_left_ratio,pca_upper_width_valley_search_right_ratio,pca_upper_halfwidth_edge_quantile,pca_upper_halfwidth_profile_bin_m,pca_upper_halfwidth_smoothing_m,pca_upper_width_valley_method_version,pca_lower_boundary_selected_rule,pca_lower_width_valley_m,pca_lower_width_valley_station_from_rear_m,pca_lower_width_valley_station_ratio_full_axis,pca_lower_width_valley_axis_x_m,pca_lower_width_valley_axis_y_m,pca_lower_width_valley_contour_x_m,pca_lower_width_valley_contour_y_m,pca_lower_width_valley_raw_m,pca_lower_width_valley_slice_point_count,pca_lower_width_valley_detection_status,pca_lower_width_valley_prominence_m,pca_lower_piecewise_near70_slope,pca_lower_piecewise_left_slope,pca_lower_piecewise_fit_improvement,pca_lower_rule3_peak_ratio_from_rear,pca_lower_rule3_peak_to_valley_drop_m,pca_lower_rule3_left_confirmation_rise_m,pca_lower_rule3_support_left_ratio,pca_lower_plateau_start_ratio_from_rear,pca_lower_plateau_end_ratio_from_rear,pca_lower_plateau_near70_slope,pca_lower_plateau_middle_slope,pca_lower_plateau_left_slope,pca_lower_plateau_fit_improvement,pca_lower_width_valley_search_left_ratio,pca_lower_width_valley_search_right_ratio,pca_lower_halfwidth_edge_quantile,pca_lower_halfwidth_profile_bin_m,pca_lower_halfwidth_smoothing_m,pca_lower_width_valley_method_version,preview_group_number,preview_group_file
1,dataset/1/top-12.09.07.765.ply,point_clouds/cow_001_top_cattle.ply,-0.486376,-0.303977,1.354996,-0.210753,1.8437303372673566,rear_left_head_right_pca_axis_horizontal,pca_full_axis_ratio_markers_preview_v2.0,0.7,1.2906112360871496,0.553119101180207,0.8025844000000002,-0.2387202,rule2_slow_to_fast_width_increase,0.16206714864173397,1.0700000000000003,0.5803451721610638,0.5822553503525625,-0.24987490167045698,0.5740607963228394,-0.08801505503419008,0.1590669966402648,139,slope_acceleration_boundary_from_70pct_leftward,0.0,0.01614455346597119,0.33215243253484367,0.951754253434266,,,,0.35,,,,,,,0.45,0.7,0.98,0.01,0.09,pca_three_rule_with_plateau_supplement_v7.0,rule1_first_u_shaped_valley,0.1980615447512867,1.0000000000000002,0.5423786655710876,0.5123448881799648,-0.2534142912808009,0.5223594163756987,-0.4512224931691018,0.19588357742796486,151,first_broad_valley_from_70pct_leftward,0.013425514787730908,,,,,,,0.35,,,,,,,0.45,0.7,0.98,0.01,0.09,pca_three_rule_with_plateau_supplement_v7.0,1,cattle_3d_extraction_66/pca_horizontal_60pct_upper_halfwidth_preview_61/groups_2cols_10cows/pca_upper_lower_three_rule_group_01_cows_001_023.png
2,dataset/2/top-12.15.22.142.ply,point_clouds/cow_002_top_cattle.ply,-0.555054,-0.353789,1.214365,-0.101444,1.7873224657531723,rear_left_head_right_pca_axis_horizontal,pca_full_axis_ratio_markers_preview_v2.0,0.7,1.2511257260272206,0.5361967397259518,0.6835393,-0.17714749999999999,rule1_first_u_shaped_valley,0.19212016949942748,0.9000000000000001,0.5035465156651197,0.33593077220166034,-0.22672155450448536,0.30880608423892975,-0.03652583733027229,0.19177064434134755,171,first_broad_valley_from_70pct_leftward,0.009096770885738098,,,,,,,0.35,,,,,,,0.45,0.7,0.98,0.01,0.09,pca_three_rule_with_plateau_supplement_v7.0,rule1_first_u_shaped_valley,0.2213160834257818,0.9900000000000002,0.5539011672316317,0.4250292494218265,-0.21401480995493388,0.4562759931640335,-0.4331139879279159,0.2213160834257818,161,first_broad_valley_from_70pct_leftward,0.0054644406223899045,,,,,,,0.35,,,,,,,0.45,0.7,0.98,0.01,0.09,pca_three_rule_with_plateau_supplement_v7.0,1,cattle_3d_extraction_66/pca_horizontal_60pct_upper_halfwidth_preview_61/groups_2cols_10cows/pca_upper_lower_three_rule_group_01_cows_001_023.png
4,dataset/4/top-12.24.08.106.ply,point_clouds/cow_004_top_cattle.ply,-0.213509,0.051017,1.512056,-0.010523,1.7266620227551772,rear_left_head_right_pca_axis_horizontal,pca_full_axis_ratio_markers_preview_v2.0,0.7,1.208663415928624,0.5179986068265532,0.9943865000000001,0.007939000000000002,rule1_first_u_shaped_valley,0.17878807118558684,1.0500000000000003,0.6081097436338758,0.835823889773589,0.013593926376771287,0.8421960794411445,0.19226840579983598,0.1775971549154964,169,first_broad_valley_from_70pct_leftward,0.007241939974732325,,,,,,,0.35,,,,,,,0.45,0.7,0.98,0.01,0.09,pca_three_rule_with_plateau_supplement_v7.0,rule1_first_u_shaped_valley,0.22005728131173383,0.9300000000000002,0.5386114872185757,0.7159001309423216,0.017870849076568857,0.7080570644281725,-0.20204662036587037,0.2146637479344858,156,first_broad_valley_from_70pct_leftward,0.010434691423079845,,,,,,,0.35,,,,,,,0.45,0.7,0.98,0.01,0.09,pca_three_rule_with_plateau_supplement_v7.0,1,cattle_3d_extraction_66/pca_horizontal_60pct_upper_halfwidth_preview_61/groups_2cols_10cows/pca_upper_lower_three_rule_group_01_cows_001_023.png
6,dataset/6/top-12.31.11.495.ply,point_clouds/cow_006_top_cattle.ply,-0.406953,-0.087146,1.45005,0.175277,1.8754535379310255,rear_left_head_right_pca_axis_horizontal,pca_full_axis_ratio_markers_preview_v2.0,0.7,1.3128174765517178,0.5626360613793078,0.8929490999999999,0.09655009999999994,rule1_first_u_shaped_valley,0.19676578255013338,1.0900000000000003,0.5811927504226382,0.6723236811130905,0.06537234514415993,0.6447912118144281,0.26020236417840575,0.18780385818146275,149,first_broad_valley_from_70pct_leftward,0.009929333862037093,,,,,,,0.35,,,,,,,0.45,0.7,0.98,0.01,0.09,pca_three_rule_with_plateau_supplement_v7.0,rule1_first_u_shaped_valley,0.2122758627941142,1.12,0.5971888811682152,0.7020285438960193,0.06957009776280651,0.731731262526668,-0.14061741478476164,0.2118454586493747,162,first_broad_valley_from_70pct_leftward,0.004605023558659077,,,,,,,0.35,,,,,,,0.45,0.7,0.98,0.01,0.09,pca_three_rule_with_plateau_supplement_v7.0,1,cattle_3d_extraction_66/pca_horizontal_60pct_upper_halfwidth_preview_61/groups_2cols_10cows/pca_upper_lower_three_rule_group_01_cows_001_023.png
13,dataset/13/top-12.59.51.546.ply,point_clouds/cow_013_top_cattle.ply,-0.341282,-0.391514,1.418298,-0.453078,1.7606566679781723,rear_left_head_right_pca_axis_horizontal,pca_full_axis_ratio_markers_preview_v2.0,0.7,1.2324596675847206,0.5281970003934517,0.890424,-0.43460879999999996,rule1_first_u_shaped_valley,0.20680781849031932,0.9200000000000002,0.5225323123652895,0.5781554061917161,-0.42368317927845667,0.5853867516147614,-0.21700182687312364,0.2034134200724734,160,first_broad_valley_from_70pct_leftward,0.006814420402444343,,,,,,,0.35,,,,,,,0.45,0.7,0.98,0.01,0.09,pca_three_rule_with_plateau_supplement_v7.0,rule1_first_u_shaped_valley,0.18708506318952528,1.0000000000000002,0.56796990474488,0.6581064849909959,-0.42648049921571374,0.6515647752757076,-0.6134511570811381,0.18244571266144136,169,first_broad_valley_from_70pct_leftward,0.012431128424631427,,,,,,,0.35,,,,,,,0.45,0.7,0.98,0.01,0.09,pca_three_rule_with_plateau_supplement_v7.0,1,cattle_3d_extraction_66/pca_horizontal_60pct_upper_halfwidth_preview_61/groups_2cols_10cows/pca_upper_lower_three_rule_group_01_cows_001_023.png
16,dataset/16/top-13.12.28.405.ply,point_clouds/cow_016_top_cattle.ply,-0.147767,0.102313,1.541711,0.101851,1.6894780631686226,rear_left_head_right_pca_axis_horizontal,pca_full_axis_ratio_markers_preview_v2.0,0.7,1.1826346442180358,0.5068434189505868,1.0348676,0.1019896,rule1_first_u_shaped_valley,0.160061370557882,1.0800000000000003,0.6392506795705036,0.9322329596194154,0.10201766618603843,0.9322767295592624,0.26207903075931693,0.15472810406363588,128,first_broad_valley_from_70pct_leftward,0.008139864402210178,,,,,,,0.35,,,,,,,0.45,0.7,0.98,0.01,0.09,pca_three_rule_with_plateau_supplement_v7.0,rule1_first_u_shaped_valley,0.17930917026230325,0.9700000000000002,0.574141814058693,0.8222329637322526,0.10204774648190489,0.8221839303423157,-0.07726141707613061,0.18174032282745328,122,first_broad_valley_from_70pct_leftward,0.003471326967119992,,,,,,,0.35,,,,,,,0.45,0.7,0.98,0.01,0.09,pca_three_rule_with_plateau_supplement_v7.0,1,cattle_3d_extraction_66/pca_horizontal_60pct_upper_halfwidth_preview_61/groups_2cols_10cows/pca_upper_lower_three_rule_group_01_cows_001_023.png
20,dataset/20/top-13.27.56.530.ply,point_clouds/cow_020_top_cattle.ply,-0.661809,0.144242,1.142407,-0.102412,1.820997960013135,rear_left_head_right_pca_axis_horizontal,pca_full_axis_ratio_markers_preview_v2.0,0.7,1.2746985720091943,0.5462993880039406,0.6011421999999996,-0.028415799999999963,rule1_first_u_shaped_valley,0.2261085482369395,0.9700000000000002,0.5326749514826494,0.2992516702642196,0.01285559251699861,0.329878051557053,0.2368803687242797,0.22622573350635822,163,first_broad_valley_from_70pct_leftward,0.007532025315323543,,,,,,,0.35,,,,,,,0.45,0.7,0.98,0.01,0.09,pca_three_rule_with_plateau_supplement_v7.0,rule2_slow_to_fast_width_increase,0.1870688525278309,1.0200000000000002,0.5601324232085592,0.3487908800716536,0.00608309728591605,0.32345242183907724,-0.17926176539032682,0.18151034408715058,160,slope_acceleration_boundary_from_70pct_leftward,0.0,0.06825787863442054,0.3749020240965456,0.9291455410800182,,,,0.35,,,,,,,0.45,0.7,0.98,0.01,0.09,pca_three_rule_with_plateau_supplement_v7.0,1,cattle_3d_extraction_66/pca_horizontal_60pct_upper_halfwidth_preview_61/groups_2cols_10cows/pca_upper_lower_three_rule_group_01_cows_001_023.png
21,dataset/21/top-13.31.25.505.ply,point_clouds/cow_021_top_cattle.ply,-0.618353,-0.023718,1.185938,-0.222597,1.8152186836086721,rear_left_head_right_pca_axis_horizontal,pca_full_axis_ratio_markers_preview_v2.0,0.7,1.2706530785260703,0.5445656050826018,0.6446506999999998,-0.16293329999999998,rule2_slow_to_fast_width_increase,0.20410253927178776,1.0600000000000003,0.5839516800767554,0.435265760797369,-0.13985372618198502,0.45762764439540315,0.06302010825493695,0.19831233207983653,143,slope_acceleration_boundary_from_70pct_leftward,0.0,0.04935479325383082,0.25412501395749604,0.9580248556667659,,,,0.35,,,,,,,0.45,0.7,0.98,0.01,0.09,pca_three_rule_with_plateau_supplement_v7.0,rule1_first_u_shaped_valley,0.19140450861032796,1.0300000000000002,0.5674247457349604,0.40544636190687744,-0.13656686600702317,0.38447570001822984,-0.3268191123966864,0.19787946064298834,150,first_broad_valley_from_70pct_leftward,0.014881009026403519,,,,,,,0.35,,,,,,,0.45,0.7,0.98,0.01,0.09,pca_three_rule_with_plateau_supplement_v7.0,1,cattle_3d_extraction_66/pca_horizontal_60pct_upper_halfwidth_preview_61/groups_2cols_10cows/pca_upper_lower_three_rule_group_01_cows_001_023.png
22,dataset/22/top-13.41.45.435.ply,point_clouds/cow_022_top_cattle.ply,-0.768845,0.122188,1.03124,0.097177,1.8002587473321716,rear_left_head_right_pca_axis_horizontal,pca_full_axis_ratio_markers_preview_v2.0,0.7,1.26018112313252,0.5400776241996516,0.4912144999999999,0.1046803,rule1_first_u_shaped_valley,0.20985127580755844,0.9200000000000002,0.5110376502063166,0.15106620857163755,0.10940643733068982,0.15398167295529952,0.3192374598833323,0.1938360653048239,160,first_broad_valley_from_70pct_leftward,0.008586412126315446,,,,,,,0.35,,,,,,,0.45,0.7,0.98,0.01,0.09,pca_three_rule_with_plateau_supplement_v7.0,rule1_first_u_shaped_valley,0.19619899117674258,1.0800000000000003,0.5999137632856761,0.31105076658409647,0.10718355686646196,0.3083249734304215,-0.08899649867042204,0.19140999247373838,147,first_broad_valley_from_70pct_leftward,0.010531366877518378,,,,,,,0.35,,,,,,,0.45,0.7,0.98,0.01,0.09,pca_three_rule_with_plateau_supplement_v7.0,1,cattle_3d_extraction_66/pca_horizontal_60pct_upper_halfwidth_preview_61/groups_2cols_10cows/pca_upper_lower_three_rule_group_01_cows_001_023.png
23,dataset/23/top-13.45.59.353.ply,point_clouds/cow_023_top_cattle.ply,-0.357773,0.254446,1.401431,0.27312,1.759303109726121,rear_left_head_right_pca_axis_horizontal,pca_full_axis_ratio_markers_preview_v2.0,0.7,1.2315121768082846,0.5277909329178364,0.8736697999999999,0.2675178,rule1_first_u_shaped_valley,0.2289195559315798,0.9800000000000002,0.5570387470937634,0.622171792042337,0.26484814156322894,0.6197419414021412,0.4937548013915922,0.2145469171865573,149,first_broad_valley_from_70pct_leftward,0.008146512927239086,,,,,,,0.35,,,,,,,0.45,0.7,0.98,0.01,0.09,pca_three_rule_with_plateau_supplement_v7.0,rule1_first_u_shaped_valley,0.18212125581654465,1.0000000000000002,0.5684068847895545,0.6421706653493234,0.2650604301665601,0.6441037787010344,0.0829494340873427,0.1788595612281615,144,first_broad_valley_from_70pct_leftward,0.0042569581474374285,,,,,,,0.35,,,,,,,0.45,0.7,0.98,0.01,0.09,pca_three_rule_with_plateau_supplement_v7.0,1,cattle_3d_extraction_66/pca_horizontal_60pct_upper_halfwidth_preview_61/groups_2cols_10cows/pca_upper_lower_three_rule_group_01_cows_001_023.png
24,dataset/24/top-13.49.32.005.ply,point_clouds/cow_024_top_cattle.ply,-0.676322,0.306908,1.170944,0.243461,1.8483552679517539,rear_left_head_right_pca_axis_horizontal,pca_full_axis_ratio_markers_preview_v2.0,0.7,1.2938486875662276,0.5545065803855262,0.6167641999999999,0.2624951,rule1_first_u_shaped_valley,0.21366285985553085,1.1900000000000004,0.643815623886361,0.5129767122740624,0.2660598301112821,0.5203109448776658,0.4795967747221865,0.22789206820788604,151,first_broad_valley_from_70pct_leftward,0.0034538998239375673,,,,,,,0.35,,,,,,,0.45,0.7,0.98,0.01,0.09,pca_three_rule_with_plateau_supplement_v7.0,rule1_first_u_shaped_valley,0.1911136682674484,0.9600000000000001,0.5193806713705096,0.2831122552799157,0.2739548545435553,0.2765520505829032,0.08295381288939674,0.18117893937625393,149,first_broad_valley_from_70pct_leftward,0.012997091005588463,,,,,,,0.35,,,,,,,0.45,0.7,0.98,0.01,0.09,pca_three_rule_with_plateau_supplement_v7.0,2,cattle_3d_extraction_66/pca_horizontal_60pct_upper_halfwidth_preview_61/groups_2cols_10cows/pca_upper_lower_three_rule_group_02_cows_024_082.png
25,dataset/25/top-13.52.04.612.ply,point_clouds/cow_025_top_cattle.ply,-0.325817,-0.192407,1.439867,0.133106,1.7954383033189973,rear_left_head_right_pca_axis_horizontal,pca_full_axis_ratio_markers_preview_v2.0,0.7,1.256806812323298,0.5386314909956993,0.9101618,0.035452100000000014,rule2_slow_to_fast_width_increase,0.15484973832783536,1.0600000000000003,0.5903850876081421,0.7166165030282947,-0.00022897897741080975,0.6885422423983804,0.15205456363400446,0.15915010323943532,152,slope_acceleration_boundary_from_70pct_leftward,0.0,0.1172041290468969,0.27506999975503293,0.8017067279907363,,,,0.35,,,,,,,0.45,0.7,0.98,0.01,0.09,pca_three_rule_with_plateau_supplement_v7.0,rule1_first_u_shaped_valley,0.24192465093277082,1.0100000000000002,0.5625367344190788,0.6674451113760167,-0.009293979969042382,0.7113060553881304,-0.24720941519616094,0.24192465093277082,143,first_broad_valley_from_70pct_leftward,0.005328274269024935,,,,,,,0.35,,,,,,,0.45,0.7,0.98,0.01,0.09,pca_three_rule_with_plateau_supplement_v7.0,2,cattle_3d_extraction_66/pca_horizontal_60pct_upper_halfwidth_preview_61/groups_2cols_10cows/pca_upper_lower_three_rule_group_02_cows_024_082.png
26,dataset/26/top-13.56.26.514.ply,point_clouds/cow_026_top_cattle.ply,-0.577123,-0.23342,1.227891,-0.402444,1.8129105473718223,rear_left_head_right_pca_axis_horizontal,pca_full_axis_ratio_markers_preview_v2.0,0.7,1.2690373831602755,0.5438731642115467,0.6863867999999997,-0.35173679999999996,rule1_first_u_shaped_valley,0.1639101058953949,1.0400000000000003,0.5736631636390935,0.45834704165285456,-0.33038284257093414,0.4736289549160472,-0.16718668470667614,0.15913272489937794,160,first_broad_valley_from_70pct_leftward,0.014222155771554335,,,,,,,0.35,,,,,,,0.45,0.7,0.98,0.01,0.09,pca_three_rule_with_plateau_supplement_v7.0,rule1_first_u_shaped_valley,0.22511036693019296,0.9600000000000002,0.5295352279745478,0.3786954999872504,-0.32292416237316995,0.3577076720355797,-0.5470540095094163,0.2247589493785153,145,first_broad_valley_from_70pct_leftward,0.00842745295899558,,,,,,,0.35,,,,,,,0.45,0.7,0.98,0.01,0.09,pca_three_rule_with_plateau_supplement_v7.0,2,cattle_3d_extraction_66/pca_horizontal_60pct_upper_halfwidth_preview_61/groups_2cols_10cows/pca_upper_lower_three_rule_group_02_cows_024_082.png
27,dataset/27/top-15.30.41.933.ply,point_clouds/cow_027_top_cattle.ply,-1.014312,-0.10314,0.732492,0.149951,1.765043701639424,rear_left_head_right_pca_axis_horizontal,pca_full_axis_ratio_markers_preview_v2.0,0.7,1.2355305911475967,0.5295131104918273,0.20845079999999983,0.07402369999999998,rule1_first_u_shaped_valley,0.24338266010685203,1.0600000000000003,0.6005517024963413,0.034734116127418835,0.0488542309365015,-0.0001647142935442894,0.2897218104816456,0.2428312377792586,175,first_broad_valley_from_70pct_leftward,0.004085536731558287,,,,,,,0.35,,,,,,,0.45,0.7,0.98,0.01,0.09,pca_three_rule_with_plateau_supplement_v7.0,rule1_first_u_shaped_valley,0.19937335102982204,1.0000000000000002,0.5665582099022087,-0.02464585270998232,0.04025078390235991,0.003942448383424231,-0.15706227228362435,0.2024089048391603,179,first_broad_valley_from_70pct_leftward,0.012743255736686915,,,,,,,0.35,,,,,,,0.45,0.7,0.98,0.01,0.09,pca_three_rule_with_plateau_supplement_v7.0,2,cattle_3d_extraction_66/pca_horizontal_60pct_upper_halfwidth_preview_61/groups_2cols_10cows/pca_upper_lower_three_rule_group_02_cows_024_082.png
28,dataset/28/top-15.36.47.071.ply,point_clouds/cow_028_top_cattle.ply,-0.263133,-0.491132,1.427362,-0.109693,1.732994245733667,rear_left_head_right_pca_axis_horizontal,pca_full_axis_ratio_markers_preview_v2.0,0.7,1.2130959720135668,0.5198982737201001,0.9202135,-0.2241247,rule2_slow_to_fast_width_increase,0.16179942553032012,0.9500000000000002,0.5481841629530718,0.6635695865513531,-0.2820331810673432,0.6279568825699086,-0.12420165881316356,0.16359503631196454,169,slope_acceleration_boundary_from_70pct_leftward,0.0,0.13268852874809847,0.24377060962364902,0.5153096280985981,,,,0.35,,,,,,,0.45,0.7,0.98,0.01,0.09,pca_three_rule_with_plateau_supplement_v7.0,rule1_first_u_shaped_valley,0.28215003060590477,1.0000000000000002,0.5770359610032335,0.7123434068961612,-0.2710279800708876,0.7744457628556429,-0.5462586781319774,0.28161123761496065,187,first_broad_valley_from_70pct_leftward,0.0030914799843958507,,,,,,,0.35,,,,,,,0.45,0.7,0.98,0.01,0.09,pca_three_rule_with_plateau_supplement_v7.0,2,cattle_3d_extraction_66/pca_horizontal_60pct_upper_halfwidth_preview_61/groups_2cols_10cows/pca_upper_lower_three_rule_group_02_cows_024_082.png
39,dataset/39/top-16.21.22.404.ply,point_clouds/cow_039_top_cattle.ply,-0.373061,-0.188896,1.415402,-0.079228,1.7918222491622882,rear_left_head_right_pca_axis_horizontal,pca_full_axis_ratio_markers_preview_v2.0,0.7,1.2542755744136016,0.5375466747486866,0.8788631000000001,-0.11212840000000002,rule1_first_u_shaped_valley,0.22586759968784204,0.9300000000000002,0.5190246970282869,0.5551954667213012,-0.13197559952630183,0.5413713008844572,0.09346855104687823,0.21889698885036296,172,first_broad_valley_from_70pct_leftward,0.0071115828586647,,,,,,,0.35,,,,,,,0.45,0.7,0.98,0.01,0.09,pca_three_rule_with_plateau_supplement_v7.0,rule1_first_u_shaped_valley,0.18671833369237595,1.0700000000000003,0.5971574471185667,0.6949329993460133,-0.12340693708940104,0.7063610448616602,-0.30977521741775993,0.18479792887681423,160,first_broad_valley_from_70pct_leftward,0.009003144651037742,,,,,,,0.35,,,,,,,0.45,0.7,0.98,0.01,0.09,pca_three_rule_with_plateau_supplement_v7.0,2,cattle_3d_extraction_66/pca_horizontal_60pct_upper_halfwidth_preview_61/groups_2cols_10cows/pca_upper_lower_three_rule_group_02_cows_024_082.png
50,dataset/50/top-17.57.16.387.ply,point_clouds/cow_050_top_cattle.ply,-0.31553,-0.223781,1.464359,0.226804,1.8360369534805119,rear_left_head_right_pca_axis_horizontal,pca_full_axis_ratio_markers_preview_v2.0,0.7,1.2852258674363581,0.5508110860441536,0.9303922999999997,0.09162849999999995,rule1_first_u_shaped_valley,0.1784735976452707,1.0000000000000002,0.5446513470790088,0.6538889415011099,0.021630727223595186,0.6100894276391751,0.19464641333876845,0.17575187671152667,161,first_broad_valley_from_70pct_leftward,0.003938874327911679,,,,,,,0.35,,,,,,,0.45,0.7,0.98,0.01,0.09,pca_three_rule_with_plateau_supplement_v7.0,rule1_first_u_shaped_valley,0.24994237145782455,1.0500000000000003,0.5718839144329593,0.7023598885761654,0.03390131358477494,0.7636986776619915,-0.2083975555901465,0.24371934652697144,168,first_broad_valley_from_70pct_leftward,0.01408809912794784,,,,,,,0.35,,,,,,,0.45,0.7,0.98,0.01,0.09,pca_three_rule_with_plateau_supplement_v7.0,2,cattle_3d_extraction_66/pca_horizontal_60pct_upper_halfwidth_preview_61/groups_2cols_10cows/pca_upper_lower_three_rule_group_02_cows_024_082.png
51,dataset/51/top-18.00.21.471.ply,point_clouds/cow_051_top_cattle.ply,-0.416913,-0.00153,1.412041,-0.135641,1.833864360970298,rear_left_head_right_pca_axis_horizontal,pca_full_axis_ratio_markers_preview_v2.0,0.7,1.2837050526792086,0.5501593082910895,0.8633548000000001,-0.09540770000000001,rule1_first_u_shaped_valley,0.22777847306535542,1.0800000000000003,0.588920327470987,0.6601951886093717,-0.08051069403746156,0.676852690358904,0.14665787867331018,0.22785481059672832,187,first_broad_valley_from_70pct_leftward,0.0030102346818866588,,,,,,,0.35,,,,,,,0.45,0.7,0.98,0.01,0.09,pca_three_rule_with_plateau_supplement_v7.0,rule1_first_u_shaped_valley,0.20843102745985423,1.0400000000000003,0.5671084634905801,0.6203022927349505,-0.0775854831471852,0.6050596749500241,-0.2854584150335498,0.20710601590981217,165,first_broad_valley_from_70pct_leftward,0.005820814646796013,,,,,,,0.35,,,,,,,0.45,0.7,0.98,0.01,0.09,pca_three_rule_with_plateau_supplement_v7.0,2,cattle_3d_extraction_66/pca_horizontal_60pct_upper_halfwidth_preview_61/groups_2cols_10cows/pca_upper_lower_three_rule_group_02_cows_024_082.png
76,dataset/76/top-19.45.11.274.ply,point_clouds/cow_076_top_cattle.ply,-0.269779,-0.054054,1.446632,-0.079031,1.7165927214834624,rear_left_head_right_pca_axis_horizontal,pca_full_axis_ratio_markers_preview_v2.0,0.7,1.2016149050384237,0.5149778164450388,0.9317087,-0.0715379,rule1_first_u_shaped_valley,0.2499468773388085,0.9200000000000002,0.5359454158729889,0.6501236072039728,-0.06744030865225964,0.6537604181243268,0.18248010887650282,0.24491639833476864,181,first_broad_valley_from_70pct_leftward,0.005953915525040598,,,,,,,0.35,,,,,,,0.45,0.7,0.98,0.01,0.09,pca_three_rule_with_plateau_supplement_v7.0,rule1_first_u_shaped_valley,0.1781234925255777,1.1200000000000003,0.6524552888888562,0.8501024348570105,-0.07035037575057695,0.8475106782818302,-0.24845501181422502,0.17868999935910881,166,first_broad_valley_from_70pct_leftward,0.006288317586591485,,,,,,,0.35,,,,,,,0.45,0.7,0.98,0.01,0.09,pca_three_rule_with_plateau_supplement_v7.0,2,cattle_3d_extraction_66/pca_horizontal_60pct_upper_halfwidth_preview_61/groups_2cols_10cows/pca_upper_lower_three_rule_group_02_cows_024_082.png
82,dataset/82/top-20.14.10.429.ply,point_clouds/cow_082_top_cattle.ply,-0.359781,0.091753,1.406836,0.133833,1.7671180920043235,rear_left_head_right_pca_axis_horizontal,pca_full_axis_ratio_markers_preview_v2.0,0.7,1.2369826644030264,0.5301354276012972,0.8768509000000001,0.12120900000000001,rule1_first_u_shaped_valley,0.2094820011983958,0.9200000000000002,0.520621685762102,0.5599581206359874,0.11366076053686926,0.5549697711587714,0.3230833600708686,0.1976336215864731,156,first_broad_valley_from_70pct_leftward,0.009844297633540278,,,,,,,0.35,,,,,,,0.45,0.7,0.98,0.01,0.09,pca_three_rule_with_plateau_supplement_v7.0,rule1_first_u_shaped_valley,0.2185219915596977,1.0300000000000002,0.5828699307988752,0.6699269285381165,0.11628016668801666,0.6751305453458661,-0.10217985978670183,0.21597978326316242,149,first_broad_valley_from_70pct_leftward,0.0044690383166849645,,,,,,,0.35,,,,,,,0.45,0.7,0.98,0.01,0.09,pca_three_rule_with_plateau_supplement_v7.0,2,cattle_3d_extraction_66/pca_horizontal_60pct_upper_halfwidth_preview_61/groups_2cols_10cows/pca_upper_lower_three_rule_group_02_cows_024_082.png
87,dataset/87/top-20.31.00.342.ply,point_clouds/cow_087_top_cattle.ply,-0.332458,-0.148835,1.452132,-0.271279,1.7887856219334948,rear_left_head_right_pca_axis_horizontal,pca_full_axis_ratio_markers_preview_v2.0,0.7,1.2521499353534462,0.5366356865800486,0.9167549999999998,-0.2345458,rule1_first_u_shaped_valley,0.2104594792586077,0.9300000000000002,0.5199057889311325,0.5953606718686097,-0.21249434441988357,0.6097668143165162,-0.0025285008415173726,0.20732778182422631,177,first_broad_valley_from_70pct_leftward,0.0045592024369657536,,,,,,,0.35,,,,,,,0.45,0.7,0.98,0.01,0.09,pca_three_rule_with_plateau_supplement_v7.0,rule1_first_u_shaped_valley,0.20210726838820697,1.1000000000000003,0.6149423309938127,0.7649619344682483,-0.2241309987762064,0.7511275084380475,-0.4257642217126998,0.18875849473544448,170,first_broad_valley_from_70pct_leftward,0.003024732291182136,,,,,,,0.35,,,,,,,0.45,0.7,0.98,0.01,0.09,pca_three_rule_with_plateau_supplement_v7.0,3,cattle_3d_extraction_66/pca_horizontal_60pct_upper_halfwidth_preview_61/groups_2cols_10cows/pca_upper_lower_three_rule_group_03_cows_087_107.png
97,dataset/97/top-12.01.06.363.ply,point_clouds/cow_097_top_cattle.ply,-0.742898,-0.136393,0.932949,-0.102473,1.6761902439189296,rear_left_head_right_pca_axis_horizontal,pca_full_axis_ratio_markers_preview_v2.0,0.7,1.1733331707432506,0.502857073175679,0.43019489999999994,-0.112649,rule1_first_u_shaped_valley,0.223210122756186,0.8700000000000001,0.5190341628322223,0.12692384467989137,-0.118787361196731,0.12240688284255949,0.10437705343201689,0.223210122756186,138,first_broad_valley_from_70pct_leftward,0.010887514517435054,,,,,,,0.35,,,,,,,0.45,0.7,0.98,0.01,0.09,pca_three_rule_with_plateau_supplement_v7.0,rule1_first_u_shaped_valley,0.16152880570702538,0.9800000000000002,0.5846591719259516,0.23690131929459035,-0.11656136088827171,0.24017007539758034,-0.2780570893354264,0.16152880570702538,135,first_broad_valley_from_70pct_leftward,0.011243370521072882,,,,,,,0.35,,,,,,,0.45,0.7,0.98,0.01,0.09,pca_three_rule_with_plateau_supplement_v7.0,3,cattle_3d_extraction_66/pca_horizontal_60pct_upper_halfwidth_preview_61/groups_2cols_10cows/pca_upper_lower_three_rule_group_03_cows_087_107.png
98,dataset/98/top-12.04.46.910.ply,point_clouds/cow_098_top_cattle.ply,-0.711199,-0.191019,1.05237,-0.435379,1.780417767649211,rear_left_head_right_pca_axis_horizontal,pca_full_axis_ratio_markers_preview_v2.0,0.7,1.2462924373544477,0.5341253302947634,0.5232993,-0.36207100000000003,rule1_first_u_shaped_valley,0.14172505388481724,1.0400000000000003,0.5841325664667865,0.318959086111264,-0.33375763394182395,0.33841066359861993,-0.19337377791874794,0.1368191584325934,156,first_broad_valley_from_70pct_leftward,0.00522311662501429,,,,,,,0.35,,,,,,,0.45,0.7,0.98,0.01,0.09,pca_three_rule_with_plateau_supplement_v7.0,rule1_first_u_shaped_valley,0.2508018450808327,1.0100000000000002,0.5672825885879368,0.28924298747343913,-0.3296401733473483,0.2548207636687016,-0.5780685855796985,0.25646935205112886,146,first_broad_valley_from_70pct_leftward,0.0030746973570624503,,,,,,,0.35,,,,,,,0.45,0.7,0.98,0.01,0.09,pca_three_rule_with_plateau_supplement_v7.0,3,cattle_3d_extraction_66/pca_horizontal_60pct_upper_halfwidth_preview_61/groups_2cols_10cows/pca_upper_lower_three_rule_group_03_cows_087_107.png
99,dataset/99/top-12.07.51.258.ply,point_clouds/cow_099_top_cattle.ply,-0.393508,0.229285,1.364641,0.069334,1.7654099321692964,rear_left_head_right_pca_axis_horizontal,pca_full_axis_ratio_markers_preview_v2.0,0.7,1.2357869525185075,0.529622979650789,0.8371963,0.1173193,rule2_slow_to_fast_width_increase,0.20359570845169522,0.9900000000000002,0.5607762718223241,0.5924202415281474,0.1395882745457474,0.6108665732096179,0.34234661678459305,0.20359570845169522,137,slope_acceleration_boundary_from_70pct_leftward,0.0,0.05145540393410765,0.3418568750846824,0.9600532169323176,,,,0.35,,,,,,,0.45,0.7,0.98,0.01,0.09,pca_three_rule_with_plateau_supplement_v7.0,rule1_first_u_shaped_valley,0.17991666186784613,0.9300000000000002,0.5267898311058197,0.5326670147688657,0.14502443972479304,0.5163660698959306,-0.034152245181247154,0.18351073908638554,141,first_broad_valley_from_70pct_leftward,0.010908747546606784,,,,,,,0.35,,,,,,,0.45,0.7,0.98,0.01,0.09,pca_three_rule_with_plateau_supplement_v7.0,3,cattle_3d_extraction_66/pca_horizontal_60pct_upper_halfwidth_preview_61/groups_2cols_10cows/pca_upper_lower_three_rule_group_03_cows_087_107.png
100,dataset/100/top-12.13.31.354.ply,point_clouds/cow_100_top_cattle.ply,-0.411201,0.420829,1.364801,0.35269,1.7773086471755544,rear_left_head_right_pca_axis_horizontal,pca_full_axis_ratio_markers_preview_v2.0,0.7,1.244116053022888,0.5331925941526664,0.8320004000000001,0.3731317,rule1_first_u_shaped_valley,0.1885484978912426,1.0100000000000002,0.5682749597854385,0.5980564651288582,0.38210731251518004,0.6052850948427958,0.570517192748417,0.19356886290964587,156,first_broad_valley_from_70pct_leftward,0.0071405255140427615,,,,,,,0.35,,,,,,,0.45,0.7,0.98,0.01,0.09,pca_three_rule_with_plateau_supplement_v7.0,rule1_first_u_shaped_valley,0.1783607897839895,0.9300000000000002,0.5232630817826315,0.5181152797721169,0.3851743768704133,0.5112772295131454,0.206944714914205,0.170762197850769,144,first_broad_valley_from_70pct_leftward,0.007149186124587953,,,,,,,0.35,,,,,,,0.45,0.7,0.98,0.01,0.09,pca_three_rule_with_plateau_supplement_v7.0,3,cattle_3d_extraction_66/pca_horizontal_60pct_upper_halfwidth_preview_61/groups_2cols_10cows/pca_upper_lower_three_rule_group_03_cows_087_107.png
102,dataset/102/top-12.19.51.759.ply,point_clouds/cow_102_top_cattle.ply,-0.66284,0.284038,1.115971,-0.024389,1.8053519845309947,rear_left_head_right_pca_axis_horizontal,pca_full_axis_ratio_markers_preview_v2.0,0.7,1.2637463891716962,0.5416055953592985,0.5823277000000001,0.06813910000000001,rule2_slow_to_fast_width_increase,0.2322776979528067,1.0800000000000003,0.5982212938274024,0.40128261789441566,0.09953040100869573,0.440965025624508,0.32839331954946327,0.23448940038322552,149,slope_acceleration_boundary_from_70pct_leftward,0.0,0.11004556072436929,0.25730715901840795,0.7011179017710485,,,,0.35,,,,,,,0.45,0.7,0.98,0.01,0.09,pca_three_rule_with_plateau_supplement_v7.0,rule1_first_u_shaped_valley,0.1782287550533833,0.9300000000000002,0.5151350030180409,0.2534878098535246,0.12515645642415468,0.22303914349601622,-0.05045210784572379,0.17571032780825668,156,first_broad_valley_from_70pct_leftward,0.013670146557357987,,,,,,,0.35,,,,,,,0.45,0.7,0.98,0.01,0.09,pca_three_rule_with_plateau_supplement_v7.0,3,cattle_3d_extraction_66/pca_horizontal_60pct_upper_halfwidth_preview_61/groups_2cols_10cows/pca_upper_lower_three_rule_group_03_cows_087_107.png
103,dataset/103/top-12.24.09.127.ply,point_clouds/cow_103_top_cattle.ply,-0.846334,-0.310981,1.024158,-0.5253,1.8827301866770503,rear_left_head_right_pca_axis_horizontal,pca_full_axis_ratio_markers_preview_v2.0,0.7,1.317911130673935,0.5648190560031152,0.4630103999999998,-0.4610043,rule1_first_u_shaped_valley,0.20897024925245677,1.0,0.5311435526324477,0.1471657660505724,-0.4248151550566336,0.17095371780619995,-0.21720326131278797,0.20620086826064699,173,first_broad_valley_from_70pct_leftward,0.01129444890641701,,,,,,,0.35,,,,,,,0.45,0.7,0.98,0.01,0.09,pca_three_rule_with_plateau_supplement_v7.0,rule1_first_u_shaped_valley,0.1901973186331021,1.08,0.5736350368430436,0.22664574733461829,-0.4339218874611642,0.20499479627398182,-0.6228828790265973,0.1901973186331021,176,first_broad_valley_from_70pct_leftward,0.00601609725707114,,,,,,,0.35,,,,,,,0.45,0.7,0.98,0.01,0.09,pca_three_rule_with_plateau_supplement_v7.0,3,cattle_3d_extraction_66/pca_horizontal_60pct_upper_halfwidth_preview_61/groups_2cols_10cows/pca_upper_lower_three_rule_group_03_cows_087_107.png
104,dataset/104/top-12.28.17.838.ply,point_clouds/cow_104_top_cattle.ply,-0.048805,-0.055168,1.55228,0.141643,1.6131359976598378,rear_left_head_right_pca_axis_horizontal,pca_full_axis_ratio_markers_preview_v2.0,0.7,1.1291951983618864,0.4839407992979514,1.0719545,0.0825997,rule1_first_u_shaped_valley,0.18670711794004013,0.9000000000000001,0.5579194818698623,0.8444715136296085,0.05463669114628946,0.8216922720515863,0.23994900601663519,0.18559918758670574,134,first_broad_valley_from_70pct_leftward,0.006796187275943721,,,,,,,0.35,,,,,,,0.45,0.7,0.98,0.01,0.09,pca_three_rule_with_plateau_supplement_v7.0,rule1_first_u_shaped_valley,0.18030447048594714,1.0000000000000002,0.6199105354109582,0.943724459588454,0.06683721238476609,0.9657225448040148,-0.11212028626803333,0.17781028902360066,128,first_broad_valley_from_70pct_leftward,0.005505190634337659,,,,,,,0.35,,,,,,,0.45,0.7,0.98,0.01,0.09,pca_three_rule_with_plateau_supplement_v7.0,3,cattle_3d_extraction_66/pca_horizontal_60pct_upper_halfwidth_preview_61/groups_2cols_10cows/pca_upper_lower_three_rule_group_03_cows_087_107.png
105,dataset/105/top-12.31.06.345.ply,point_clouds/cow_105_top_cattle.ply,-0.327314,-0.061804,1.26612,-0.258414,1.605517799482771,rear_left_head_right_pca_axis_horizontal,pca_full_axis_ratio_markers_preview_v2.0,0.7,1.1238624596379396,0.48165533984483133,0.7880897999999997,-0.19943099999999997,rule3_post_peak_valley,0.1970130280137316,0.76,0.4733675330443795,0.4269659216490377,-0.15487279067185544,0.4510919272593513,0.04065743476766709,0.18669565241354338,152,post_peak_valley_with_left_support_confirmation,0.0,0.48312379934551103,-0.052148279455973244,0.9485284982096205,0.5356527347607454,0.011864284102559491,0.0027798043098205827,0.35,,,,,,,0.45,0.7,0.98,0.01,0.09,pca_three_rule_with_plateau_supplement_v7.0,rule2_slow_to_fast_width_increase,0.18533057248593202,0.9100000000000001,0.5667953356189281,0.575836958816611,-0.17324163093603745,0.553141574269521,-0.3571773279016428,0.18533057248593202,137,slope_acceleration_boundary_from_70pct_leftward,0.0,0.022645166769446577,0.30542118103974364,0.9689251298575456,,,,0.35,,,,,,,0.45,0.7,0.98,0.01,0.09,pca_three_rule_with_plateau_supplement_v7.0,3,cattle_3d_extraction_66/pca_horizontal_60pct_upper_halfwidth_preview_61/groups_2cols_10cows/pca_upper_lower_three_rule_group_03_cows_087_107.png
107,dataset/107/top-12.35.51.048.ply,point_clouds/cow_107_top_cattle.ply,-0.518245,0.062388,1.133518,-0.365898,1.706385040360176,rear_left_head_right_pca_axis_horizontal,pca_full_axis_ratio_markers_preview_v2.0,0.7,1.1944695282521232,0.5119155121080529,0.6379890999999999,-0.23741220000000002,rule1_first_u_shaped_valley,0.1894186824291402,1.0000000000000002,0.5860342046768793,0.44974461601969606,-0.18860224538424192,0.4972868576029458,-0.005246927712701799,0.18228763350037364,130,first_broad_valley_from_70pct_leftward,0.0049690477069499195,,,,,,,0.35,,,,,,,0.45,0.7,0.98,0.01,0.09,pca_three_rule_with_plateau_supplement_v7.0,rule1_first_u_shaped_valley,0.19436220143210448,0.9000000000000001,0.5274307842091913,0.3529456544177264,-0.1635032208458177,0.30416263778686103,-0.35164381357882324,0.19766043136302475,132,first_broad_valley_from_70pct_leftward,0.00399855200031668,,,,,,,0.35,,,,,,,0.45,0.7,0.98,0.01,0.09,pca_three_rule_with_plateau_supplement_v7.0,3,cattle_3d_extraction_66/pca_horizontal_60pct_upper_halfwidth_preview_61/groups_2cols_10cows/pca_upper_lower_three_rule_group_03_cows_087_107.png
110,dataset/110/top-12.43.43.056.ply,point_clouds/cow_110_top_cattle.ply,-0.478113,-0.093599,1.153555,0.111507,1.6445087210045437,rear_left_head_right_pca_axis_horizontal,pca_full_axis_ratio_markers_preview_v2.0,0.7,1.1511561047031804,0.4933526163013632,0.6640545999999998,0.049975199999999984,rule1_first_u_shaped_valley,0.13297652244668637,0.8700000000000001,0.5290333756749936,0.3850938300208656,0.014908919551195249,0.3685087658831153,0.14684712921602583,0.128410238009684,105,first_broad_valley_from_70pct_leftward,0.003136129090457379,,,,,,,0.35,,,,,,,0.45,0.7,0.98,0.01,0.09,pca_three_rule_with_plateau_supplement_v7.0,rule1_first_u_shaped_valley,0.19363302086946696,0.9400000000000002,0.5715992794649357,0.45454725312599276,0.02363944181393511,0.4786975016903135,-0.16848164569422197,0.19220679862868253,110,first_broad_valley_from_70pct_leftward,0.004064190016227209,,,,,,,0.35,,,,,,,0.45,0.7,0.98,0.01,0.09,pca_three_rule_with_plateau_supplement_v7.0,4,cattle_3d_extraction_66/pca_horizontal_60pct_upper_halfwidth_preview_61/groups_2cols_10cows/pca_upper_lower_three_rule_group_04_cows_110_124.png
111,dataset/111/top-12.46.25.999.ply,point_clouds/cow_111_top_cattle.ply,-0.354857,0.317676,1.357952,-0.283626,1.815290270365872,rear_left_head_right_pca_axis_horizontal,pca_full_axis_ratio_markers_preview_v2.0,0.7,1.2707031892561103,0.5445870811097617,0.8441093,-0.10323539999999992,rule2_slow_to_fast_width_increase,0.23584475260767268,0.9800000000000002,0.5398585647696338,0.5698176084645118,-0.006942034713110334,0.6479395065144122,0.21558822475210326,0.23060802858955037,156,slope_acceleration_boundary_from_70pct_leftward,0.0,0.06623506635752478,0.27487529452976506,0.8306084055937771,,,,0.35,,,,,,,0.45,0.7,0.98,0.01,0.09,pca_three_rule_with_plateau_supplement_v7.0,rule2_widening_plateau_supplement,0.1873046351580847,1.0100000000000002,0.5563848473646227,0.5981239740297519,-0.016879321490042287,0.5360806448892687,-0.1936097706516649,0.1873046351580847,168,widening_plateau_between_two_increase_stages,0.0,,,,,,,0.35,0.5894374125546002,0.5178235213096487,0.3031287501129445,-0.011753342434098217,0.3173446211755729,0.9060165359127409,0.45,0.7,0.98,0.01,0.09,pca_three_rule_with_plateau_supplement_v7.0,4,cattle_3d_extraction_66/pca_horizontal_60pct_upper_halfwidth_preview_61/groups_2cols_10cows/pca_upper_lower_three_rule_group_04_cows_110_124.png
112,dataset/112/top-13.12.33.514.ply,point_clouds/cow_112_top_cattle.ply,-0.55494,-0.10691,1.317739,-0.242159,1.8775566380383841,rear_left_head_right_pca_axis_horizontal,pca_full_axis_ratio_markers_preview_v2.0,0.7,1.3142896466268688,0.5632669914115154,0.7559353,-0.2015843,rule1_first_u_shaped_valley,0.212728394025346,1.02,0.5432592441342627,0.46241017804610696,-0.1803852695099149,0.47773397812789486,0.03179048493826955,0.2101858327176219,172,first_broad_valley_from_70pct_leftward,0.004380047030187517,,,,,,,0.35,,,,,,,0.45,0.7,0.98,0.01,0.09,pca_three_rule_with_plateau_supplement_v7.0,rule1_first_u_shaped_valley,0.22211886949271106,1.0,0.5326071020924144,0.44246213533932055,-0.17894457795089697,0.42646189632048276,-0.40048641268208285,0.22211886949271106,181,first_broad_valley_from_70pct_leftward,0.018681313575720643,,,,,,,0.35,,,,,,,0.45,0.7,0.98,0.01,0.09,pca_three_rule_with_plateau_supplement_v7.0,4,cattle_3d_extraction_66/pca_horizontal_60pct_upper_halfwidth_preview_61/groups_2cols_10cows/pca_upper_lower_three_rule_group_04_cows_110_124.png
114,dataset/114/top-13.20.39.997.ply,point_clouds/cow_114_top_cattle.ply,-0.45543,-0.083937,1.39124,-0.283379,1.8574087326875581,rear_left_head_right_pca_axis_horizontal,pca_full_axis_ratio_markers_preview_v2.0,0.7,1.3001861128812906,0.5572226198062675,0.8372389999999998,-0.22354639999999998,rule1_first_u_shaped_valley,0.21582568473818464,1.0700000000000003,0.5760713736129446,0.6083837235098164,-0.1988298268961129,0.6315583244783765,0.01574804722574122,0.20901908047791337,190,first_broad_valley_from_70pct_leftward,0.013392229273499201,,,,,,,0.35,,,,,,,0.45,0.7,0.98,0.01,0.09,pca_three_rule_with_plateau_supplement_v7.0,rule1_first_u_shaped_valley,0.22672123076702866,0.9400000000000001,0.5060813936412784,0.47913532719553953,-0.18487088531060383,0.45479080091498825,-0.4102813121339693,0.21130879033167682,168,first_broad_valley_from_70pct_leftward,0.007867783744280987,,,,,,,0.35,,,,,,,0.45,0.7,0.98,0.01,0.09,pca_three_rule_with_plateau_supplement_v7.0,4,cattle_3d_extraction_66/pca_horizontal_60pct_upper_halfwidth_preview_61/groups_2cols_10cows/pca_upper_lower_three_rule_group_04_cows_110_124.png
117,dataset/117/top-13.29.21.437.ply,point_clouds/cow_117_top_cattle.ply,-0.785554,0.014559,1.099615,0.127403,1.888543334662194,rear_left_head_right_pca_axis_horizontal,pca_full_axis_ratio_markers_preview_v2.0,0.7,1.3219803342635357,0.5665630003986583,0.5340642999999997,0.09354979999999997,rule1_first_u_shaped_valley,0.20198779038152573,1.02,0.540098805931,0.2326235258781374,0.07550590965647776,0.22055437723882915,0.2771328005077069,0.20074640123491108,172,first_broad_valley_from_70pct_leftward,0.003691451092011633,,,,,,,0.35,,,,,,,0.45,0.7,0.98,0.01,0.09,pca_three_rule_with_plateau_supplement_v7.0,rule1_first_u_shaped_valley,0.22443925995535124,1.08,0.5718693239269412,0.29251632151802787,0.07909102198921175,0.30592698749828817,-0.1449472235120232,0.21520338584664142,169,first_broad_valley_from_70pct_leftward,0.004847914142092485,,,,,,,0.35,,,,,,,0.45,0.7,0.98,0.01,0.09,pca_three_rule_with_plateau_supplement_v7.0,4,cattle_3d_extraction_66/pca_horizontal_60pct_upper_halfwidth_preview_61/groups_2cols_10cows/pca_upper_lower_three_rule_group_04_cows_110_124.png
119,dataset/119/top-13.34.35.017.ply,point_clouds/cow_119_top_cattle.ply,-0.737354,0.074637,1.188185,-0.168156,1.9407856350895636,rear_left_head_right_pca_axis_horizontal,pca_full_axis_ratio_markers_preview_v2.0,0.7,1.3585499445626945,0.5822356905268692,0.6105233000000002,-0.09531809999999998,rule1_first_u_shaped_valley,0.22665114652276155,1.0300000000000002,0.5307129140784617,0.2845544138617272,-0.054216380547851925,0.31290855603114887,0.17065421522206758,0.22875186885694265,187,first_broad_valley_from_70pct_leftward,0.006596679502226033,,,,,,,0.35,,,,,,,0.45,0.7,0.98,0.01,0.09,pca_three_rule_with_plateau_supplement_v7.0,rule1_first_u_shaped_valley,0.21503371232548954,1.1100000000000003,0.5719333345894102,0.36392594115195853,-0.06422441010496664,0.33702514429283853,-0.27756883718199565,0.21502774681379097,182,first_broad_valley_from_70pct_leftward,0.005457368817778502,,,,,,,0.35,,,,,,,0.45,0.7,0.98,0.01,0.09,pca_three_rule_with_plateau_supplement_v7.0,4,cattle_3d_extraction_66/pca_horizontal_60pct_upper_halfwidth_preview_61/groups_2cols_10cows/pca_upper_lower_three_rule_group_04_cows_110_124.png
120,dataset/120/top-13.38.22.918.ply,point_clouds/cow_120_top_cattle.ply,-0.465733,-0.181385,1.372273,-0.293081,1.8413967667105318,rear_left_head_right_pca_axis_horizontal,pca_full_axis_ratio_markers_preview_v2.0,0.7,1.2889777366973723,0.5524190300131596,0.8208712,-0.2595722,rule1_first_u_shaped_valley,0.2178061653169069,1.0700000000000003,0.5810806336493393,0.6022966911312875,-0.24628938245609658,0.6155084431453289,-0.02888428762440859,0.2084665809730692,188,first_broad_valley_from_70pct_leftward,0.005012832034309578,,,,,,,0.35,,,,,,,0.45,0.7,0.98,0.01,0.09,pca_three_rule_with_plateau_supplement_v7.0,rule1_first_u_shaped_valley,0.23093032814858314,1.0600000000000003,0.5756499735217753,0.5923151052328641,-0.24568279944248822,0.5783072637946701,-0.47618789013910323,0.2366076283672237,189,first_broad_valley_from_70pct_leftward,0.008097819410709778,,,,,,,0.35,,,,,,,0.45,0.7,0.98,0.01,0.09,pca_three_rule_with_plateau_supplement_v7.0,4,cattle_3d_extraction_66/pca_horizontal_60pct_upper_halfwidth_preview_61/groups_2cols_10cows/pca_upper_lower_three_rule_group_04_cows_110_124.png
122,dataset/122/top-13.45.51.673.ply,point_clouds/cow_122_top_cattle.ply,-0.633937,-0.076895,1.255951,0.079164,1.8963204012046595,rear_left_head_right_pca_axis_horizontal,pca_full_axis_ratio_markers_preview_v2.0,0.7,1.3274242808432615,0.5688961203613979,0.6889846,0.032346299999999995,rule1_first_u_shaped_valley,0.22888442370302653,1.0100000000000002,0.5326104171839242,0.37263703611089216,0.006223649095306025,0.35380083403450285,0.2343316868870594,0.22834753625442303,184,first_broad_valley_from_70pct_leftward,0.011318893141778613,,,,,,,0.35,,,,,,,0.45,0.7,0.98,0.01,0.09,pca_three_rule_with_plateau_supplement_v7.0,rule1_first_u_shaped_valley,0.22738776226855828,1.0900000000000003,0.5747973809212648,0.4523656726345273,0.012807304469191663,0.47107870592221757,-0.21380914862871597,0.22738776226855828,207,first_broad_valley_from_70pct_leftward,0.011039448271790098,,,,,,,0.35,,,,,,,0.45,0.7,0.98,0.01,0.09,pca_three_rule_with_plateau_supplement_v7.0,4,cattle_3d_extraction_66/pca_horizontal_60pct_upper_halfwidth_preview_61/groups_2cols_10cows/pca_upper_lower_three_rule_group_04_cows_110_124.png
123,dataset/123/top-13.47.57.125.ply,point_clouds/cow_123_top_cattle.ply,-0.637482,0.224475,1.285311,0.05015,1.930679187869906,rear_left_head_right_pca_axis_horizontal,pca_full_axis_ratio_markers_preview_v2.0,0.7,1.3514754315089341,0.5792037563609719,0.7084730999999999,0.10244750000000001,rule1_first_u_shaped_valley,0.24194960437668114,1.1700000000000004,0.6060043570940683,0.527738935789975,0.11883329044957654,0.5495850638510017,0.3597946104716368,0.24266294835552196,157,first_broad_valley_from_70pct_leftward,0.008439481115938091,,,,,,,0.35,,,,,,,0.45,0.7,0.98,0.01,0.09,pca_three_rule_with_plateau_supplement_v7.0,rule1_first_u_shaped_valley,0.19158105746092893,1.12,0.580106734996031,0.47794316930322356,0.12334789342181689,0.4606449210744625,-0.06745061859036815,0.1893915310470258,160,first_broad_valley_from_70pct_leftward,0.0033458290321084216,,,,,,,0.35,,,,,,,0.45,0.7,0.98,0.01,0.09,pca_three_rule_with_plateau_supplement_v7.0,4,cattle_3d_extraction_66/pca_horizontal_60pct_upper_halfwidth_preview_61/groups_2cols_10cows/pca_upper_lower_three_rule_group_04_cows_110_124.png
124,dataset/124/top-15.16.55.421.ply,point_clouds/cow_124_top_cattle.ply,-0.696278,0.10753,1.233042,0.175309,1.9305102059406472,rear_left_head_right_pca_axis_horizontal,pca_full_axis_ratio_markers_preview_v2.0,0.7,1.3513571441584529,0.5791530617821943,0.6542459999999999,0.15497529999999998,rule1_first_u_shaped_valley,0.2862604101576024,0.9800000000000001,0.5076378239204864,0.2831178064462727,0.14193718406750663,0.2730673833610354,0.4280211078021452,0.2789334296293299,183,first_broad_valley_from_70pct_leftward,0.007411588060767305,,,,,,,0.35,,,,,,,0.45,0.7,0.98,0.01,0.09,pca_three_rule_with_plateau_supplement_v7.0,rule1_first_u_shaped_valley,0.18078994230372614,1.12,0.5801575130519844,0.4230314930814545,0.14685249607715045,0.4293789143287996,-0.03382598488196481,0.1707737281487888,193,first_broad_valley_from_70pct_leftward,0.00808723788024937,,,,,,,0.35,,,,,,,0.45,0.7,0.98,0.01,0.09,pca_three_rule_with_plateau_supplement_v7.0,4,cattle_3d_extraction_66/pca_horizontal_60pct_upper_halfwidth_preview_61/groups_2cols_10cows/pca_upper_lower_three_rule_group_04_cows_110_124.png
125,dataset/125/top-15.19.57.964.ply,point_clouds/cow_125_top_cattle.ply,-0.591942,0.064023,1.312832,0.033581,1.9050172457067152,rear_left_head_right_pca_axis_horizontal,pca_full_axis_ratio_markers_preview_v2.0,0.7,1.3335120719947005,0.5715051737120146,0.7413997999999999,0.042713600000000004,rule1_first_u_shaped_valley,0.23494607741696236,0.9900000000000001,0.5196803347744677,0.397931589989702,0.04820289124879565,0.4016860066517275,0.2831189691343784,0.23472069961866895,174,first_broad_valley_from_70pct_leftward,0.012479418517065521,,,,,,,0.35,,,,,,,0.45,0.7,0.98,0.01,0.09,pca_three_rule_with_plateau_supplement_v7.0,rule1_first_u_shaped_valley,0.1883863717849338,1.1400000000000001,0.5984197794372659,0.5479124369578388,0.045805905074370754,0.5449020401003817,-0.14255641224268695,0.18735405139588504,178,first_broad_valley_from_70pct_leftward,0.010438587933707028,,,,,,,0.35,,,,,,,0.45,0.7,0.98,0.01,0.09,pca_three_rule_with_plateau_supplement_v7.0,5,cattle_3d_extraction_66/pca_horizontal_60pct_upper_halfwidth_preview_61/groups_2cols_10cows/pca_upper_lower_three_rule_group_05_cows_125_135.png
126,dataset/126/top-15.25.26.513.ply,point_clouds/cow_126_top_cattle.ply,-0.834608,0.485235,1.006825,-0.015347,1.9082604204387303,rear_left_head_right_pca_axis_horizontal,pca_full_axis_ratio_markers_preview_v2.0,0.7,1.3357822943071112,0.5724781261316192,0.45439509999999994,0.1348276,rule1_first_u_shaped_valley,0.21853417661037802,1.08,0.565960488637969,0.2075703204740813,0.20192536667662814,0.26489702181122127,0.4128064603303226,0.21680584200418565,186,broad_u_valley_piecewise_slope_supplement,0.0,-0.09424665767679138,0.3600405452118382,0.9483386814177506,,,,0.35,,,,,,,0.45,0.7,0.98,0.01,0.09,pca_three_rule_with_plateau_supplement_v7.0,rule1_first_u_shaped_valley,0.22529538960204337,1.08,0.565960488637969,0.2075703204740813,0.20192536667662814,0.148469992494821,-0.015480161791900898,0.22517298093719762,186,first_broad_valley_from_70pct_leftward,0.004144584325780243,,,,,,,0.35,,,,,,,0.45,0.7,0.98,0.01,0.09,pca_three_rule_with_plateau_supplement_v7.0,5,cattle_3d_extraction_66/pca_horizontal_60pct_upper_halfwidth_preview_61/groups_2cols_10cows/pca_upper_lower_three_rule_group_05_cows_125_135.png
127,dataset/127/top-15.31.00.654.ply,point_clouds/cow_127_top_cattle.ply,-0.725076,0.162861,1.127019,-0.154522,1.8790922962201724,rear_left_head_right_pca_axis_horizontal,pca_full_axis_ratio_markers_preview_v2.0,0.7,1.3153646073541205,0.5637276888660518,0.5713904999999999,-0.059307099999999974,rule1_first_u_shaped_valley,0.19011986125506158,1.0900000000000003,0.5800673028102743,0.3492637511983949,-0.021242500767833267,0.38137543195302936,0.16614587027678707,0.18905992713309408,193,first_broad_valley_from_70pct_leftward,0.005691956013280375,,,,,,,0.35,,,,,,,0.45,0.7,0.98,0.01,0.09,pca_three_rule_with_plateau_supplement_v7.0,rule1_first_u_shaped_valley,0.23565067851749222,0.92,0.489598090445369,0.1817061753234157,0.007470889260177471,0.14190423507260327,-0.22479414865561653,0.23418048219774376,179,first_broad_valley_from_70pct_leftward,0.0030379151462914256,,,,,,,0.35,,,,,,,0.45,0.7,0.98,0.01,0.09,pca_three_rule_with_plateau_supplement_v7.0,5,cattle_3d_extraction_66/pca_horizontal_60pct_upper_halfwidth_preview_61/groups_2cols_10cows/pca_upper_lower_three_rule_group_05_cows_125_135.png
128,dataset/128/top-15.34.24.764.ply,point_clouds/cow_128_top_cattle.ply,-0.781033,0.23617,1.123309,-0.054841,1.926449027377833,rear_left_head_right_pca_axis_horizontal,pca_full_axis_ratio_markers_preview_v2.0,0.7,1.348514319164483,0.57793470821335,0.5520063999999999,0.03246229999999997,rule1_first_u_shaped_valley,0.25111241124818473,1.02,0.5294715746454828,0.22726195740352784,0.08208794759084337,0.2651952081001283,0.33031871033886845,0.24700169040693215,189,first_broad_valley_from_70pct_leftward,0.0033132288171227042,,,,,,,0.35,,,,,,,0.45,0.7,0.98,0.01,0.09,pca_three_rule_with_plateau_supplement_v7.0,rule1_first_u_shaped_valley,0.2008893313381755,1.1,0.5709987569706187,0.3063439148469419,0.07000308073522324,0.2759974045727368,-0.12858093866129525,0.20381131080785367,195,first_broad_valley_from_70pct_leftward,0.006099416820440101,,,,,,,0.35,,,,,,,0.45,0.7,0.98,0.01,0.09,pca_three_rule_with_plateau_supplement_v7.0,5,cattle_3d_extraction_66/pca_horizontal_60pct_upper_halfwidth_preview_61/groups_2cols_10cows/pca_upper_lower_three_rule_group_05_cows_125_135.png
129,dataset/129/top-15.41.02.256.ply,point_clouds/cow_129_top_cattle.ply,-0.574997,0.093367,1.263045,-0.228739,1.8660521613824195,rear_left_head_right_pca_axis_horizontal,pca_full_axis_ratio_markers_preview_v2.0,0.7,1.3062365129676936,0.559815648414726,0.7116323999999998,-0.13210719999999998,rule1_first_u_shaped_valley,0.2753917483098621,0.9600000000000001,0.51445507251459,0.370593030394862,-0.07234206558738451,0.41812939423121975,0.19891594655304953,0.26927687420559476,180,first_broad_valley_from_70pct_leftward,0.010581113456899272,,,,,,,0.35,,,,,,,0.45,0.7,0.98,0.01,0.09,pca_three_rule_with_plateau_supplement_v7.0,rule1_first_u_shaped_valley,0.15452732756455384,1.1100000000000003,0.5948386775949949,0.5183414726440594,-0.09823410708541339,0.4916679527915199,-0.25044191996937515,0.15452732756455384,201,first_broad_valley_from_70pct_leftward,0.014994682079270433,,,,,,,0.35,,,,,,,0.45,0.7,0.98,0.01,0.09,pca_three_rule_with_plateau_supplement_v7.0,5,cattle_3d_extraction_66/pca_horizontal_60pct_upper_halfwidth_preview_61/groups_2cols_10cows/pca_upper_lower_three_rule_group_05_cows_125_135.png
130,dataset/130/top-15.43.36.003.ply,point_clouds/cow_130_top_cattle.ply,-0.689919,-0.034853,1.23602,0.139293,1.9337962304847425,rear_left_head_right_pca_axis_horizontal,pca_full_axis_ratio_markers_preview_v2.0,0.7,1.3536573613393197,0.5801388691454228,0.6582382999999998,0.0870492,rule1_first_u_shaped_valley,0.19846407936744043,1.1500000000000004,0.5946852009902466,0.4554084213099545,0.06870904901164748,0.43753594590603945,0.2663667466156167,0.19376726440374742,168,first_broad_valley_from_70pct_leftward,0.0030719898981366456,,,,,,,0.35,,,,,,,0.45,0.7,0.98,0.01,0.09,pca_three_rule_with_plateau_supplement_v7.0,rule1_first_u_shaped_valley,0.2315274195691597,0.9800000000000001,0.5067752147569057,0.28609915033370026,0.0533998765490561,0.30694911031018857,-0.17718682120546,0.23071131093820363,182,first_broad_valley_from_70pct_leftward,0.005061779627211466,,,,,,,0.35,,,,,,,0.45,0.7,0.98,0.01,0.09,pca_three_rule_with_plateau_supplement_v7.0,5,cattle_3d_extraction_66/pca_horizontal_60pct_upper_halfwidth_preview_61/groups_2cols_10cows/pca_upper_lower_three_rule_group_05_cows_125_135.png
132,dataset/132/top-15.54.38.811.ply,point_clouds/cow_132_top_cattle.ply,-0.509587,0.176969,1.375156,0.115254,1.885753143249137,rear_left_head_right_pca_axis_horizontal,pca_full_axis_ratio_markers_preview_v2.0,0.7,1.3200272002743958,0.5657259429747412,0.8097330999999999,0.13376849999999998,rule1_first_u_shaped_valley,0.2063014803141067,1.1400000000000001,0.6045329973762046,0.62980233507382,0.1396602460669275,0.6365539589028266,0.3458512166632738,0.20647542945886396,188,first_broad_valley_from_70pct_leftward,0.005682588130440952,,,,,,,0.35,,,,,,,0.45,0.7,0.98,0.01,0.09,pca_three_rule_with_plateau_supplement_v7.0,rule1_first_u_shaped_valley,0.2108036433514113,1.08,0.5727154711985096,0.5698344753330926,0.14162386469498398,0.5629355093173093,-0.06906685726054515,0.21252942396573202,185,first_broad_valley_from_70pct_leftward,0.005928533276508163,,,,,,,0.35,,,,,,,0.45,0.7,0.98,0.01,0.09,pca_three_rule_with_plateau_supplement_v7.0,5,cattle_3d_extraction_66/pca_horizontal_60pct_upper_halfwidth_preview_61/groups_2cols_10cows/pca_upper_lower_three_rule_group_05_cows_125_135.png
133,dataset/133/top-15.56.56.862.ply,point_clouds/cow_133_top_cattle.ply,-0.56529,0.016615,1.367925,-0.051201,1.9344041061993744,rear_left_head_right_pca_axis_horizontal,pca_full_axis_ratio_markers_preview_v2.0,0.7,1.354082874339562,0.5803212318598124,0.7879605000000002,-0.030856199999999997,rule1_first_u_shaped_valley,0.23171848049381022,1.0900000000000003,0.5634810205927347,0.5240399612251837,-0.021598028892516895,0.5321635070876058,0.20997801089783238,0.23171848049381022,197,first_broad_valley_from_70pct_leftward,0.010902055305007152,,,,,,,0.35,,,,,,,0.45,0.7,0.98,0.01,0.09,pca_three_rule_with_plateau_supplement_v7.0,rule1_first_u_shaped_valley,0.22551338209331673,0.9900000000000001,0.511785514116337,0.4241014326724145,-0.018092246425313502,0.41619542406178966,-0.24346700217895817,0.2184761044317332,172,first_broad_valley_from_70pct_leftward,0.008733574802764543,,,,,,,0.35,,,,,,,0.45,0.7,0.98,0.01,0.09,pca_three_rule_with_plateau_supplement_v7.0,5,cattle_3d_extraction_66/pca_horizontal_60pct_upper_halfwidth_preview_61/groups_2cols_10cows/pca_upper_lower_three_rule_group_05_cows_125_135.png
134,dataset/134/top-15.59.12.936.ply,point_clouds/cow_134_top_cattle.ply,-0.350787,-0.144726,1.432951,-0.138367,1.783749334835195,rear_left_head_right_pca_axis_horizontal,pca_full_axis_ratio_markers_preview_v2.0,0.7,1.2486245343846363,0.5351248004505585,0.8978295999999999,-0.1402747,rule1_first_u_shaped_valley,0.21094602206824034,0.9400000000000002,0.5269798741575139,0.5892070267699756,-0.14137493498023235,0.5884550120512394,0.06956974663150525,0.207783611973137,163,first_broad_valley_from_70pct_leftward,0.00574600948338766,,,,,,,0.35,,,,,,,0.45,0.7,0.98,0.01,0.09,pca_three_rule_with_plateau_supplement_v7.0,rule2_slow_to_fast_width_increase,0.19638166399201373,1.0600000000000003,0.5942539006457073,0.7092062642299726,-0.14094713944579393,0.7099063575541507,-0.3373275555305187,0.19638166399201373,169,slope_acceleration_boundary_from_70pct_leftward,0.0,0.02060513797285068,0.31491180166491306,0.9696046703877635,,,,0.35,,,,,,,0.45,0.7,0.98,0.01,0.09,pca_three_rule_with_plateau_supplement_v7.0,5,cattle_3d_extraction_66/pca_horizontal_60pct_upper_halfwidth_preview_61/groups_2cols_10cows/pca_upper_lower_three_rule_group_05_cows_125_135.png
135,dataset/135/top-16.01.20.638.ply,point_clouds/cow_135_top_cattle.ply,-0.638666,0.013831,1.3279,-0.131287,1.9719130473426054,rear_left_head_right_pca_axis_horizontal,pca_full_axis_ratio_markers_preview_v2.0,0.7,1.3803391331398238,0.5915739142027817,0.7379302000000001,-0.0877516,rule1_first_u_shaped_valley,0.22049480107167269,1.1100000000000003,0.5629051450802364,0.4683241195398602,-0.06785666884375374,0.4845508819648261,0.15204023763935307,0.2176690020774963,203,first_broad_valley_from_70pct_leftward,0.010006485430602008,,,,,,,0.35,,,,,,,0.45,0.7,0.98,0.01,0.09,pca_three_rule_with_plateau_supplement_v7.0,rule1_first_u_shaped_valley,0.2599719213163879,1.0100000000000002,0.5121929698477826,0.3685952799416745,-0.060497419398370514,0.34946329776404617,-0.3197643998083122,0.2534287366074067,194,first_broad_valley_from_70pct_leftward,0.005903370188523216,,,,,,,0.35,,,,,,,0.45,0.7,0.98,0.01,0.09,pca_three_rule_with_plateau_supplement_v7.0,5,cattle_3d_extraction_66/pca_horizontal_60pct_upper_halfwidth_preview_61/groups_2cols_10cows/pca_upper_lower_three_rule_group_05_cows_125_135.png
136,dataset/136/top-16.04.17.045.ply,point_clouds/cow_136_top_cattle.ply,-0.5048,0.247827,1.354695,0.209249,1.8598951360517613,rear_left_head_right_pca_axis_horizontal,pca_full_axis_ratio_markers_preview_v2.0,0.7,1.3019265952362329,0.5579685408155285,0.7968464999999999,0.2208224,rule1_first_u_shaped_valley,0.23758085983599317,1.06,0.5699246045936753,0.5549719526189162,0.2258404486039852,0.5598998618505138,0.46337019552216585,0.24199936661080163,183,first_broad_valley_from_70pct_leftward,0.004302069609934039,,,,,,,0.35,,,,,,,0.45,0.7,0.98,0.01,0.09,pca_three_rule_with_plateau_supplement_v7.0,rule1_first_u_shaped_valley,0.21225658395260572,1.1,0.5914311934462669,0.594963347057366,0.2250107674192299,0.5905607147062183,0.012799848144065873,0.20666589540422997,186,first_broad_valley_from_70pct_leftward,0.0054191640429908094,,,,,,,0.35,,,,,,,0.45,0.7,0.98,0.01,0.09,pca_three_rule_with_plateau_supplement_v7.0,6,cattle_3d_extraction_66/pca_horizontal_60pct_upper_halfwidth_preview_61/groups_2cols_10cows/pca_upper_lower_three_rule_group_06_cows_136_151.png
137,dataset/137/top-16.06.45.972.ply,point_clouds/cow_137_top_cattle.ply,-0.400321,0.123195,1.421143,-0.092447,1.8341844442312774,rear_left_head_right_pca_axis_horizontal,pca_full_axis_ratio_markers_preview_v2.0,0.7,1.283929110961894,0.5502553332693833,0.8747037999999998,-0.027754399999999985,rule1_first_u_shaped_valley,0.24673841720877793,0.9700000000000002,0.5288453966833939,0.5629518516245213,0.009153720968399573,0.5919604750108324,0.25418095679316277,0.2347087239327229,177,first_broad_valley_from_70pct_leftward,0.013219364402552336,,,,,,,0.35,,,,,,,0.45,0.7,0.98,0.01,0.09,pca_three_rule_with_plateau_supplement_v7.0,rule1_first_u_shaped_valley,0.17942087038713173,1.1000000000000003,0.5997215838677663,0.692050275038117,-0.006130161788412858,0.6709560631371773,-0.18430671174590355,0.17942087038713173,185,first_broad_valley_from_70pct_leftward,0.009667850117927673,,,,,,,0.35,,,,,,,0.45,0.7,0.98,0.01,0.09,pca_three_rule_with_plateau_supplement_v7.0,6,cattle_3d_extraction_66/pca_horizontal_60pct_upper_halfwidth_preview_61/groups_2cols_10cows/pca_upper_lower_three_rule_group_06_cows_136_151.png
138,dataset/138/top-16.13.36.500.ply,point_clouds/cow_138_top_cattle.ply,-0.759211,0.140486,1.12487,-0.133535,1.9039035487655356,rear_left_head_right_pca_axis_horizontal,pca_full_axis_ratio_markers_preview_v2.0,0.7,1.3327324841358748,0.5711710646296607,0.5596457,-0.05132869999999995,rule3_post_peak_valley,0.28012180575051815,0.92,0.4832177557505553,0.1512103924722621,0.008074187351477108,0.1915271708003094,0.2852794965397719,0.2881641884297325,223,post_peak_valley_with_left_support_confirmation,0.0,0.5500850246460147,-0.1479832982639996,0.9745642876453857,0.5567508924952053,0.027165171295781,0.00672500291455147,0.35,,,,,,,0.45,0.7,0.98,0.01,0.09,pca_three_rule_with_plateau_supplement_v7.0,rule1_first_u_shaped_valley,0.20656069295370286,1.12,0.5882650939571978,0.3491280864879712,-0.020710989311245265,0.3193986562967378,-0.2251210694296643,0.20656069295370286,210,first_broad_valley_from_70pct_leftward,0.010728745631833791,,,,,,,0.35,,,,,,,0.45,0.7,0.98,0.01,0.09,pca_three_rule_with_plateau_supplement_v7.0,6,cattle_3d_extraction_66/pca_horizontal_60pct_upper_halfwidth_preview_61/groups_2cols_10cows/pca_upper_lower_three_rule_group_06_cows_136_151.png
139,dataset/139/top-16.15.54.936.ply,point_clouds/cow_139_top_cattle.ply,-0.473889,0.023933,1.320324,-0.135157,1.801252319212664,rear_left_head_right_pca_axis_horizontal,pca_full_axis_ratio_markers_preview_v2.0,0.7,1.2608766234488646,0.5403756957637993,0.7820601,-0.08743000000000001,rule1_first_u_shaped_valley,0.21833065996445516,1.1600000000000004,0.643996394967609,0.6815777038040187,-0.07852038647539693,0.7008610792219211,0.13895703422157285,0.2200119853380422,212,first_broad_valley_from_70pct_leftward,0.018149143925942246,,,,,,,0.35,,,,,,,0.45,0.7,0.98,0.01,0.09,pca_three_rule_with_plateau_supplement_v7.0,rule1_first_u_shaped_valley,0.22606052633794793,1.0100000000000002,0.560720999066625,0.5321639058983265,-0.06527210374150938,0.5121978141123494,-0.2904491823862595,0.21131606454267357,192,first_broad_valley_from_70pct_leftward,0.0149176816181803,,,,,,,0.35,,,,,,,0.45,0.7,0.98,0.01,0.09,pca_three_rule_with_plateau_supplement_v7.0,6,cattle_3d_extraction_66/pca_horizontal_60pct_upper_halfwidth_preview_61/groups_2cols_10cows/pca_upper_lower_three_rule_group_06_cows_136_151.png
140,dataset/140/top-16.18.35.453.ply,point_clouds/cow_140_top_cattle.ply,-0.874153,0.269942,1.107827,0.165468,1.9847316032844338,rear_left_head_right_pca_axis_horizontal,pca_full_axis_ratio_markers_preview_v2.0,0.7,1.3893121222991036,0.5954194809853303,0.513233,0.1968102,rule1_first_u_shaped_valley,0.2287182998082369,1.1400000000000001,0.5743849687854371,0.26426652043336074,0.20993370477111026,0.27630598995892425,0.4383349128255196,0.23257912935605726,203,first_broad_valley_from_70pct_leftward,0.004545961024535944,,,,,,,0.35,,,,,,,0.45,0.7,0.98,0.01,0.09,pca_three_rule_with_plateau_supplement_v7.0,rule1_first_u_shaped_valley,0.22437062475793795,1.08,0.5441541809546246,0.20434970356844695,0.21309203609894656,0.1925390906814603,-0.010967524459180839,0.22292819764514346,190,first_broad_valley_from_70pct_leftward,0.006771372104926315,,,,,,,0.35,,,,,,,0.45,0.7,0.98,0.01,0.09,pca_three_rule_with_plateau_supplement_v7.0,6,cattle_3d_extraction_66/pca_horizontal_60pct_upper_halfwidth_preview_61/groups_2cols_10cows/pca_upper_lower_three_rule_group_06_cows_136_151.png
141,dataset/141/top-16.21.59.506.ply,point_clouds/cow_141_top_cattle.ply,-0.502886,-0.175024,1.4117,-0.228612,1.9153357995766693,rear_left_head_right_pca_axis_horizontal,pca_full_axis_ratio_markers_preview_v2.0,0.7,1.3407350597036685,0.5746007398730009,0.8373241999999997,-0.2125356,rule1_first_u_shaped_valley,0.20917401229515586,1.0700000000000003,0.5586487759673753,0.566695125384273,-0.20496087060653972,0.572547476169629,0.004131256002615907,0.19711604126786236,166,first_broad_valley_from_70pct_leftward,0.0031265812014482364,,,,,,,0.35,,,,,,,0.45,0.7,0.98,0.01,0.09,pca_three_rule_with_plateau_supplement_v7.0,rule1_first_u_shaped_valley,0.2297732979238487,1.06,0.5534277593695492,0.5566990401003077,-0.2046810867690954,0.5502703545967711,-0.4343644349715682,0.22769020090142264,169,first_broad_valley_from_70pct_leftward,0.004923191471361776,,,,,,,0.35,,,,,,,0.45,0.7,0.98,0.01,0.09,pca_three_rule_with_plateau_supplement_v7.0,6,cattle_3d_extraction_66/pca_horizontal_60pct_upper_halfwidth_preview_61/groups_2cols_10cows/pca_upper_lower_three_rule_group_06_cows_136_151.png
142,dataset/142/top-16.24.58.675.ply,point_clouds/cow_142_top_cattle.ply,-0.380802,0.101203,1.388818,0.029235,1.7710828149536093,rear_left_head_right_pca_axis_horizontal,pca_full_axis_ratio_markers_preview_v2.0,0.7,1.2397579704675263,0.5313248444860829,0.857932,0.05082540000000001,rule1_first_u_shaped_valley,0.2279091116699776,1.0500000000000003,0.5928576524681052,0.6683307589606083,0.05853622046717541,0.6775918521236034,0.2862570920086849,0.2192485720657887,173,first_broad_valley_from_70pct_leftward,0.009113031188938497,,,,,,,0.35,,,,,,,0.45,0.7,0.98,0.01,0.09,pca_three_rule_with_plateau_supplement_v7.0,rule1_first_u_shaped_valley,0.22202844602812352,1.0900000000000003,0.6154427058954616,0.7082977212067268,0.05691081934211543,0.6992755890574911,-0.16493424365714335,0.22727914113981096,189,first_broad_valley_from_70pct_leftward,0.00973307804026649,,,,,,,0.35,,,,,,,0.45,0.7,0.98,0.01,0.09,pca_three_rule_with_plateau_supplement_v7.0,6,cattle_3d_extraction_66/pca_horizontal_60pct_upper_halfwidth_preview_61/groups_2cols_10cows/pca_upper_lower_three_rule_group_06_cows_136_151.png
144,dataset/144/top-16.30.34.437.ply,point_clouds/cow_144_top_cattle.ply,-0.783815,-0.013733,1.138151,-0.140487,1.9261411894438059,rear_left_head_right_pca_axis_horizontal,pca_full_axis_ratio_markers_preview_v2.0,0.7,1.348298832610664,0.5778423568331419,0.5615611999999998,-0.1024608,rule1_first_u_shaped_valley,0.22951061029492564,0.9800000000000001,0.5087892857340254,0.19406070834508182,-0.07822407712393066,0.20916416392599044,0.15078903574837793,0.23223370359966716,192,first_broad_valley_from_70pct_leftward,0.004411819324160016,,,,,,,0.35,,,,,,,0.45,0.7,0.98,0.01,0.09,pca_three_rule_with_plateau_supplement_v7.0,rule1_first_u_shaped_valley,0.21580603973307774,1.1,0.5710900145994162,0.3138005909995817,-0.08612094371053441,0.29959899512995314,-0.30145919265862653,0.21653069959371044,205,first_broad_valley_from_70pct_leftward,0.012849166753787639,,,,,,,0.35,,,,,,,0.45,0.7,0.98,0.01,0.09,pca_three_rule_with_plateau_supplement_v7.0,6,cattle_3d_extraction_66/pca_horizontal_60pct_upper_halfwidth_preview_61/groups_2cols_10cows/pca_upper_lower_three_rule_group_06_cows_136_151.png
149,dataset/149/top-16.48.55.702.ply,point_clouds/cow_149_top_cattle.ply,-0.398172,0.055996,1.363238,0.128307,1.762893663503559,rear_left_head_right_pca_axis_horizontal,pca_full_axis_ratio_markers_preview_v2.0,0.7,1.2340255644524913,0.5288680990510678,0.8348150000000001,0.1066137,rule1_first_u_shaped_valley,0.1986274594494048,1.0900000000000003,0.618301615443863,0.6909106484589747,0.10070600811436119,0.6827632766023528,0.29916630131971467,0.20072139921332202,186,first_broad_valley_from_70pct_leftward,0.00906084965439713,,,,,,,0.35,,,,,,,0.45,0.7,0.98,0.01,0.09,pca_three_rule_with_plateau_supplement_v7.0,rule1_first_u_shaped_valley,0.23657256253734343,0.9600000000000002,0.5445592209413839,0.5610200573583628,0.09537362182549242,0.5707238749644911,-0.14099983960652254,0.23198250854803013,188,first_broad_valley_from_70pct_leftward,0.008918641819786188,,,,,,,0.35,,,,,,,0.45,0.7,0.98,0.01,0.09,pca_three_rule_with_plateau_supplement_v7.0,6,cattle_3d_extraction_66/pca_horizontal_60pct_upper_halfwidth_preview_61/groups_2cols_10cows/pca_upper_lower_three_rule_group_06_cows_136_151.png
151,dataset/151/top-16.53.35.598.ply,point_clouds/cow_151_top_cattle.ply,-0.49289,-0.042534,1.407079,-0.040705,1.8999698803407385,rear_left_head_right_pca_axis_horizontal,pca_full_axis_ratio_markers_preview_v2.0,0.7,1.329978916238517,0.5699909641022216,0.8370883,-0.0412537,rule1_first_u_shaped_valley,0.22985654579755296,0.9900000000000001,0.5210608916718483,0.4971095412888699,-0.04158097962913219,0.4968882706115746,0.18827545966563705,0.22653490615468452,183,first_broad_valley_from_70pct_leftward,0.008844832263150582,,,,,,,0.35,,,,,,,0.45,0.7,0.98,0.01,0.09,pca_three_rule_with_plateau_supplement_v7.0,rule1_first_u_shaped_valley,0.19560217734363544,1.0700000000000003,0.5631668223119978,0.5771095042213039,-0.04150396788199136,0.5772978000390763,-0.2371060545944189,0.19151764668572174,173,first_broad_valley_from_70pct_leftward,0.013987075817760403,,,,,,,0.35,,,,,,,0.45,0.7,0.98,0.01,0.09,pca_three_rule_with_plateau_supplement_v7.0,6,cattle_3d_extraction_66/pca_horizontal_60pct_upper_halfwidth_preview_61/groups_2cols_10cows/pca_upper_lower_three_rule_group_06_cows_136_151.png
154,dataset/154/top-17.02.57.428.ply,point_clouds/cow_154_top_cattle.ply,-0.621678,0.07674,1.311353,-0.07264,1.938794272572776,rear_left_head_right_pca_axis_horizontal,pca_full_axis_ratio_markers_preview_v2.0,0.7,1.3571559908009432,0.5816382817718329,0.7314437,-0.027826000000000004,rule1_first_u_shaped_valley,0.21582448150217778,1.1100000000000003,0.5725207752584458,0.48502240671860886,-0.008783153408106648,0.5016512267553078,0.20639976682458971,0.21905190745045994,210,first_broad_valley_from_70pct_leftward,0.006971935397559942,,,,,,,0.35,,,,,,,0.45,0.7,0.98,0.01,0.09,pca_three_rule_with_plateau_supplement_v7.0,rule1_first_u_shaped_valley,0.23501735001119767,1.0,0.515784482214816,0.3753493934401879,-0.00030788595324920953,0.3572418034594903,-0.23462662184813393,0.23086910386193907,189,first_broad_valley_from_70pct_leftward,0.008468623470988035,,,,,,,0.35,,,,,,,0.45,0.7,0.98,0.01,0.09,pca_three_rule_with_plateau_supplement_v7.0,7,cattle_3d_extraction_66/pca_horizontal_60pct_upper_halfwidth_preview_61/groups_2cols_10cows/pca_upper_lower_three_rule_group_07_cows_154_154.png
