cow_id,ground_truth_weight_kg,old_pca_projected_volume_m3,old_pca_volume_field,new_geometric_projected_volume_m3,new_geometric_projected_volume_l,difference_new_minus_pca_m3,absolute_difference_m3,difference_vs_pca_percent,absolute_difference_vs_pca_percent,projected_area_m2,projection_grid_cell_size_m,projection_grid_cell_area_m2,projection_grid_cell_count,mean_cell_height_m,median_cell_height_m,minimum_cell_height_m,maximum_cell_height_m,valid_core_point_count,height_definition,cell_height_aggregation,core_ply,method_version,status
1,415.0,0.624194,torso_projected_volume_m3,0.661123,661.123,0.036929,0.036929,5.9163,5.9163,0.5906,0.01,0.0001,5906,1.11941,1.135965,0.758413,1.205858,21804,ground_plane_z_minus_cattle_surface_z,median_height_within_each_1cm_xy_cell,cattle_3d_extraction_66/extended_geometric_core_torso_point_clouds/cow_001_core_torso.ply,extended_geometric_core_torso_1cm_column_sum_v1.0,ok
2,407.0,0.616333,torso_projected_volume_m3,0.648531,648.531,0.032198,0.032198,5.2241,5.2241,0.5917,0.01,0.0001,5917,1.096046,1.108977,0.672082,1.189802,21637,ground_plane_z_minus_cattle_surface_z,median_height_within_each_1cm_xy_cell,cattle_3d_extraction_66/extended_geometric_core_torso_point_clouds/cow_002_core_torso.ply,extended_geometric_core_torso_1cm_column_sum_v1.0,ok
4,443.0,0.663719,torso_projected_volume_m3,0.702377,702.377,0.038658,0.038658,5.8244,5.8244,0.6355,0.01,0.0001,6355,1.105235,1.120534,0.794252,1.215127,22251,ground_plane_z_minus_cattle_surface_z,median_height_within_each_1cm_xy_cell,cattle_3d_extraction_66/extended_geometric_core_torso_point_clouds/cow_004_core_torso.ply,extended_geometric_core_torso_1cm_column_sum_v1.0,ok
5,410.0,0.660843,torso_projected_volume_m3,0.696003,696.003,0.03516,0.03516,5.3204,5.3204,0.6052,0.01,0.0001,6052,1.150038,1.167895,0.896037,1.23749,22244,ground_plane_z_minus_cattle_surface_z,median_height_within_each_1cm_xy_cell,cattle_3d_extraction_66/extended_geometric_core_torso_point_clouds/cow_005_core_torso.ply,extended_geometric_core_torso_1cm_column_sum_v1.0,ok
6,441.0,0.707135,torso_projected_volume_m3,0.748753,748.753,0.041618,0.041618,5.8854,5.8854,0.6682,0.01,0.0001,6682,1.120552,1.143476,0.764605,1.213013,23637,ground_plane_z_minus_cattle_surface_z,median_height_within_each_1cm_xy_cell,cattle_3d_extraction_66/extended_geometric_core_torso_point_clouds/cow_006_core_torso.ply,extended_geometric_core_torso_1cm_column_sum_v1.0,ok
13,410.0,0.572926,torso_projected_volume_m3,0.609301,609.301,0.036375,0.036375,6.3491,6.3491,0.5667,0.01,0.0001,5667,1.075175,1.090307,0.742457,1.183323,21049,ground_plane_z_minus_cattle_surface_z,median_height_within_each_1cm_xy_cell,cattle_3d_extraction_66/extended_geometric_core_torso_point_clouds/cow_013_core_torso.ply,extended_geometric_core_torso_1cm_column_sum_v1.0,ok
16,312.0,0.506671,torso_projected_volume_m3,0.520863,520.863,0.014192,0.014192,2.801,2.801,0.5179,0.01,0.0001,5179,1.005721,1.021987,0.728198,1.107516,16541,ground_plane_z_minus_cattle_surface_z,median_height_within_each_1cm_xy_cell,cattle_3d_extraction_66/extended_geometric_core_torso_point_clouds/cow_016_core_torso.ply,extended_geometric_core_torso_1cm_column_sum_v1.0,ok
19,378.0,0.629327,torso_projected_volume_m3,0.6126,612.6,-0.016727,0.016727,-2.6579,2.6579,0.5439,0.01,0.0001,5439,1.12631,1.142638,0.702447,1.237313,19699,ground_plane_z_minus_cattle_surface_z,median_height_within_each_1cm_xy_cell,cattle_3d_extraction_66/extended_geometric_core_torso_point_clouds/cow_019_core_torso.ply,extended_geometric_core_torso_1cm_column_sum_v1.0,ok
20,441.0,0.677687,torso_projected_volume_m3,0.708381,708.381,0.030694,0.030694,4.5292,4.5292,0.6411,0.01,0.0001,6411,1.104946,1.125395,0.729594,1.189973,22119,ground_plane_z_minus_cattle_surface_z,median_height_within_each_1cm_xy_cell,cattle_3d_extraction_66/extended_geometric_core_torso_point_clouds/cow_020_core_torso.ply,extended_geometric_core_torso_1cm_column_sum_v1.0,ok
21,373.0,0.587704,torso_projected_volume_m3,0.62272,622.72,0.035016,0.035016,5.9582,5.9582,0.5903,0.01,0.0001,5903,1.054922,1.069681,0.691216,1.151817,19745,ground_plane_z_minus_cattle_surface_z,median_height_within_each_1cm_xy_cell,cattle_3d_extraction_66/extended_geometric_core_torso_point_clouds/cow_021_core_torso.ply,extended_geometric_core_torso_1cm_column_sum_v1.0,ok
22,394.0,0.655511,torso_projected_volume_m3,0.713782,713.782,0.058271,0.058271,8.8894,8.8894,0.6514,0.01,0.0001,6514,1.095766,1.11141,0.779718,1.257707,22463,ground_plane_z_minus_cattle_surface_z,median_height_within_each_1cm_xy_cell,cattle_3d_extraction_66/extended_geometric_core_torso_point_clouds/cow_022_core_torso.ply,extended_geometric_core_torso_1cm_column_sum_v1.0,ok
23,439.0,0.666327,torso_projected_volume_m3,0.676286,676.286,0.009959,0.009959,1.4946,1.4946,0.622,0.01,0.0001,6220,1.087276,1.113637,0.648922,1.182648,21848,ground_plane_z_minus_cattle_surface_z,median_height_within_each_1cm_xy_cell,cattle_3d_extraction_66/extended_geometric_core_torso_point_clouds/cow_023_core_torso.ply,extended_geometric_core_torso_1cm_column_sum_v1.0,ok
24,441.0,0.655436,torso_projected_volume_m3,0.68777,687.77,0.032334,0.032334,4.9332,4.9332,0.6411,0.01,0.0001,6411,1.072797,1.090813,0.625096,1.164346,22100,ground_plane_z_minus_cattle_surface_z,median_height_within_each_1cm_xy_cell,cattle_3d_extraction_66/extended_geometric_core_torso_point_clouds/cow_024_core_torso.ply,extended_geometric_core_torso_1cm_column_sum_v1.0,ok
25,434.0,0.647139,torso_projected_volume_m3,0.666753,666.753,0.019614,0.019614,3.0308,3.0308,0.6152,0.01,0.0001,6152,1.083798,1.106477,0.685403,1.165409,21303,ground_plane_z_minus_cattle_surface_z,median_height_within_each_1cm_xy_cell,cattle_3d_extraction_66/extended_geometric_core_torso_point_clouds/cow_025_core_torso.ply,extended_geometric_core_torso_1cm_column_sum_v1.0,ok
26,414.0,0.642201,torso_projected_volume_m3,0.671692,671.692,0.029491,0.029491,4.5921,4.5921,0.6135,0.01,0.0001,6135,1.094852,1.111595,0.756316,1.183063,22019,ground_plane_z_minus_cattle_surface_z,median_height_within_each_1cm_xy_cell,cattle_3d_extraction_66/extended_geometric_core_torso_point_clouds/cow_026_core_torso.ply,extended_geometric_core_torso_1cm_column_sum_v1.0,ok
27,400.0,0.743174,torso_projected_volume_m3,0.776705,776.705,0.033531,0.033531,4.5118,4.5118,0.6683,0.01,0.0001,6683,1.16221,1.184915,0.790688,1.266409,24461,ground_plane_z_minus_cattle_surface_z,median_height_within_each_1cm_xy_cell,cattle_3d_extraction_66/extended_geometric_core_torso_point_clouds/cow_027_core_torso.ply,extended_geometric_core_torso_1cm_column_sum_v1.0,ok
28,464.0,0.693037,torso_projected_volume_m3,0.724094,724.094,0.031057,0.031057,4.4812,4.4812,0.6333,0.01,0.0001,6333,1.143366,1.156136,0.787939,1.280497,24949,ground_plane_z_minus_cattle_surface_z,median_height_within_each_1cm_xy_cell,cattle_3d_extraction_66/extended_geometric_core_torso_point_clouds/cow_028_core_torso.ply,extended_geometric_core_torso_1cm_column_sum_v1.0,ok
39,437.0,0.733684,torso_projected_volume_m3,0.720995,720.995,-0.012689,0.012689,-1.7294,1.7294,0.6573,0.01,0.0001,6573,1.096904,1.109885,0.717841,1.25069,23276,ground_plane_z_minus_cattle_surface_z,median_height_within_each_1cm_xy_cell,cattle_3d_extraction_66/extended_geometric_core_torso_point_clouds/cow_039_core_torso.ply,extended_geometric_core_torso_1cm_column_sum_v1.0,ok
50,410.0,0.721466,torso_projected_volume_m3,0.705547,705.547,-0.015919,0.015919,-2.2065,2.2065,0.6355,0.01,0.0001,6355,1.110223,1.134334,0.828443,1.200234,22907,ground_plane_z_minus_cattle_surface_z,median_height_within_each_1cm_xy_cell,cattle_3d_extraction_66/extended_geometric_core_torso_point_clouds/cow_050_core_torso.ply,extended_geometric_core_torso_1cm_column_sum_v1.0,ok
51,431.0,0.720978,torso_projected_volume_m3,0.744041,744.041,0.023063,0.023063,3.1989,3.1989,0.6616,0.01,0.0001,6616,1.124609,1.142253,0.773475,1.218818,23451,ground_plane_z_minus_cattle_surface_z,median_height_within_each_1cm_xy_cell,cattle_3d_extraction_66/extended_geometric_core_torso_point_clouds/cow_051_core_torso.ply,extended_geometric_core_torso_1cm_column_sum_v1.0,ok
76,463.0,0.706548,torso_projected_volume_m3,0.737657,737.657,0.031109,0.031109,4.4029,4.4029,0.6566,0.01,0.0001,6566,1.123449,1.140543,0.806537,1.238028,23461,ground_plane_z_minus_cattle_surface_z,median_height_within_each_1cm_xy_cell,cattle_3d_extraction_66/extended_geometric_core_torso_point_clouds/cow_076_core_torso.ply,extended_geometric_core_torso_1cm_column_sum_v1.0,ok
82,445.0,0.678157,torso_projected_volume_m3,0.727619,727.619,0.049462,0.049462,7.2936,7.2936,0.657,0.01,0.0001,6570,1.107488,1.121955,0.840988,1.224839,22721,ground_plane_z_minus_cattle_surface_z,median_height_within_each_1cm_xy_cell,cattle_3d_extraction_66/extended_geometric_core_torso_point_clouds/cow_082_core_torso.ply,extended_geometric_core_torso_1cm_column_sum_v1.0,ok
87,451.0,0.675542,torso_projected_volume_m3,0.740369,740.369,0.064827,0.064827,9.5962,9.5962,0.663,0.01,0.0001,6630,1.116695,1.13403,0.762982,1.201539,23970,ground_plane_z_minus_cattle_surface_z,median_height_within_each_1cm_xy_cell,cattle_3d_extraction_66/extended_geometric_core_torso_point_clouds/cow_087_core_torso.ply,extended_geometric_core_torso_1cm_column_sum_v1.0,ok
97,462.0,0.515035,torso_projected_volume_m3,0.560838,560.838,0.045803,0.045803,8.8931,8.8931,0.5799,0.01,0.0001,5799,0.967128,0.984713,0.764047,1.081145,18019,ground_plane_z_minus_cattle_surface_z,median_height_within_each_1cm_xy_cell,cattle_3d_extraction_66/extended_geometric_core_torso_point_clouds/cow_097_core_torso.ply,extended_geometric_core_torso_1cm_column_sum_v1.0,ok
98,346.0,0.598014,torso_projected_volume_m3,0.616934,616.934,0.01892,0.01892,3.1638,3.1638,0.5907,0.01,0.0001,5907,1.044412,1.067884,0.570501,1.15147,20615,ground_plane_z_minus_cattle_surface_z,median_height_within_each_1cm_xy_cell,cattle_3d_extraction_66/extended_geometric_core_torso_point_clouds/cow_098_core_torso.ply,extended_geometric_core_torso_1cm_column_sum_v1.0,ok
99,407.0,0.588138,torso_projected_volume_m3,0.619023,619.023,0.030885,0.030885,5.2514,5.2514,0.5654,0.01,0.0001,5654,1.094842,1.10868,0.680965,1.209756,19468,ground_plane_z_minus_cattle_surface_z,median_height_within_each_1cm_xy_cell,cattle_3d_extraction_66/extended_geometric_core_torso_point_clouds/cow_099_core_torso.ply,extended_geometric_core_torso_1cm_column_sum_v1.0,ok
100,366.0,0.576955,torso_projected_volume_m3,0.60568,605.68,0.028725,0.028725,4.9787,4.9787,0.5755,0.01,0.0001,5755,1.052441,1.075014,0.704649,1.162579,19999,ground_plane_z_minus_cattle_surface_z,median_height_within_each_1cm_xy_cell,cattle_3d_extraction_66/extended_geometric_core_torso_point_clouds/cow_100_core_torso.ply,extended_geometric_core_torso_1cm_column_sum_v1.0,ok
102,378.0,0.587978,torso_projected_volume_m3,0.619658,619.658,0.03168,0.03168,5.388,5.388,0.5802,0.01,0.0001,5802,1.068008,1.087063,0.733047,1.16945,19506,ground_plane_z_minus_cattle_surface_z,median_height_within_each_1cm_xy_cell,cattle_3d_extraction_66/extended_geometric_core_torso_point_clouds/cow_102_core_torso.ply,extended_geometric_core_torso_1cm_column_sum_v1.0,ok
103,382.0,0.685283,torso_projected_volume_m3,0.704099,704.099,0.018816,0.018816,2.7457,2.7457,0.6306,0.01,0.0001,6306,1.116554,1.141929,0.742147,1.2163,24178,ground_plane_z_minus_cattle_surface_z,median_height_within_each_1cm_xy_cell,cattle_3d_extraction_66/extended_geometric_core_torso_point_clouds/cow_103_core_torso.ply,extended_geometric_core_torso_1cm_column_sum_v1.0,ok
104,408.0,0.470151,torso_projected_volume_m3,0.525057,525.057,0.054906,0.054906,11.6783,11.6783,0.5409,0.01,0.0001,5409,0.97071,0.986619,0.730126,1.088543,16835,ground_plane_z_minus_cattle_surface_z,median_height_within_each_1cm_xy_cell,cattle_3d_extraction_66/extended_geometric_core_torso_point_clouds/cow_104_core_torso.ply,extended_geometric_core_torso_1cm_column_sum_v1.0,ok
105,323.0,0.441382,torso_projected_volume_m3,0.468298,468.298,0.026916,0.026916,6.098,6.098,0.4741,0.01,0.0001,4741,0.987761,1.000095,0.77008,1.083832,15162,ground_plane_z_minus_cattle_surface_z,median_height_within_each_1cm_xy_cell,cattle_3d_extraction_66/extended_geometric_core_torso_point_clouds/cow_105_core_torso.ply,extended_geometric_core_torso_1cm_column_sum_v1.0,ok
107,409.0,0.509814,torso_projected_volume_m3,0.544465,544.465,0.034651,0.034651,6.7969,6.7969,0.5483,0.01,0.0001,5483,0.993006,1.000303,0.715637,1.146523,17362,ground_plane_z_minus_cattle_surface_z,median_height_within_each_1cm_xy_cell,cattle_3d_extraction_66/extended_geometric_core_torso_point_clouds/cow_107_core_torso.ply,extended_geometric_core_torso_1cm_column_sum_v1.0,ok
110,417.0,0.401728,torso_projected_volume_m3,0.429889,429.889,0.028161,0.028161,7.0099,7.0099,0.4445,0.01,0.0001,4445,0.967129,0.975555,0.702143,1.070451,13587,ground_plane_z_minus_cattle_surface_z,median_height_within_each_1cm_xy_cell,cattle_3d_extraction_66/extended_geometric_core_torso_point_clouds/cow_110_core_torso.ply,extended_geometric_core_torso_1cm_column_sum_v1.0,ok
111,243.0,0.663089,torso_projected_volume_m3,0.701424,701.424,0.038335,0.038335,5.7812,5.7812,0.6344,0.01,0.0001,6344,1.105649,1.132046,0.722354,1.197112,22218,ground_plane_z_minus_cattle_surface_z,median_height_within_each_1cm_xy_cell,cattle_3d_extraction_66/extended_geometric_core_torso_point_clouds/cow_111_core_torso.ply,extended_geometric_core_torso_1cm_column_sum_v1.0,ok
112,399.0,0.77805,torso_projected_volume_m3,0.825762,825.762,0.047712,0.047712,6.1323,6.1323,0.7207,0.01,0.0001,7207,1.145778,1.167568,0.858823,1.242346,26704,ground_plane_z_minus_cattle_surface_z,median_height_within_each_1cm_xy_cell,cattle_3d_extraction_66/extended_geometric_core_torso_point_clouds/cow_112_core_torso.ply,extended_geometric_core_torso_1cm_column_sum_v1.0,ok
114,605.0,0.758888,torso_projected_volume_m3,0.79341,793.41,0.034522,0.034522,4.549,4.549,0.6965,0.01,0.0001,6965,1.139138,1.15114,0.850155,1.245419,25215,ground_plane_z_minus_cattle_surface_z,median_height_within_each_1cm_xy_cell,cattle_3d_extraction_66/extended_geometric_core_torso_point_clouds/cow_114_core_torso.ply,extended_geometric_core_torso_1cm_column_sum_v1.0,ok
115,495.0,0.857647,torso_projected_volume_m3,0.882471,882.471,0.024824,0.024824,2.8945,2.8945,0.77,0.01,0.0001,7700,1.146066,1.171072,0.781009,1.263293,28626,ground_plane_z_minus_cattle_surface_z,median_height_within_each_1cm_xy_cell,cattle_3d_extraction_66/extended_geometric_core_torso_point_clouds/cow_115_core_torso.ply,extended_geometric_core_torso_1cm_column_sum_v1.0,ok
117,399.0,0.770864,torso_projected_volume_m3,0.811491,811.491,0.040627,0.040627,5.2704,5.2704,0.7126,0.01,0.0001,7126,1.138775,1.161131,0.809514,1.234519,25066,ground_plane_z_minus_cattle_surface_z,median_height_within_each_1cm_xy_cell,cattle_3d_extraction_66/extended_geometric_core_torso_point_clouds/cow_117_core_torso.ply,extended_geometric_core_torso_1cm_column_sum_v1.0,ok
119,495.0,0.788487,torso_projected_volume_m3,0.825273,825.273,0.036786,0.036786,4.6654,4.6654,0.7151,0.01,0.0001,7151,1.154066,1.17515,0.912994,1.235717,25997,ground_plane_z_minus_cattle_surface_z,median_height_within_each_1cm_xy_cell,cattle_3d_extraction_66/extended_geometric_core_torso_point_clouds/cow_119_core_torso.ply,extended_geometric_core_torso_1cm_column_sum_v1.0,ok
120,493.0,0.812663,torso_projected_volume_m3,0.860677,860.677,0.048014,0.048014,5.9082,5.9082,0.75,0.01,0.0001,7500,1.147569,1.167873,0.889642,1.236715,27993,ground_plane_z_minus_cattle_surface_z,median_height_within_each_1cm_xy_cell,cattle_3d_extraction_66/extended_geometric_core_torso_point_clouds/cow_120_core_torso.ply,extended_geometric_core_torso_1cm_column_sum_v1.0,ok
122,486.0,0.844534,torso_projected_volume_m3,0.877829,877.829,0.033295,0.033295,3.9424,3.9424,0.7503,0.01,0.0001,7503,1.169971,1.193836,0.930862,1.279582,28150,ground_plane_z_minus_cattle_surface_z,median_height_within_each_1cm_xy_cell,cattle_3d_extraction_66/extended_geometric_core_torso_point_clouds/cow_122_core_torso.ply,extended_geometric_core_torso_1cm_column_sum_v1.0,ok
123,545.0,0.78992,torso_projected_volume_m3,0.827155,827.155,0.037235,0.037235,4.7138,4.7138,0.7667,0.01,0.0001,7667,1.078851,1.096427,0.546073,1.274934,26282,ground_plane_z_minus_cattle_surface_z,median_height_within_each_1cm_xy_cell,cattle_3d_extraction_66/extended_geometric_core_torso_point_clouds/cow_123_core_torso.ply,extended_geometric_core_torso_1cm_column_sum_v1.0,ok
124,484.0,0.824912,torso_projected_volume_m3,0.866962,866.962,0.04205,0.04205,5.0975,5.0975,0.7539,0.01,0.0001,7539,1.149969,1.170024,0.855738,1.288678,27180,ground_plane_z_minus_cattle_surface_z,median_height_within_each_1cm_xy_cell,cattle_3d_extraction_66/extended_geometric_core_torso_point_clouds/cow_124_core_torso.ply,extended_geometric_core_torso_1cm_column_sum_v1.0,ok
125,411.0,0.790086,torso_projected_volume_m3,0.833899,833.899,0.043813,0.043813,5.5454,5.5454,0.7229,0.01,0.0001,7229,1.153547,1.175486,0.869824,1.277217,26478,ground_plane_z_minus_cattle_surface_z,median_height_within_each_1cm_xy_cell,cattle_3d_extraction_66/extended_geometric_core_torso_point_clouds/cow_125_core_torso.ply,extended_geometric_core_torso_1cm_column_sum_v1.0,ok
126,512.0,0.870737,torso_projected_volume_m3,0.907536,907.536,0.036799,0.036799,4.2262,4.2262,0.771,0.01,0.0001,7710,1.177089,1.202187,0.817094,1.291637,28796,ground_plane_z_minus_cattle_surface_z,median_height_within_each_1cm_xy_cell,cattle_3d_extraction_66/extended_geometric_core_torso_point_clouds/cow_126_core_torso.ply,extended_geometric_core_torso_1cm_column_sum_v1.0,ok
127,551.0,0.758117,torso_projected_volume_m3,0.803438,803.438,0.045321,0.045321,5.9781,5.9781,0.7043,0.01,0.0001,7043,1.140761,1.163343,0.755449,1.257825,25537,ground_plane_z_minus_cattle_surface_z,median_height_within_each_1cm_xy_cell,cattle_3d_extraction_66/extended_geometric_core_torso_point_clouds/cow_127_core_torso.ply,extended_geometric_core_torso_1cm_column_sum_v1.0,ok
128,479.0,0.835205,torso_projected_volume_m3,0.859875,859.875,0.02467,0.02467,2.9538,2.9538,0.7174,0.01,0.0001,7174,1.198599,1.215703,0.86792,1.315096,26886,ground_plane_z_minus_cattle_surface_z,median_height_within_each_1cm_xy_cell,cattle_3d_extraction_66/extended_geometric_core_torso_point_clouds/cow_128_core_torso.ply,extended_geometric_core_torso_1cm_column_sum_v1.0,ok
129,514.0,0.792209,torso_projected_volume_m3,0.854654,854.654,0.062445,0.062445,7.8824,7.8824,0.7435,0.01,0.0001,7435,1.149501,1.168315,0.874638,1.27504,26986,ground_plane_z_minus_cattle_surface_z,median_height_within_each_1cm_xy_cell,cattle_3d_extraction_66/extended_geometric_core_torso_point_clouds/cow_129_core_torso.ply,extended_geometric_core_torso_1cm_column_sum_v1.0,ok
130,548.0,0.778806,torso_projected_volume_m3,0.825822,825.822,0.047016,0.047016,6.037,6.037,0.7126,0.01,0.0001,7126,1.158886,1.177111,0.842242,1.276226,25963,ground_plane_z_minus_cattle_surface_z,median_height_within_each_1cm_xy_cell,cattle_3d_extraction_66/extended_geometric_core_torso_point_clouds/cow_130_core_torso.ply,extended_geometric_core_torso_1cm_column_sum_v1.0,ok
132,418.0,0.851554,torso_projected_volume_m3,0.892069,892.069,0.040515,0.040515,4.7578,4.7578,0.7478,0.01,0.0001,7478,1.192924,1.21433,0.734,1.289838,28682,ground_plane_z_minus_cattle_surface_z,median_height_within_each_1cm_xy_cell,cattle_3d_extraction_66/extended_geometric_core_torso_point_clouds/cow_132_core_torso.ply,extended_geometric_core_torso_1cm_column_sum_v1.0,ok
133,531.0,0.784014,torso_projected_volume_m3,0.802753,802.753,0.018739,0.018739,2.3902,2.3902,0.7476,0.01,0.0001,7476,1.073774,1.097317,0.717215,1.193416,25492,ground_plane_z_minus_cattle_surface_z,median_height_within_each_1cm_xy_cell,cattle_3d_extraction_66/extended_geometric_core_torso_point_clouds/cow_133_core_torso.ply,extended_geometric_core_torso_1cm_column_sum_v1.0,ok
134,512.0,0.671854,torso_projected_volume_m3,0.702401,702.401,0.030547,0.030547,4.5466,4.5466,0.6125,0.01,0.0001,6125,1.146776,1.162917,0.916042,1.224824,22853,ground_plane_z_minus_cattle_surface_z,median_height_within_each_1cm_xy_cell,cattle_3d_extraction_66/extended_geometric_core_torso_point_clouds/cow_134_core_torso.ply,extended_geometric_core_torso_1cm_column_sum_v1.0,ok
135,413.0,0.848236,torso_projected_volume_m3,0.869531,869.531,0.021295,0.021295,2.5105,2.5105,0.7653,0.01,0.0001,7653,1.136196,1.160375,0.906166,1.266601,27857,ground_plane_z_minus_cattle_surface_z,median_height_within_each_1cm_xy_cell,cattle_3d_extraction_66/extended_geometric_core_torso_point_clouds/cow_135_core_torso.ply,extended_geometric_core_torso_1cm_column_sum_v1.0,ok
136,563.0,0.806874,torso_projected_volume_m3,0.832418,832.418,0.025544,0.025544,3.1658,3.1658,0.7223,0.01,0.0001,7223,1.152454,1.177954,0.687979,1.246655,26642,ground_plane_z_minus_cattle_surface_z,median_height_within_each_1cm_xy_cell,cattle_3d_extraction_66/extended_geometric_core_torso_point_clouds/cow_136_core_torso.ply,extended_geometric_core_torso_1cm_column_sum_v1.0,ok
137,511.0,0.723353,torso_projected_volume_m3,0.791569,791.569,0.068216,0.068216,9.4305,9.4305,0.7073,0.01,0.0001,7073,1.119142,1.139516,0.19289,1.233627,24910,ground_plane_z_minus_cattle_surface_z,median_height_within_each_1cm_xy_cell,cattle_3d_extraction_66/extended_geometric_core_torso_point_clouds/cow_137_core_torso.ply,extended_geometric_core_torso_1cm_column_sum_v1.0,ok
138,495.0,0.832522,torso_projected_volume_m3,0.907523,907.523,0.075001,0.075001,9.0089,9.0089,0.7625,0.01,0.0001,7625,1.190194,1.210369,0.884022,1.308695,28627,ground_plane_z_minus_cattle_surface_z,median_height_within_each_1cm_xy_cell,cattle_3d_extraction_66/extended_geometric_core_torso_point_clouds/cow_138_core_torso.ply,extended_geometric_core_torso_1cm_column_sum_v1.0,ok
139,519.0,0.82124,torso_projected_volume_m3,0.82779,827.79,0.00655,0.00655,0.7976,0.7976,0.726,0.01,0.0001,7260,1.140207,1.166168,0.863295,1.249261,26700,ground_plane_z_minus_cattle_surface_z,median_height_within_each_1cm_xy_cell,cattle_3d_extraction_66/extended_geometric_core_torso_point_clouds/cow_139_core_torso.ply,extended_geometric_core_torso_1cm_column_sum_v1.0,ok
140,549.0,0.896965,torso_projected_volume_m3,0.946563,946.563,0.049598,0.049598,5.5295,5.5295,0.8105,0.01,0.0001,8105,1.167875,1.193237,0.682116,1.264216,29154,ground_plane_z_minus_cattle_surface_z,median_height_within_each_1cm_xy_cell,cattle_3d_extraction_66/extended_geometric_core_torso_point_clouds/cow_140_core_torso.ply,extended_geometric_core_torso_1cm_column_sum_v1.0,ok
141,488.0,0.75239,torso_projected_volume_m3,0.785536,785.536,0.033146,0.033146,4.4055,4.4055,0.6947,0.01,0.0001,6947,1.130756,1.149451,0.78468,1.219533,25549,ground_plane_z_minus_cattle_surface_z,median_height_within_each_1cm_xy_cell,cattle_3d_extraction_66/extended_geometric_core_torso_point_clouds/cow_141_core_torso.ply,extended_geometric_core_torso_1cm_column_sum_v1.0,ok
142,526.0,0.78362,torso_projected_volume_m3,0.829353,829.353,0.045733,0.045733,5.8361,5.8361,0.7466,0.01,0.0001,7466,1.11084,1.13751,0.779805,1.208489,26193,ground_plane_z_minus_cattle_surface_z,median_height_within_each_1cm_xy_cell,cattle_3d_extraction_66/extended_geometric_core_torso_point_clouds/cow_142_core_torso.ply,extended_geometric_core_torso_1cm_column_sum_v1.0,ok
144,543.0,0.839116,torso_projected_volume_m3,0.859923,859.923,0.020807,0.020807,2.4797,2.4797,0.7353,0.01,0.0001,7353,1.169486,1.184563,0.918918,1.279799,28009,ground_plane_z_minus_cattle_surface_z,median_height_within_each_1cm_xy_cell,cattle_3d_extraction_66/extended_geometric_core_torso_point_clouds/cow_144_core_torso.ply,extended_geometric_core_torso_1cm_column_sum_v1.0,ok
147,530.0,0.813021,torso_projected_volume_m3,0.869491,869.491,0.05647,0.05647,6.9457,6.9457,0.7632,0.01,0.0001,7632,1.13927,1.154903,0.81652,1.22643,27640,ground_plane_z_minus_cattle_surface_z,median_height_within_each_1cm_xy_cell,cattle_3d_extraction_66/extended_geometric_core_torso_point_clouds/cow_147_core_torso.ply,extended_geometric_core_torso_1cm_column_sum_v1.0,ok
149,520.0,0.816803,torso_projected_volume_m3,0.86418,864.18,0.047377,0.047377,5.8003,5.8003,0.733,0.01,0.0001,7330,1.178963,1.195597,0.826404,1.291397,27184,ground_plane_z_minus_cattle_surface_z,median_height_within_each_1cm_xy_cell,cattle_3d_extraction_66/extended_geometric_core_torso_point_clouds/cow_149_core_torso.ply,extended_geometric_core_torso_1cm_column_sum_v1.0,ok
150,511.0,0.816479,torso_projected_volume_m3,0.864741,864.741,0.048262,0.048262,5.911,5.911,0.7389,0.01,0.0001,7389,1.170309,1.197667,0.804341,1.263623,29654,ground_plane_z_minus_cattle_surface_z,median_height_within_each_1cm_xy_cell,cattle_3d_extraction_66/extended_geometric_core_torso_point_clouds/cow_150_core_torso.ply,extended_geometric_core_torso_1cm_column_sum_v1.0,ok
151,532.0,0.82598,torso_projected_volume_m3,0.849034,849.034,0.023054,0.023054,2.7911,2.7911,0.7348,0.01,0.0001,7348,1.155463,1.177935,0.850147,1.281771,26760,ground_plane_z_minus_cattle_surface_z,median_height_within_each_1cm_xy_cell,cattle_3d_extraction_66/extended_geometric_core_torso_point_clouds/cow_151_core_torso.ply,extended_geometric_core_torso_1cm_column_sum_v1.0,ok
154,535.0,0.848519,torso_projected_volume_m3,0.891353,891.353,0.042834,0.042834,5.048,5.048,0.7635,0.01,0.0001,7635,1.167456,1.191088,0.8769,1.266565,28109,ground_plane_z_minus_cattle_surface_z,median_height_within_each_1cm_xy_cell,cattle_3d_extraction_66/extended_geometric_core_torso_point_clouds/cow_154_core_torso.ply,extended_geometric_core_torso_1cm_column_sum_v1.0,ok
