cow_id,ground_truth_weight_kg,pca_rear70_torso_analysis_eligible,pca_rear70_torso_method_version,pca_rear70_torso_recorded_on,pca_rear70_torso_start_ratio_from_rear,pca_rear70_torso_end_ratio_from_rear,pca_rear70_torso_full_length_m,pca_rear70_torso_start_x_m,pca_rear70_torso_start_y_m,pca_rear70_torso_end_x_m,pca_rear70_torso_end_y_m,pca_rear70_torso_length_m,pca_rear70_torso_projection_grid_cell_size_m,pca_rear70_torso_projection_grid_cell_count,pca_rear70_torso_projected_area_m2,pca_rear70_torso_projection_mean_height_m,pca_rear70_torso_projection_median_height_m,pca_rear70_torso_projected_volume_m3,pca_rear70_torso_projected_volume_l,pca_rear70_torso_height_definition,pca_rear70_torso_cell_height_aggregation,pca_rear70_torso_region_definition,pca_rear70_torso_status,source_top_ply,extracted_top_ply
1,415.0,TRUE,pca_rear_endpoint_to_70pct_1cm_column_sum_v1.0,2026-09-06,0.0,0.7,1.84373,-0.486376,-0.303977,0.802584,-0.23872,1.290611,0.01,6179,0.6179,1.118213,1.133692,0.690944,690.944,ground_plane_z_minus_cattle_surface_z,median_height_within_each_1cm_xy_cell,PCA rear endpoint 0pct through 70pct of full PCA endpoint length,ok,dataset/1/top-12.09.07.765.ply,point_clouds/cow_001_top_cattle.ply
2,407.0,TRUE,pca_rear_endpoint_to_70pct_1cm_column_sum_v1.0,2026-09-06,0.0,0.7,1.787322,-0.555054,-0.353789,0.683539,-0.177147,1.251126,0.01,6228,0.6228,1.096846,1.109018,0.683116,683.116,ground_plane_z_minus_cattle_surface_z,median_height_within_each_1cm_xy_cell,PCA rear endpoint 0pct through 70pct of full PCA endpoint length,ok,dataset/2/top-12.15.22.142.ply,point_clouds/cow_002_top_cattle.ply
4,443.0,TRUE,pca_rear_endpoint_to_70pct_1cm_column_sum_v1.0,2026-09-06,0.0,0.7,1.726662,-0.213509,0.051017,0.994387,0.007939,1.208663,0.01,6285,0.6285,1.106568,1.124759,0.695478,695.478,ground_plane_z_minus_cattle_surface_z,median_height_within_each_1cm_xy_cell,PCA rear endpoint 0pct through 70pct of full PCA endpoint length,ok,dataset/4/top-12.24.08.106.ply,point_clouds/cow_004_top_cattle.ply
6,441.0,TRUE,pca_rear_endpoint_to_70pct_1cm_column_sum_v1.0,2026-09-06,0.0,0.7,1.875454,-0.406953,-0.087146,0.892949,0.09655,1.312817,0.01,6504,0.6504,1.113322,1.143495,0.724104,724.104,ground_plane_z_minus_cattle_surface_z,median_height_within_each_1cm_xy_cell,PCA rear endpoint 0pct through 70pct of full PCA endpoint length,ok,dataset/6/top-12.31.11.495.ply,point_clouds/cow_006_top_cattle.ply
13,410.0,TRUE,pca_rear_endpoint_to_70pct_1cm_column_sum_v1.0,2026-09-06,0.0,0.7,1.760657,-0.341282,-0.391514,0.890424,-0.434609,1.23246,0.01,5968,0.5968,1.075205,1.089336,0.641682,641.682,ground_plane_z_minus_cattle_surface_z,median_height_within_each_1cm_xy_cell,PCA rear endpoint 0pct through 70pct of full PCA endpoint length,ok,dataset/13/top-12.59.51.546.ply,point_clouds/cow_013_top_cattle.ply
16,312.0,TRUE,pca_rear_endpoint_to_70pct_1cm_column_sum_v1.0,2026-09-06,0.0,0.7,1.689478,-0.147767,0.102313,1.034868,0.10199,1.182635,0.01,5179,0.5179,1.000146,1.021528,0.517976,517.976,ground_plane_z_minus_cattle_surface_z,median_height_within_each_1cm_xy_cell,PCA rear endpoint 0pct through 70pct of full PCA endpoint length,ok,dataset/16/top-13.12.28.405.ply,point_clouds/cow_016_top_cattle.ply
20,441.0,TRUE,pca_rear_endpoint_to_70pct_1cm_column_sum_v1.0,2026-09-06,0.0,0.7,1.820998,-0.661809,0.144242,0.601142,-0.028416,1.274699,0.01,6505,0.6505,1.105136,1.124977,0.718891,718.891,ground_plane_z_minus_cattle_surface_z,median_height_within_each_1cm_xy_cell,PCA rear endpoint 0pct through 70pct of full PCA endpoint length,ok,dataset/20/top-13.27.56.530.ply,point_clouds/cow_020_top_cattle.ply
21,373.0,TRUE,pca_rear_endpoint_to_70pct_1cm_column_sum_v1.0,2026-09-06,0.0,0.7,1.815219,-0.618353,-0.023718,0.644651,-0.162933,1.270653,0.01,6041,0.6041,1.056665,1.071836,0.638331,638.331,ground_plane_z_minus_cattle_surface_z,median_height_within_each_1cm_xy_cell,PCA rear endpoint 0pct through 70pct of full PCA endpoint length,ok,dataset/21/top-13.31.25.505.ply,point_clouds/cow_021_top_cattle.ply
22,394.0,TRUE,pca_rear_endpoint_to_70pct_1cm_column_sum_v1.0,2026-09-06,0.0,0.7,1.800259,-0.768845,0.122188,0.491214,0.10468,1.260181,0.01,6127,0.6127,1.106503,1.119441,0.677954,677.954,ground_plane_z_minus_cattle_surface_z,median_height_within_each_1cm_xy_cell,PCA rear endpoint 0pct through 70pct of full PCA endpoint length,ok,dataset/22/top-13.41.45.435.ply,point_clouds/cow_022_top_cattle.ply
23,439.0,TRUE,pca_rear_endpoint_to_70pct_1cm_column_sum_v1.0,2026-09-06,0.0,0.7,1.759303,-0.357773,0.254446,0.87367,0.267518,1.231512,0.01,6257,0.6257,1.088306,1.114201,0.680953,680.953,ground_plane_z_minus_cattle_surface_z,median_height_within_each_1cm_xy_cell,PCA rear endpoint 0pct through 70pct of full PCA endpoint length,ok,dataset/23/top-13.45.59.353.ply,point_clouds/cow_023_top_cattle.ply
24,441.0,TRUE,pca_rear_endpoint_to_70pct_1cm_column_sum_v1.0,2026-09-06,0.0,0.7,1.848355,-0.676322,0.306908,0.616764,0.262495,1.293849,0.01,6417,0.6417,1.0744,1.092757,0.689442,689.442,ground_plane_z_minus_cattle_surface_z,median_height_within_each_1cm_xy_cell,PCA rear endpoint 0pct through 70pct of full PCA endpoint length,ok,dataset/24/top-13.49.32.005.ply,point_clouds/cow_024_top_cattle.ply
25,434.0,TRUE,pca_rear_endpoint_to_70pct_1cm_column_sum_v1.0,2026-09-06,0.0,0.7,1.795438,-0.325817,-0.192407,0.910162,0.035452,1.256807,0.01,6056,0.6056,1.083923,1.108042,0.656424,656.424,ground_plane_z_minus_cattle_surface_z,median_height_within_each_1cm_xy_cell,PCA rear endpoint 0pct through 70pct of full PCA endpoint length,ok,dataset/25/top-13.52.04.612.ply,point_clouds/cow_025_top_cattle.ply
26,414.0,TRUE,pca_rear_endpoint_to_70pct_1cm_column_sum_v1.0,2026-09-06,0.0,0.7,1.812911,-0.577123,-0.23342,0.686387,-0.351737,1.269037,0.01,6058,0.6058,1.095798,1.113041,0.663834,663.834,ground_plane_z_minus_cattle_surface_z,median_height_within_each_1cm_xy_cell,PCA rear endpoint 0pct through 70pct of full PCA endpoint length,ok,dataset/26/top-13.56.26.514.ply,point_clouds/cow_026_top_cattle.ply
27,400.0,TRUE,pca_rear_endpoint_to_70pct_1cm_column_sum_v1.0,2026-09-06,0.0,0.7,1.765044,-1.014312,-0.10314,0.208451,0.074024,1.235531,0.01,6354,0.6354,1.171463,1.191087,0.744348,744.348,ground_plane_z_minus_cattle_surface_z,median_height_within_each_1cm_xy_cell,PCA rear endpoint 0pct through 70pct of full PCA endpoint length,ok,dataset/27/top-15.30.41.933.ply,point_clouds/cow_027_top_cattle.ply
28,464.0,TRUE,pca_rear_endpoint_to_70pct_1cm_column_sum_v1.0,2026-09-06,0.0,0.7,1.732994,-0.263133,-0.491132,0.920214,-0.224125,1.213096,0.01,6155,0.6155,1.146105,1.160817,0.705428,705.428,ground_plane_z_minus_cattle_surface_z,median_height_within_each_1cm_xy_cell,PCA rear endpoint 0pct through 70pct of full PCA endpoint length,ok,dataset/28/top-15.36.47.071.ply,point_clouds/cow_028_top_cattle.ply
39,437.0,TRUE,pca_rear_endpoint_to_70pct_1cm_column_sum_v1.0,2026-09-06,0.0,0.7,1.791822,-0.373061,-0.188896,0.878863,-0.112128,1.254276,0.01,6507,0.6507,1.10147,1.115417,0.716726,716.726,ground_plane_z_minus_cattle_surface_z,median_height_within_each_1cm_xy_cell,PCA rear endpoint 0pct through 70pct of full PCA endpoint length,ok,dataset/39/top-16.21.22.404.ply,point_clouds/cow_039_top_cattle.ply
50,410.0,TRUE,pca_rear_endpoint_to_70pct_1cm_column_sum_v1.0,2026-09-06,0.0,0.7,1.836037,-0.31553,-0.223781,0.930392,0.091628,1.285226,0.01,6796,0.6796,1.104311,1.130707,0.75049,750.49,ground_plane_z_minus_cattle_surface_z,median_height_within_each_1cm_xy_cell,PCA rear endpoint 0pct through 70pct of full PCA endpoint length,ok,dataset/50/top-17.57.16.387.ply,point_clouds/cow_050_top_cattle.ply
51,431.0,TRUE,pca_rear_endpoint_to_70pct_1cm_column_sum_v1.0,2026-09-06,0.0,0.7,1.833864,-0.416913,-0.00153,0.863355,-0.095408,1.283705,0.01,6597,0.6597,1.124282,1.142491,0.741689,741.689,ground_plane_z_minus_cattle_surface_z,median_height_within_each_1cm_xy_cell,PCA rear endpoint 0pct through 70pct of full PCA endpoint length,ok,dataset/51/top-18.00.21.471.ply,point_clouds/cow_051_top_cattle.ply
76,463.0,TRUE,pca_rear_endpoint_to_70pct_1cm_column_sum_v1.0,2026-09-06,0.0,0.7,1.716593,-0.269779,-0.054054,0.931709,-0.071538,1.201615,0.01,6738,0.6738,1.125823,1.14303,0.758579,758.579,ground_plane_z_minus_cattle_surface_z,median_height_within_each_1cm_xy_cell,PCA rear endpoint 0pct through 70pct of full PCA endpoint length,ok,dataset/76/top-19.45.11.274.ply,point_clouds/cow_076_top_cattle.ply
82,445.0,TRUE,pca_rear_endpoint_to_70pct_1cm_column_sum_v1.0,2026-09-06,0.0,0.7,1.767118,-0.359781,0.091753,0.876851,0.121209,1.236983,0.01,6389,0.6389,1.112229,1.128023,0.710603,710.603,ground_plane_z_minus_cattle_surface_z,median_height_within_each_1cm_xy_cell,PCA rear endpoint 0pct through 70pct of full PCA endpoint length,ok,dataset/82/top-20.14.10.429.ply,point_clouds/cow_082_top_cattle.ply
87,451.0,TRUE,pca_rear_endpoint_to_70pct_1cm_column_sum_v1.0,2026-09-06,0.0,0.7,1.788786,-0.332458,-0.148835,0.916755,-0.234546,1.25215,0.01,6360,0.636,1.118474,1.137975,0.71135,711.35,ground_plane_z_minus_cattle_surface_z,median_height_within_each_1cm_xy_cell,PCA rear endpoint 0pct through 70pct of full PCA endpoint length,ok,dataset/87/top-20.31.00.342.ply,point_clouds/cow_087_top_cattle.ply
97,462.0,TRUE,pca_rear_endpoint_to_70pct_1cm_column_sum_v1.0,2026-09-06,0.0,0.7,1.67619,-0.742898,-0.136393,0.430195,-0.112649,1.173333,0.01,5838,0.5838,0.969358,0.987103,0.565911,565.911,ground_plane_z_minus_cattle_surface_z,median_height_within_each_1cm_xy_cell,PCA rear endpoint 0pct through 70pct of full PCA endpoint length,ok,dataset/97/top-12.01.06.363.ply,point_clouds/cow_097_top_cattle.ply
98,346.0,TRUE,pca_rear_endpoint_to_70pct_1cm_column_sum_v1.0,2026-09-06,0.0,0.7,1.780418,-0.711199,-0.191019,0.523299,-0.362071,1.246292,0.01,6141,0.6141,1.046953,1.069681,0.642934,642.934,ground_plane_z_minus_cattle_surface_z,median_height_within_each_1cm_xy_cell,PCA rear endpoint 0pct through 70pct of full PCA endpoint length,ok,dataset/98/top-12.04.46.910.ply,point_clouds/cow_098_top_cattle.ply
99,407.0,TRUE,pca_rear_endpoint_to_70pct_1cm_column_sum_v1.0,2026-09-06,0.0,0.7,1.76541,-0.393508,0.229285,0.837196,0.117319,1.235787,0.01,5801,0.5801,1.097441,1.110825,0.636625,636.625,ground_plane_z_minus_cattle_surface_z,median_height_within_each_1cm_xy_cell,PCA rear endpoint 0pct through 70pct of full PCA endpoint length,ok,dataset/99/top-12.07.51.258.ply,point_clouds/cow_099_top_cattle.ply
100,366.0,TRUE,pca_rear_endpoint_to_70pct_1cm_column_sum_v1.0,2026-09-06,0.0,0.7,1.777309,-0.411201,0.420829,0.832,0.373132,1.244116,0.01,5870,0.587,1.054509,1.077005,0.618997,618.997,ground_plane_z_minus_cattle_surface_z,median_height_within_each_1cm_xy_cell,PCA rear endpoint 0pct through 70pct of full PCA endpoint length,ok,dataset/100/top-12.13.31.354.ply,point_clouds/cow_100_top_cattle.ply
102,378.0,TRUE,pca_rear_endpoint_to_70pct_1cm_column_sum_v1.0,2026-09-06,0.0,0.7,1.805352,-0.66284,0.284038,0.582328,0.068139,1.263746,0.01,6173,0.6173,1.069374,1.087355,0.660124,660.124,ground_plane_z_minus_cattle_surface_z,median_height_within_each_1cm_xy_cell,PCA rear endpoint 0pct through 70pct of full PCA endpoint length,ok,dataset/102/top-12.19.51.759.ply,point_clouds/cow_102_top_cattle.ply
103,382.0,TRUE,pca_rear_endpoint_to_70pct_1cm_column_sum_v1.0,2026-09-06,0.0,0.7,1.88273,-0.846334,-0.310981,0.46301,-0.461004,1.317911,0.01,6393,0.6393,1.116364,1.141937,0.713691,713.691,ground_plane_z_minus_cattle_surface_z,median_height_within_each_1cm_xy_cell,PCA rear endpoint 0pct through 70pct of full PCA endpoint length,ok,dataset/103/top-12.24.09.127.ply,point_clouds/cow_103_top_cattle.ply
104,408.0,TRUE,pca_rear_endpoint_to_70pct_1cm_column_sum_v1.0,2026-09-06,0.0,0.7,1.613136,-0.048805,-0.055168,1.071954,0.0826,1.129195,0.01,5424,0.5424,0.971866,0.986787,0.52714,527.14,ground_plane_z_minus_cattle_surface_z,median_height_within_each_1cm_xy_cell,PCA rear endpoint 0pct through 70pct of full PCA endpoint length,ok,dataset/104/top-12.28.17.838.ply,point_clouds/cow_104_top_cattle.ply
105,323.0,TRUE,pca_rear_endpoint_to_70pct_1cm_column_sum_v1.0,2026-09-06,0.0,0.7,1.605518,-0.327314,-0.061804,0.78809,-0.199431,1.123862,0.01,4841,0.4841,0.986599,0.998589,0.477613,477.613,ground_plane_z_minus_cattle_surface_z,median_height_within_each_1cm_xy_cell,PCA rear endpoint 0pct through 70pct of full PCA endpoint length,ok,dataset/105/top-12.31.06.345.ply,point_clouds/cow_105_top_cattle.ply
107,409.0,TRUE,pca_rear_endpoint_to_70pct_1cm_column_sum_v1.0,2026-09-06,0.0,0.7,1.706385,-0.518245,0.062388,0.637989,-0.237412,1.19447,0.01,5584,0.5584,0.998,1.00608,0.557283,557.283,ground_plane_z_minus_cattle_surface_z,median_height_within_each_1cm_xy_cell,PCA rear endpoint 0pct through 70pct of full PCA endpoint length,ok,dataset/107/top-12.35.51.048.ply,point_clouds/cow_107_top_cattle.ply
110,417.0,TRUE,pca_rear_endpoint_to_70pct_1cm_column_sum_v1.0,2026-09-06,0.0,0.7,1.644509,-0.478113,-0.093599,0.664055,0.049975,1.151156,0.01,4718,0.4718,0.970507,0.978302,0.457885,457.885,ground_plane_z_minus_cattle_surface_z,median_height_within_each_1cm_xy_cell,PCA rear endpoint 0pct through 70pct of full PCA endpoint length,ok,dataset/110/top-12.43.43.056.ply,point_clouds/cow_110_top_cattle.ply
111,243.0,TRUE,pca_rear_endpoint_to_70pct_1cm_column_sum_v1.0,2026-09-06,0.0,0.7,1.81529,-0.354857,0.317676,0.844109,-0.103235,1.270703,0.01,6348,0.6348,1.106034,1.132357,0.702111,702.111,ground_plane_z_minus_cattle_surface_z,median_height_within_each_1cm_xy_cell,PCA rear endpoint 0pct through 70pct of full PCA endpoint length,ok,dataset/111/top-12.46.25.999.ply,point_clouds/cow_111_top_cattle.ply
112,399.0,TRUE,pca_rear_endpoint_to_70pct_1cm_column_sum_v1.0,2026-09-06,0.0,0.7,1.877557,-0.55494,-0.10691,0.755935,-0.201584,1.31429,0.01,6931,0.6931,1.149053,1.172752,0.796409,796.409,ground_plane_z_minus_cattle_surface_z,median_height_within_each_1cm_xy_cell,PCA rear endpoint 0pct through 70pct of full PCA endpoint length,ok,dataset/112/top-13.12.33.514.ply,point_clouds/cow_112_top_cattle.ply
114,605.0,TRUE,pca_rear_endpoint_to_70pct_1cm_column_sum_v1.0,2026-09-06,0.0,0.7,1.857409,-0.45543,-0.083937,0.837239,-0.223546,1.300186,0.01,6830,0.683,1.143403,1.156834,0.780944,780.944,ground_plane_z_minus_cattle_surface_z,median_height_within_each_1cm_xy_cell,PCA rear endpoint 0pct through 70pct of full PCA endpoint length,ok,dataset/114/top-13.20.39.997.ply,point_clouds/cow_114_top_cattle.ply
117,399.0,TRUE,pca_rear_endpoint_to_70pct_1cm_column_sum_v1.0,2026-09-06,0.0,0.7,1.888543,-0.785554,0.014559,0.534064,0.09355,1.32198,0.01,6912,0.6912,1.142112,1.165531,0.789428,789.428,ground_plane_z_minus_cattle_surface_z,median_height_within_each_1cm_xy_cell,PCA rear endpoint 0pct through 70pct of full PCA endpoint length,ok,dataset/117/top-13.29.21.437.ply,point_clouds/cow_117_top_cattle.ply
119,495.0,TRUE,pca_rear_endpoint_to_70pct_1cm_column_sum_v1.0,2026-09-06,0.0,0.7,1.940786,-0.737354,0.074637,0.610523,-0.095318,1.35855,0.01,7103,0.7103,1.153563,1.175559,0.819376,819.376,ground_plane_z_minus_cattle_surface_z,median_height_within_each_1cm_xy_cell,PCA rear endpoint 0pct through 70pct of full PCA endpoint length,ok,dataset/119/top-13.34.35.017.ply,point_clouds/cow_119_top_cattle.ply
120,493.0,TRUE,pca_rear_endpoint_to_70pct_1cm_column_sum_v1.0,2026-09-06,0.0,0.7,1.841397,-0.465733,-0.181385,0.820871,-0.259572,1.288978,0.01,7142,0.7142,1.149851,1.172522,0.821224,821.224,ground_plane_z_minus_cattle_surface_z,median_height_within_each_1cm_xy_cell,PCA rear endpoint 0pct through 70pct of full PCA endpoint length,ok,dataset/120/top-13.38.22.918.ply,point_clouds/cow_120_top_cattle.ply
122,486.0,TRUE,pca_rear_endpoint_to_70pct_1cm_column_sum_v1.0,2026-09-06,0.0,0.7,1.89632,-0.633937,-0.076895,0.688985,0.032346,1.327424,0.01,7265,0.7265,1.170791,1.196575,0.85058,850.58,ground_plane_z_minus_cattle_surface_z,median_height_within_each_1cm_xy_cell,PCA rear endpoint 0pct through 70pct of full PCA endpoint length,ok,dataset/122/top-13.45.51.673.ply,point_clouds/cow_122_top_cattle.ply
123,545.0,TRUE,pca_rear_endpoint_to_70pct_1cm_column_sum_v1.0,2026-09-06,0.0,0.7,1.930679,-0.637482,0.224475,0.708473,0.102448,1.351475,0.01,7270,0.727,1.090758,1.103724,0.792981,792.981,ground_plane_z_minus_cattle_surface_z,median_height_within_each_1cm_xy_cell,PCA rear endpoint 0pct through 70pct of full PCA endpoint length,ok,dataset/123/top-13.47.57.125.ply,point_clouds/cow_123_top_cattle.ply
124,484.0,TRUE,pca_rear_endpoint_to_70pct_1cm_column_sum_v1.0,2026-09-06,0.0,0.7,1.93051,-0.696278,0.10753,0.654246,0.154975,1.351357,0.01,7317,0.7317,1.152371,1.172709,0.84319,843.19,ground_plane_z_minus_cattle_surface_z,median_height_within_each_1cm_xy_cell,PCA rear endpoint 0pct through 70pct of full PCA endpoint length,ok,dataset/124/top-15.16.55.421.ply,point_clouds/cow_124_top_cattle.ply
125,411.0,TRUE,pca_rear_endpoint_to_70pct_1cm_column_sum_v1.0,2026-09-06,0.0,0.7,1.905017,-0.591942,0.064023,0.7414,0.042714,1.333512,0.01,6953,0.6953,1.159739,1.181269,0.806367,806.367,ground_plane_z_minus_cattle_surface_z,median_height_within_each_1cm_xy_cell,PCA rear endpoint 0pct through 70pct of full PCA endpoint length,ok,dataset/125/top-15.19.57.964.ply,point_clouds/cow_125_top_cattle.ply
126,512.0,TRUE,pca_rear_endpoint_to_70pct_1cm_column_sum_v1.0,2026-09-06,0.0,0.7,1.90826,-0.834608,0.485235,0.454395,0.134828,1.335782,0.01,7392,0.7392,1.181141,1.207739,0.8731,873.1,ground_plane_z_minus_cattle_surface_z,median_height_within_each_1cm_xy_cell,PCA rear endpoint 0pct through 70pct of full PCA endpoint length,ok,dataset/126/top-15.25.26.513.ply,point_clouds/cow_126_top_cattle.ply
127,551.0,TRUE,pca_rear_endpoint_to_70pct_1cm_column_sum_v1.0,2026-09-06,0.0,0.7,1.879092,-0.725076,0.162861,0.57139,-0.059307,1.315365,0.01,6843,0.6843,1.142998,1.166205,0.782154,782.154,ground_plane_z_minus_cattle_surface_z,median_height_within_each_1cm_xy_cell,PCA rear endpoint 0pct through 70pct of full PCA endpoint length,ok,dataset/127/top-15.31.00.654.ply,point_clouds/cow_127_top_cattle.ply
128,479.0,TRUE,pca_rear_endpoint_to_70pct_1cm_column_sum_v1.0,2026-09-06,0.0,0.7,1.926449,-0.781033,0.23617,0.552006,0.032462,1.348514,0.01,6947,0.6947,1.201382,1.219488,0.8346,834.6,ground_plane_z_minus_cattle_surface_z,median_height_within_each_1cm_xy_cell,PCA rear endpoint 0pct through 70pct of full PCA endpoint length,ok,dataset/128/top-15.34.24.764.ply,point_clouds/cow_128_top_cattle.ply
129,514.0,TRUE,pca_rear_endpoint_to_70pct_1cm_column_sum_v1.0,2026-09-06,0.0,0.7,1.866052,-0.574997,0.093367,0.711632,-0.132107,1.306237,0.01,7298,0.7298,1.150531,1.169921,0.839657,839.657,ground_plane_z_minus_cattle_surface_z,median_height_within_each_1cm_xy_cell,PCA rear endpoint 0pct through 70pct of full PCA endpoint length,ok,dataset/129/top-15.41.02.256.ply,point_clouds/cow_129_top_cattle.ply
130,548.0,TRUE,pca_rear_endpoint_to_70pct_1cm_column_sum_v1.0,2026-09-06,0.0,0.7,1.933796,-0.689919,-0.034853,0.658238,0.087049,1.353657,0.01,7091,0.7091,1.160722,1.179065,0.823068,823.068,ground_plane_z_minus_cattle_surface_z,median_height_within_each_1cm_xy_cell,PCA rear endpoint 0pct through 70pct of full PCA endpoint length,ok,dataset/130/top-15.43.36.003.ply,point_clouds/cow_130_top_cattle.ply
132,418.0,TRUE,pca_rear_endpoint_to_70pct_1cm_column_sum_v1.0,2026-09-06,0.0,0.7,1.885753,-0.509587,0.176969,0.809733,0.133768,1.320027,0.01,6974,0.6974,1.196241,1.220406,0.834258,834.258,ground_plane_z_minus_cattle_surface_z,median_height_within_each_1cm_xy_cell,PCA rear endpoint 0pct through 70pct of full PCA endpoint length,ok,dataset/132/top-15.54.38.811.ply,point_clouds/cow_132_top_cattle.ply
133,531.0,TRUE,pca_rear_endpoint_to_70pct_1cm_column_sum_v1.0,2026-09-06,0.0,0.7,1.934404,-0.56529,0.016615,0.787961,-0.030856,1.354083,0.01,7360,0.736,1.073431,1.097568,0.790045,790.045,ground_plane_z_minus_cattle_surface_z,median_height_within_each_1cm_xy_cell,PCA rear endpoint 0pct through 70pct of full PCA endpoint length,ok,dataset/133/top-15.56.56.862.ply,point_clouds/cow_133_top_cattle.ply
134,512.0,TRUE,pca_rear_endpoint_to_70pct_1cm_column_sum_v1.0,2026-09-06,0.0,0.7,1.783749,-0.350787,-0.144726,0.89783,-0.140275,1.248625,0.01,6083,0.6083,1.147873,1.164753,0.698251,698.251,ground_plane_z_minus_cattle_surface_z,median_height_within_each_1cm_xy_cell,PCA rear endpoint 0pct through 70pct of full PCA endpoint length,ok,dataset/134/top-15.59.12.936.ply,point_clouds/cow_134_top_cattle.ply
135,413.0,TRUE,pca_rear_endpoint_to_70pct_1cm_column_sum_v1.0,2026-09-06,0.0,0.7,1.971913,-0.638666,0.013831,0.73793,-0.087752,1.380339,0.01,7667,0.7667,1.136647,1.162471,0.871467,871.467,ground_plane_z_minus_cattle_surface_z,median_height_within_each_1cm_xy_cell,PCA rear endpoint 0pct through 70pct of full PCA endpoint length,ok,dataset/135/top-16.01.20.638.ply,point_clouds/cow_135_top_cattle.ply
136,563.0,TRUE,pca_rear_endpoint_to_70pct_1cm_column_sum_v1.0,2026-09-06,0.0,0.7,1.859895,-0.5048,0.247827,0.796846,0.220822,1.301927,0.01,6971,0.6971,1.156634,1.182003,0.80629,806.29,ground_plane_z_minus_cattle_surface_z,median_height_within_each_1cm_xy_cell,PCA rear endpoint 0pct through 70pct of full PCA endpoint length,ok,dataset/136/top-16.04.17.045.ply,point_clouds/cow_136_top_cattle.ply
137,511.0,TRUE,pca_rear_endpoint_to_70pct_1cm_column_sum_v1.0,2026-09-06,0.0,0.7,1.834184,-0.400321,0.123195,0.874704,-0.027754,1.283929,0.01,6783,0.6783,1.122892,1.144603,0.761657,761.657,ground_plane_z_minus_cattle_surface_z,median_height_within_each_1cm_xy_cell,PCA rear endpoint 0pct through 70pct of full PCA endpoint length,ok,dataset/137/top-16.06.45.972.ply,point_clouds/cow_137_top_cattle.ply
138,495.0,TRUE,pca_rear_endpoint_to_70pct_1cm_column_sum_v1.0,2026-09-06,0.0,0.7,1.903904,-0.759211,0.140486,0.559646,-0.051329,1.332732,0.01,7660,0.766,1.192381,1.212967,0.913364,913.364,ground_plane_z_minus_cattle_surface_z,median_height_within_each_1cm_xy_cell,PCA rear endpoint 0pct through 70pct of full PCA endpoint length,ok,dataset/138/top-16.13.36.500.ply,point_clouds/cow_138_top_cattle.ply
139,519.0,TRUE,pca_rear_endpoint_to_70pct_1cm_column_sum_v1.0,2026-09-06,0.0,0.7,1.801252,-0.473889,0.023933,0.78206,-0.08743,1.260877,0.01,6776,0.6776,1.140338,1.168493,0.772693,772.693,ground_plane_z_minus_cattle_surface_z,median_height_within_each_1cm_xy_cell,PCA rear endpoint 0pct through 70pct of full PCA endpoint length,ok,dataset/139/top-16.15.54.936.ply,point_clouds/cow_139_top_cattle.ply
140,549.0,TRUE,pca_rear_endpoint_to_70pct_1cm_column_sum_v1.0,2026-09-06,0.0,0.7,1.984732,-0.874153,0.269942,0.513233,0.19681,1.389312,0.01,7789,0.7789,1.169432,1.197964,0.91087,910.87,ground_plane_z_minus_cattle_surface_z,median_height_within_each_1cm_xy_cell,PCA rear endpoint 0pct through 70pct of full PCA endpoint length,ok,dataset/140/top-16.18.35.453.ply,point_clouds/cow_140_top_cattle.ply
141,488.0,TRUE,pca_rear_endpoint_to_70pct_1cm_column_sum_v1.0,2026-09-06,0.0,0.7,1.915336,-0.502886,-0.175024,0.837324,-0.212536,1.340735,0.01,7139,0.7139,1.129516,1.148217,0.806361,806.361,ground_plane_z_minus_cattle_surface_z,median_height_within_each_1cm_xy_cell,PCA rear endpoint 0pct through 70pct of full PCA endpoint length,ok,dataset/141/top-16.21.59.506.ply,point_clouds/cow_141_top_cattle.ply
142,526.0,TRUE,pca_rear_endpoint_to_70pct_1cm_column_sum_v1.0,2026-09-06,0.0,0.7,1.771083,-0.380802,0.101203,0.857932,0.050825,1.239758,0.01,6812,0.6812,1.112927,1.140366,0.758126,758.126,ground_plane_z_minus_cattle_surface_z,median_height_within_each_1cm_xy_cell,PCA rear endpoint 0pct through 70pct of full PCA endpoint length,ok,dataset/142/top-16.24.58.675.ply,point_clouds/cow_142_top_cattle.ply
144,543.0,TRUE,pca_rear_endpoint_to_70pct_1cm_column_sum_v1.0,2026-09-06,0.0,0.7,1.926141,-0.783815,-0.013733,0.561561,-0.102461,1.348299,0.01,7302,0.7302,1.170784,1.186553,0.854906,854.906,ground_plane_z_minus_cattle_surface_z,median_height_within_each_1cm_xy_cell,PCA rear endpoint 0pct through 70pct of full PCA endpoint length,ok,dataset/144/top-16.30.34.437.ply,point_clouds/cow_144_top_cattle.ply
149,520.0,TRUE,pca_rear_endpoint_to_70pct_1cm_column_sum_v1.0,2026-09-06,0.0,0.7,1.762894,-0.398172,0.055996,0.834815,0.106614,1.234026,0.01,6755,0.6755,1.186478,1.206416,0.801466,801.466,ground_plane_z_minus_cattle_surface_z,median_height_within_each_1cm_xy_cell,PCA rear endpoint 0pct through 70pct of full PCA endpoint length,ok,dataset/149/top-16.48.55.702.ply,point_clouds/cow_149_top_cattle.ply
151,532.0,TRUE,pca_rear_endpoint_to_70pct_1cm_column_sum_v1.0,2026-09-06,0.0,0.7,1.89997,-0.49289,-0.042534,0.837088,-0.041254,1.329979,0.01,6883,0.6883,1.164707,1.185463,0.801668,801.668,ground_plane_z_minus_cattle_surface_z,median_height_within_each_1cm_xy_cell,PCA rear endpoint 0pct through 70pct of full PCA endpoint length,ok,dataset/151/top-16.53.35.598.ply,point_clouds/cow_151_top_cattle.ply
154,535.0,TRUE,pca_rear_endpoint_to_70pct_1cm_column_sum_v1.0,2026-09-06,0.0,0.7,1.938794,-0.621678,0.07674,0.731444,-0.027826,1.357156,0.01,7290,0.729,1.169787,1.196149,0.852775,852.775,ground_plane_z_minus_cattle_surface_z,median_height_within_each_1cm_xy_cell,PCA rear endpoint 0pct through 70pct of full PCA endpoint length,ok,dataset/154/top-17.02.57.428.ply,point_clouds/cow_154_top_cattle.ply
