cow_id,ground_truth_weight_kg,elliptical_core_torso_volume_m3,rightview_median_body_depth_m,core_1cm_slice_median_height_m,core_1cm_slice_count,core_1cm_grid_cell_median_height_m,virtual_chest_width_m,rump_5pct_height_m,rump_5pct_width_m,rump_5pct_width_robust_p98_p02_m,rump_5pct_slice_point_count,rump_station_ratio_from_rear,rump_slice_thickness_m,rump_height_definition,rump_width_definition,rump_width_robust_definition,virtual_chest_width_definition
1,415.0,0.290394554620516,0.6757988169104061,1.1507092104262102,130,1.131891,0.36012869339302067,1.1819980389297031,0.4084770794325091,0.37821393617544063,137,0.05,0.01,maximum_ground_relative_height_in_1cm_slice,maximum_lateral_minus_minimum_lateral_in_1cm_slice,lateral_98th_minus_2nd_percentile_in_1cm_slice,upper_and_lower_valley_perpendicular_halfwidths_to_pca_centerline_summed
2,407.0,0.2711632261801472,0.6084603244343795,1.1308717066349268,122,1.108793,0.41343625292520925,1.187718457060769,0.3670882791259895,0.35035885577476267,139,0.05,0.01,maximum_ground_relative_height_in_1cm_slice,maximum_lateral_minus_minimum_lateral_in_1cm_slice,lateral_98th_minus_2nd_percentile_in_1cm_slice,upper_and_lower_valley_perpendicular_halfwidths_to_pca_centerline_summed
4,443.0,0.2868111448534655,0.5469341357264901,1.1336268457883896,138,1.116763,0.39884535249732067,1.2088570308351425,0.37843876648400243,0.35515558908464157,129,0.05,0.01,maximum_ground_relative_height_in_1cm_slice,maximum_lateral_minus_minimum_lateral_in_1cm_slice,lateral_98th_minus_2nd_percentile_in_1cm_slice,upper_and_lower_valley_perpendicular_halfwidths_to_pca_centerline_summed
6,441.0,0.308803928721342,0.6015289680091597,1.1538043170769996,145,1.139913,0.4090416453442476,1.1724805848975044,0.35012220758817103,0.32192940959993194,95,0.05,0.01,maximum_ground_relative_height_in_1cm_slice,maximum_lateral_minus_minimum_lateral_in_1cm_slice,lateral_98th_minus_2nd_percentile_in_1cm_slice,upper_and_lower_valley_perpendicular_halfwidths_to_pca_centerline_summed
13,410.0,0.2571961811100165,0.5740156605076645,1.0997396688001086,127,1.086559,0.3938928816798446,1.1798637541584944,0.3390295607812759,0.3224840468611708,132,0.05,0.01,maximum_ground_relative_height_in_1cm_slice,maximum_lateral_minus_minimum_lateral_in_1cm_slice,lateral_98th_minus_2nd_percentile_in_1cm_slice,upper_and_lower_valley_perpendicular_halfwidths_to_pca_centerline_summed
16,312.0,0.21982195852324463,0.6097575591499617,1.0299869552594745,121,1.020239,0.33937054082018525,1.0715304675301942,0.3110855472980622,0.2988291685967252,102,0.05,0.01,maximum_ground_relative_height_in_1cm_slice,maximum_lateral_minus_minimum_lateral_in_1cm_slice,lateral_98th_minus_2nd_percentile_in_1cm_slice,upper_and_lower_valley_perpendicular_halfwidths_to_pca_centerline_summed
20,441.0,0.25289546295929444,0.5551052135943099,1.1374528030911872,136,1.122016,0.4131774007647704,1.174901559240649,0.4548692040290264,0.42523723047243306,143,0.05,0.01,maximum_ground_relative_height_in_1cm_slice,maximum_lateral_minus_minimum_lateral_in_1cm_slice,lateral_98th_minus_2nd_percentile_in_1cm_slice,upper_and_lower_valley_perpendicular_halfwidths_to_pca_centerline_summed
21,373.0,0.23943443749805207,0.5914234409376016,1.0813048670674805,124,1.069767,0.3955070478821157,1.1449679630981469,0.31385365566828327,0.30033536243558856,102,0.05,0.01,maximum_ground_relative_height_in_1cm_slice,maximum_lateral_minus_minimum_lateral_in_1cm_slice,lateral_98th_minus_2nd_percentile_in_1cm_slice,upper_and_lower_valley_perpendicular_halfwidths_to_pca_centerline_summed
22,394.0,0.2951805249955506,0.5990579405906566,1.1331370935701406,142,1.11167,0.406050266984301,1.2611980386999408,0.4471573614883855,0.3968293118763868,152,0.05,0.01,maximum_ground_relative_height_in_1cm_slice,maximum_lateral_minus_minimum_lateral_in_1cm_slice,lateral_98th_minus_2nd_percentile_in_1cm_slice,upper_and_lower_valley_perpendicular_halfwidths_to_pca_centerline_summed
23,439.0,0.2787709566451795,0.5936745435001689,1.1142049011327826,133,1.111065,0.41104081174812446,1.1808638462797845,0.4033894538723235,0.3611716572172835,139,0.05,0.01,maximum_ground_relative_height_in_1cm_slice,maximum_lateral_minus_minimum_lateral_in_1cm_slice,lateral_98th_minus_2nd_percentile_in_1cm_slice,upper_and_lower_valley_perpendicular_halfwidths_to_pca_centerline_summed
24,441.0,0.2763377963542154,0.5837027616000459,1.102375539452852,135,1.090001,0.40477652812297926,1.1566497209370046,0.38852484138379617,0.34192638205941545,116,0.05,0.01,maximum_ground_relative_height_in_1cm_slice,maximum_lateral_minus_minimum_lateral_in_1cm_slice,lateral_98th_minus_2nd_percentile_in_1cm_slice,upper_and_lower_valley_perpendicular_halfwidths_to_pca_centerline_summed
25,434.0,0.25898847217691695,0.5743122325845147,1.1263281527616047,133,1.10534,0.39677438926060615,1.1542761445410754,0.4516300694442751,0.43109069375958287,146,0.05,0.01,maximum_ground_relative_height_in_1cm_slice,maximum_lateral_minus_minimum_lateral_in_1cm_slice,lateral_98th_minus_2nd_percentile_in_1cm_slice,upper_and_lower_valley_perpendicular_halfwidths_to_pca_centerline_summed
26,414.0,0.24640926099347754,0.5762407359401319,1.1324864970118211,132,1.110165,0.3890204728255878,1.1410364356304035,0.3757455614144256,0.3496771464929025,113,0.05,0.01,maximum_ground_relative_height_in_1cm_slice,maximum_lateral_minus_minimum_lateral_in_1cm_slice,lateral_98th_minus_2nd_percentile_in_1cm_slice,upper_and_lower_valley_perpendicular_halfwidths_to_pca_centerline_summed
27,400.0,0.2943428185822447,0.5979079803377749,1.20740075010244,134,1.184475,0.44275601113667407,1.250525381785344,0.4030439489117194,0.38683756753420373,107,0.05,0.01,maximum_ground_relative_height_in_1cm_slice,maximum_lateral_minus_minimum_lateral_in_1cm_slice,lateral_98th_minus_2nd_percentile_in_1cm_slice,upper_and_lower_valley_perpendicular_halfwidths_to_pca_centerline_summed
28,464.0,0.28898259105028423,0.5958044463809209,1.174931447446591,128,1.155875,0.4439494561362249,1.2710897580857718,0.3972362955626465,0.37159610468120663,153,0.05,0.01,maximum_ground_relative_height_in_1cm_slice,maximum_lateral_minus_minimum_lateral_in_1cm_slice,lateral_98th_minus_2nd_percentile_in_1cm_slice,upper_and_lower_valley_perpendicular_halfwidths_to_pca_centerline_summed
39,437.0,0.3223442183229798,0.6137974198929175,1.1233079388959446,143,1.104885,0.412585933380218,1.2471294163257802,0.3870642403912109,0.37566260102480076,150,0.05,0.01,maximum_ground_relative_height_in_1cm_slice,maximum_lateral_minus_minimum_lateral_in_1cm_slice,lateral_98th_minus_2nd_percentile_in_1cm_slice,upper_and_lower_valley_perpendicular_halfwidths_to_pca_centerline_summed
50,410.0,0.31211049419204395,0.6142474933112119,1.1431705405596728,133,1.130051,0.42841596910309526,1.179678481564264,0.47279932614530695,0.44649848699041594,162,0.05,0.01,maximum_ground_relative_height_in_1cm_slice,maximum_lateral_minus_minimum_lateral_in_1cm_slice,lateral_98th_minus_2nd_percentile_in_1cm_slice,upper_and_lower_valley_perpendicular_halfwidths_to_pca_centerline_summed
51,431.0,0.28982717370846606,0.5899448663575476,1.1623535085540382,135,1.139325,0.4362095005252097,1.1583584102154427,0.4435759058350798,0.41351045568216205,139,0.05,0.01,maximum_ground_relative_height_in_1cm_slice,maximum_lateral_minus_minimum_lateral_in_1cm_slice,lateral_98th_minus_2nd_percentile_in_1cm_slice,upper_and_lower_valley_perpendicular_halfwidths_to_pca_centerline_summed
76,463.0,0.3253701868300518,0.5877414234164579,1.15889563495314,134,1.13455,0.4280703698643862,1.2408433074633578,0.3897290729951697,0.38151897520179584,146,0.05,0.01,maximum_ground_relative_height_in_1cm_slice,maximum_lateral_minus_minimum_lateral_in_1cm_slice,lateral_98th_minus_2nd_percentile_in_1cm_slice,upper_and_lower_valley_perpendicular_halfwidths_to_pca_centerline_summed
82,445.0,0.284251405681231,0.5863814837512898,1.140296474240128,136,1.1208,0.42800399275809353,1.218254869064459,0.3897346298545983,0.3715840862631032,143,0.05,0.01,maximum_ground_relative_height_in_1cm_slice,maximum_lateral_minus_minimum_lateral_in_1cm_slice,lateral_98th_minus_2nd_percentile_in_1cm_slice,upper_and_lower_valley_perpendicular_halfwidths_to_pca_centerline_summed
87,451.0,0.29860072252073044,0.61389307511546,1.1577167440753278,132,1.134296,0.41256674764681467,1.2008703283582296,0.367932373430351,0.34791737288112834,135,0.05,0.01,maximum_ground_relative_height_in_1cm_slice,maximum_lateral_minus_minimum_lateral_in_1cm_slice,lateral_98th_minus_2nd_percentile_in_1cm_slice,upper_and_lower_valley_perpendicular_halfwidths_to_pca_centerline_summed
97,462.0,0.2693476170875851,0.5775416434795719,0.996803771259731,124,0.982974,0.3847389284632114,1.080994199293389,0.3891025423825639,0.3576073304071009,120,0.05,0.01,maximum_ground_relative_height_in_1cm_slice,maximum_lateral_minus_minimum_lateral_in_1cm_slice,lateral_98th_minus_2nd_percentile_in_1cm_slice,upper_and_lower_valley_perpendicular_halfwidths_to_pca_centerline_summed
98,346.0,0.2803458326810977,0.5783660778560566,1.0751857589559526,135,1.063392,0.39252689896564996,1.1551537999787875,0.3546919246501742,0.3288212978410806,120,0.05,0.01,maximum_ground_relative_height_in_1cm_slice,maximum_lateral_minus_minimum_lateral_in_1cm_slice,lateral_98th_minus_2nd_percentile_in_1cm_slice,upper_and_lower_valley_perpendicular_halfwidths_to_pca_centerline_summed
99,407.0,0.26112564089698687,0.6087740157556593,1.1326566421693098,124,1.108252,0.38351237031954133,1.2069512864446708,0.3293159683700775,0.31558749735055847,124,0.05,0.01,maximum_ground_relative_height_in_1cm_slice,maximum_lateral_minus_minimum_lateral_in_1cm_slice,lateral_98th_minus_2nd_percentile_in_1cm_slice,upper_and_lower_valley_perpendicular_halfwidths_to_pca_centerline_summed
100,366.0,0.25259021992168273,0.5918555793035801,1.0894881269290528,129,1.073509,0.3669092876752321,1.1625889222173442,0.3562937677130301,0.3429693569491835,128,0.05,0.01,maximum_ground_relative_height_in_1cm_slice,maximum_lateral_minus_minimum_lateral_in_1cm_slice,lateral_98th_minus_2nd_percentile_in_1cm_slice,upper_and_lower_valley_perpendicular_halfwidths_to_pca_centerline_summed
102,378.0,0.28066735773013585,0.6276906370665358,1.10504293722015,122,1.087603,0.41050645300619,1.1666506607089029,0.3506977817564347,0.3321714284391354,113,0.05,0.01,maximum_ground_relative_height_in_1cm_slice,maximum_lateral_minus_minimum_lateral_in_1cm_slice,lateral_98th_minus_2nd_percentile_in_1cm_slice,upper_and_lower_valley_perpendicular_halfwidths_to_pca_centerline_summed
103,382.0,0.27007861040621917,0.5607562972369095,1.1545661874994382,135,1.139864,0.39916756788555885,1.196566827851532,0.39133234964672864,0.36179903206332953,118,0.05,0.01,maximum_ground_relative_height_in_1cm_slice,maximum_lateral_minus_minimum_lateral_in_1cm_slice,lateral_98th_minus_2nd_percentile_in_1cm_slice,upper_and_lower_valley_perpendicular_halfwidths_to_pca_centerline_summed
104,408.0,0.23252122091227803,0.5758045167807986,0.995322024311955,118,0.985781,0.36701158842598725,1.090745615236178,0.3459431248923346,0.332678691067667,116,0.05,0.01,maximum_ground_relative_height_in_1cm_slice,maximum_lateral_minus_minimum_lateral_in_1cm_slice,lateral_98th_minus_2nd_percentile_in_1cm_slice,upper_and_lower_valley_perpendicular_halfwidths_to_pca_centerline_summed
105,323.0,0.1953684327605492,0.553814097559853,1.0102173047718717,116,0.997914,0.38234360049966365,1.02179596734713,0.30276338785588053,0.2973681961170571,87,0.05,0.01,maximum_ground_relative_height_in_1cm_slice,maximum_lateral_minus_minimum_lateral_in_1cm_slice,lateral_98th_minus_2nd_percentile_in_1cm_slice,upper_and_lower_valley_perpendicular_halfwidths_to_pca_centerline_summed
107,409.0,0.2367672180064054,0.55854090188236,1.020992570380809,116,1.003934,0.38378088386124465,1.1443582491282513,0.34222885538059444,0.3243067875678712,123,0.05,0.01,maximum_ground_relative_height_in_1cm_slice,maximum_lateral_minus_minimum_lateral_in_1cm_slice,lateral_98th_minus_2nd_percentile_in_1cm_slice,upper_and_lower_valley_perpendicular_halfwidths_to_pca_centerline_summed
110,417.0,0.17327418999362174,0.5019823572146315,0.9987652739094401,109,0.977644,0.32660954331615333,1.0792263689771975,0.28610577108380786,0.2739824075004896,89,0.05,0.01,maximum_ground_relative_height_in_1cm_slice,maximum_lateral_minus_minimum_lateral_in_1cm_slice,lateral_98th_minus_2nd_percentile_in_1cm_slice,upper_and_lower_valley_perpendicular_halfwidths_to_pca_centerline_summed
111,243.0,0.260860899125032,0.5902247322525167,1.142347785957587,129,1.131717,0.4231493877657574,1.187046280597313,0.4363751879768531,0.4078102686824341,139,0.05,0.01,maximum_ground_relative_height_in_1cm_slice,maximum_lateral_minus_minimum_lateral_in_1cm_slice,lateral_98th_minus_2nd_percentile_in_1cm_slice,upper_and_lower_valley_perpendicular_halfwidths_to_pca_centerline_summed
112,399.0,0.33699164329203946,0.6230066730350299,1.1839903317610836,155,1.161624,0.434847263518057,1.2433652030172588,0.41264129725825194,0.3878938763083628,144,0.05,0.01,maximum_ground_relative_height_in_1cm_slice,maximum_lateral_minus_minimum_lateral_in_1cm_slice,lateral_98th_minus_2nd_percentile_in_1cm_slice,upper_and_lower_valley_perpendicular_halfwidths_to_pca_centerline_summed
114,605.0,0.33310314714092204,0.6248455877770892,1.1794805862266748,138,1.151707,0.4425469155052133,1.2460958370805275,0.38444360965082364,0.37364711676426876,158,0.05,0.01,maximum_ground_relative_height_in_1cm_slice,maximum_lateral_minus_minimum_lateral_in_1cm_slice,lateral_98th_minus_2nd_percentile_in_1cm_slice,upper_and_lower_valley_perpendicular_halfwidths_to_pca_centerline_summed
117,399.0,0.3056074381602892,0.6110869247966146,1.1791723709611375,138,1.161748,0.426427050336877,1.2332686979785499,0.4656686447576721,0.4424882006351146,134,0.05,0.01,maximum_ground_relative_height_in_1cm_slice,maximum_lateral_minus_minimum_lateral_in_1cm_slice,lateral_98th_minus_2nd_percentile_in_1cm_slice,upper_and_lower_valley_perpendicular_halfwidths_to_pca_centerline_summed
119,495.0,0.2771946220554361,0.5896714436972674,1.1931811187919736,143,1.173193,0.4416848588482511,1.207486180085608,0.4475131459263384,0.4075727854182976,130,0.05,0.01,maximum_ground_relative_height_in_1cm_slice,maximum_lateral_minus_minimum_lateral_in_1cm_slice,lateral_98th_minus_2nd_percentile_in_1cm_slice,upper_and_lower_valley_perpendicular_halfwidths_to_pca_centerline_summed
120,493.0,0.3239841501180222,0.6088742773032297,1.1776204115289044,140,1.167376,0.44873649346549005,1.2346005042793604,0.45880390223182144,0.42679970214645757,155,0.05,0.01,maximum_ground_relative_height_in_1cm_slice,maximum_lateral_minus_minimum_lateral_in_1cm_slice,lateral_98th_minus_2nd_percentile_in_1cm_slice,upper_and_lower_valley_perpendicular_halfwidths_to_pca_centerline_summed
122,486.0,0.3514201687533165,0.5925812655659526,1.2018797442413516,153,1.191166,0.4562721859715848,1.2789131422907665,0.46501680077522567,0.4302509431872188,149,0.05,0.01,maximum_ground_relative_height_in_1cm_slice,maximum_lateral_minus_minimum_lateral_in_1cm_slice,lateral_98th_minus_2nd_percentile_in_1cm_slice,upper_and_lower_valley_perpendicular_halfwidths_to_pca_centerline_summed
123,545.0,0.32863076791847734,0.576493073487337,1.0910542505629386,148,1.098339,0.4335306618376101,1.276557112871937,0.4333491907816174,0.38696392370523347,144,0.05,0.01,maximum_ground_relative_height_in_1cm_slice,maximum_lateral_minus_minimum_lateral_in_1cm_slice,lateral_98th_minus_2nd_percentile_in_1cm_slice,upper_and_lower_valley_perpendicular_halfwidths_to_pca_centerline_summed
124,484.0,0.34831080943351334,0.6278750842135287,1.179388374747,149,1.16687,0.46705035246132853,1.285349298180571,0.4584356042967555,0.42673421343455215,169,0.05,0.01,maximum_ground_relative_height_in_1cm_slice,maximum_lateral_minus_minimum_lateral_in_1cm_slice,lateral_98th_minus_2nd_percentile_in_1cm_slice,upper_and_lower_valley_perpendicular_halfwidths_to_pca_centerline_summed
125,411.0,0.32464152702785126,0.6145358082478877,1.1869360607442687,156,1.172439,0.42333244920189617,1.2767445379410307,0.4119656335391212,0.37528425152112255,143,0.05,0.01,maximum_ground_relative_height_in_1cm_slice,maximum_lateral_minus_minimum_lateral_in_1cm_slice,lateral_98th_minus_2nd_percentile_in_1cm_slice,upper_and_lower_valley_perpendicular_halfwidths_to_pca_centerline_summed
126,512.0,0.3802284469854468,0.6339742703606027,1.2106728940565996,142,1.202481,0.4438295662124214,1.2853925121297154,0.5138988288562756,0.47411591113262797,157,0.05,0.01,maximum_ground_relative_height_in_1cm_slice,maximum_lateral_minus_minimum_lateral_in_1cm_slice,lateral_98th_minus_2nd_percentile_in_1cm_slice,upper_and_lower_valley_perpendicular_halfwidths_to_pca_centerline_summed
127,551.0,0.2942321545582005,0.500417079090419,1.16750149664762,164,1.156818,0.4257705397725538,1.2589984503645524,0.4131270632613982,0.3884486255684721,142,0.05,0.01,maximum_ground_relative_height_in_1cm_slice,maximum_lateral_minus_minimum_lateral_in_1cm_slice,lateral_98th_minus_2nd_percentile_in_1cm_slice,upper_and_lower_valley_perpendicular_halfwidths_to_pca_centerline_summed
128,479.0,0.33976290559062594,0.6390162581578852,1.2264147891541999,146,1.214345,0.4520017425863602,1.2657287184097155,0.4389156118009686,0.41610442756077565,146,0.05,0.01,maximum_ground_relative_height_in_1cm_slice,maximum_lateral_minus_minimum_lateral_in_1cm_slice,lateral_98th_minus_2nd_percentile_in_1cm_slice,upper_and_lower_valley_perpendicular_halfwidths_to_pca_centerline_summed
129,514.0,0.3751795587658394,0.6698843391818252,1.1808151107803113,140,1.166184,0.42991907587441597,1.2765430024129016,0.4500408174963437,0.42512974321113084,159,0.05,0.01,maximum_ground_relative_height_in_1cm_slice,maximum_lateral_minus_minimum_lateral_in_1cm_slice,lateral_98th_minus_2nd_percentile_in_1cm_slice,upper_and_lower_valley_perpendicular_halfwidths_to_pca_centerline_summed
130,548.0,0.3570511992140702,0.6541440784105591,1.198916320273144,146,1.174202,0.42999149893660016,1.2717537843828315,0.39444507113471194,0.36613660447189256,148,0.05,0.01,maximum_ground_relative_height_in_1cm_slice,maximum_lateral_minus_minimum_lateral_in_1cm_slice,lateral_98th_minus_2nd_percentile_in_1cm_slice,upper_and_lower_valley_perpendicular_halfwidths_to_pca_centerline_summed
132,418.0,0.34804369865116497,0.6366072543818992,1.2283307084680197,150,1.213719,0.417105123665518,1.2911245770990827,0.4025893471746618,0.3769145529312329,137,0.05,0.01,maximum_ground_relative_height_in_1cm_slice,maximum_lateral_minus_minimum_lateral_in_1cm_slice,lateral_98th_minus_2nd_percentile_in_1cm_slice,upper_and_lower_valley_perpendicular_halfwidths_to_pca_centerline_summed
133,531.0,0.33515037637355777,0.6193557597543218,1.1068307565125743,148,1.094826,0.45723186258712695,1.1848192108401627,0.4839244556791866,0.4655347689477508,159,0.05,0.01,maximum_ground_relative_height_in_1cm_slice,maximum_lateral_minus_minimum_lateral_in_1cm_slice,lateral_98th_minus_2nd_percentile_in_1cm_slice,upper_and_lower_valley_perpendicular_halfwidths_to_pca_centerline_summed
134,512.0,0.2669683041279765,0.5995466772701096,1.1763140282631295,132,1.160802,0.40732768606025405,1.2178868045499724,0.3877026512263295,0.3654245345185473,145,0.05,0.01,maximum_ground_relative_height_in_1cm_slice,maximum_lateral_minus_minimum_lateral_in_1cm_slice,lateral_98th_minus_2nd_percentile_in_1cm_slice,upper_and_lower_valley_perpendicular_halfwidths_to_pca_centerline_summed
135,413.0,0.3165324342434602,0.49477320787680457,1.1650863787997499,162,1.152712,0.4804667223880606,1.261023682185817,0.4284019644757797,0.3998323024737777,130,0.05,0.01,maximum_ground_relative_height_in_1cm_slice,maximum_lateral_minus_minimum_lateral_in_1cm_slice,lateral_98th_minus_2nd_percentile_in_1cm_slice,upper_and_lower_valley_perpendicular_halfwidths_to_pca_centerline_summed
136,563.0,0.3516957784582361,0.6118603082093022,1.1899038941536269,144,1.177365,0.4498374437885989,1.243880387981687,0.3948904263469555,0.369156991227188,137,0.05,0.01,maximum_ground_relative_height_in_1cm_slice,maximum_lateral_minus_minimum_lateral_in_1cm_slice,lateral_98th_minus_2nd_percentile_in_1cm_slice,upper_and_lower_valley_perpendicular_halfwidths_to_pca_centerline_summed
137,511.0,0.3503058202187085,0.5983462060333534,1.1467270246296666,148,1.137164,0.42615928759590965,1.2088435423659925,0.3672829946325792,0.3411912861766021,118,0.05,0.01,maximum_ground_relative_height_in_1cm_slice,maximum_lateral_minus_minimum_lateral_in_1cm_slice,lateral_98th_minus_2nd_percentile_in_1cm_slice,upper_and_lower_valley_perpendicular_halfwidths_to_pca_centerline_summed
138,495.0,0.34598166073195574,0.6383484000025134,1.2275410104732445,142,1.208979,0.486682498704221,1.3047699837794702,0.4354430629821462,0.39918894327810694,157,0.05,0.01,maximum_ground_relative_height_in_1cm_slice,maximum_lateral_minus_minimum_lateral_in_1cm_slice,lateral_98th_minus_2nd_percentile_in_1cm_slice,upper_and_lower_valley_perpendicular_halfwidths_to_pca_centerline_summed
139,519.0,0.28714896647560584,0.499828695763027,1.1742596972670767,151,1.161343,0.4443911863024031,1.2375838307471874,0.3990003427675868,0.3828990255190994,138,0.05,0.01,maximum_ground_relative_height_in_1cm_slice,maximum_lateral_minus_minimum_lateral_in_1cm_slice,lateral_98th_minus_2nd_percentile_in_1cm_slice,upper_and_lower_valley_perpendicular_halfwidths_to_pca_centerline_summed
140,549.0,0.38793434146119865,0.6461930122552333,1.2159161946325012,148,1.193254,0.4530889245661749,1.2452632824647094,0.5067238841491783,0.46788172760333935,131,0.05,0.01,maximum_ground_relative_height_in_1cm_slice,maximum_lateral_minus_minimum_lateral_in_1cm_slice,lateral_98th_minus_2nd_percentile_in_1cm_slice,upper_and_lower_valley_perpendicular_halfwidths_to_pca_centerline_summed
141,488.0,0.3428685757415939,0.6562953239152064,1.1596050059378629,137,1.146293,0.43894731021900457,1.1940722816708762,0.4245505550129842,0.40215443496472913,134,0.05,0.01,maximum_ground_relative_height_in_1cm_slice,maximum_lateral_minus_minimum_lateral_in_1cm_slice,lateral_98th_minus_2nd_percentile_in_1cm_slice,upper_and_lower_valley_perpendicular_halfwidths_to_pca_centerline_summed
142,526.0,0.359810719252717,0.6386269983670871,1.1488997762017983,142,1.137009,0.4499375576981011,1.2079340320488483,0.42017046659894663,0.40500347889811117,137,0.05,0.01,maximum_ground_relative_height_in_1cm_slice,maximum_lateral_minus_minimum_lateral_in_1cm_slice,lateral_98th_minus_2nd_percentile_in_1cm_slice,upper_and_lower_valley_perpendicular_halfwidths_to_pca_centerline_summed
144,543.0,0.3805701534450392,0.6615199380242611,1.1912288088124678,159,1.181453,0.44531665002800336,1.2774518643592896,0.440807378469688,0.4219512310707385,148,0.05,0.01,maximum_ground_relative_height_in_1cm_slice,maximum_lateral_minus_minimum_lateral_in_1cm_slice,lateral_98th_minus_2nd_percentile_in_1cm_slice,upper_and_lower_valley_perpendicular_halfwidths_to_pca_centerline_summed
149,520.0,0.3494698031063269,0.6282183198253847,1.2129860037359768,149,1.191897,0.43520002198674823,1.2793791184845156,0.4047911583893101,0.38678146691027165,153,0.05,0.01,maximum_ground_relative_height_in_1cm_slice,maximum_lateral_minus_minimum_lateral_in_1cm_slice,lateral_98th_minus_2nd_percentile_in_1cm_slice,upper_and_lower_valley_perpendicular_halfwidths_to_pca_centerline_summed
151,532.0,0.35510058968592917,0.6359044988148115,1.1929981288523903,163,1.17295,0.4254587231411884,1.2824507861454202,0.4219189524766126,0.39860044694633456,148,0.05,0.01,maximum_ground_relative_height_in_1cm_slice,maximum_lateral_minus_minimum_lateral_in_1cm_slice,lateral_98th_minus_2nd_percentile_in_1cm_slice,upper_and_lower_valley_perpendicular_halfwidths_to_pca_centerline_summed
154,535.0,0.3429173185500717,0.6314054393669818,1.2077791480749789,155,1.186977,0.4508418315133754,1.266074179814329,0.4741054771102672,0.4437464389238609,156,0.05,0.01,maximum_ground_relative_height_in_1cm_slice,maximum_lateral_minus_minimum_lateral_in_1cm_slice,lateral_98th_minus_2nd_percentile_in_1cm_slice,upper_and_lower_valley_perpendicular_halfwidths_to_pca_centerline_summed
