cow_id,ground_truth_weight_kg,ground_truth_heart_girth_cm,maximum_smoothed_width_m,rear_boundary_axis_m,head_boundary_axis_m,torso_length_m,projected_area_m2,rear_boundary_found,head_boundary_found,rear_stop_reason,head_stop_reason,rule_suitable,method_version
1,415.0,172.0,0.562353,-0.705,0.445,1.15,0.525376,True,True,continuous_3cm_below_65pct,continuous_5cm_below_60pct,True,pca_width_head60_5cm_rear65_3cm_immediate50_trapezoid_v1.0
2,407.0,171.0,0.580686,-0.675,0.465,1.14,0.537829,True,True,continuous_3cm_below_65pct,single_below_50pct,True,pca_width_head60_5cm_rear65_3cm_immediate50_trapezoid_v1.0
4,443.0,176.0,0.599646,-0.595,0.555,1.15,0.559164,True,True,continuous_3cm_below_65pct,continuous_5cm_below_60pct,True,pca_width_head60_5cm_rear65_3cm_immediate50_trapezoid_v1.0
6,441.0,178.0,0.569749,-0.695,0.555,1.25,0.58508,True,True,continuous_3cm_below_65pct,continuous_5cm_below_60pct,True,pca_width_head60_5cm_rear65_3cm_immediate50_trapezoid_v1.0
13,410.0,179.0,0.551978,-0.655,0.435,1.09,0.504995,True,True,continuous_3cm_below_65pct,continuous_5cm_below_60pct,True,pca_width_head60_5cm_rear65_3cm_immediate50_trapezoid_v1.0
16,312.0,153.0,0.522486,-0.585,0.565,1.15,0.475502,True,True,continuous_3cm_below_65pct,single_below_50pct,True,pca_width_head60_5cm_rear65_3cm_immediate50_trapezoid_v1.0
20,441.0,181.0,0.570173,-0.745,0.465,1.21,0.574564,True,True,continuous_3cm_below_65pct,continuous_5cm_below_60pct,True,pca_width_head60_5cm_rear65_3cm_immediate50_trapezoid_v1.0
21,373.0,168.0,0.580411,-0.635,0.465,1.1,0.510902,True,True,continuous_3cm_below_65pct,continuous_5cm_below_60pct,True,pca_width_head60_5cm_rear65_3cm_immediate50_trapezoid_v1.0
22,394.0,177.0,0.534933,-0.725,0.485,1.21,0.546963,True,True,continuous_3cm_below_65pct,continuous_5cm_below_60pct,True,pca_width_head60_5cm_rear65_3cm_immediate50_trapezoid_v1.0
23,439.0,177.0,0.569046,-0.685,0.505,1.19,0.560354,True,True,continuous_3cm_below_65pct,continuous_5cm_below_60pct,True,pca_width_head60_5cm_rear65_3cm_immediate50_trapezoid_v1.0
24,441.0,177.0,0.550416,-0.745,0.455,1.2,0.560094,True,True,continuous_3cm_below_65pct,continuous_5cm_below_60pct,True,pca_width_head60_5cm_rear65_3cm_immediate50_trapezoid_v1.0
25,434.0,174.0,0.524766,-0.765,0.495,1.26,0.555192,True,True,single_below_50pct,continuous_5cm_below_60pct,True,pca_width_head60_5cm_rear65_3cm_immediate50_trapezoid_v1.0
26,414.0,174.0,0.517033,-0.745,0.465,1.21,0.540756,True,True,continuous_3cm_below_65pct,continuous_5cm_below_60pct,True,pca_width_head60_5cm_rear65_3cm_immediate50_trapezoid_v1.0
27,400.0,174.0,0.548951,-0.685,0.595,1.28,0.601821,True,True,continuous_3cm_below_65pct,single_below_50pct,True,pca_width_head60_5cm_rear65_3cm_immediate50_trapezoid_v1.0
28,464.0,183.0,0.562628,-0.675,0.535,1.21,0.567857,True,True,continuous_3cm_below_65pct,single_below_50pct,True,pca_width_head60_5cm_rear65_3cm_immediate50_trapezoid_v1.0
39,437.0,179.0,0.575692,-0.675,0.575,1.25,0.600746,True,True,continuous_3cm_below_65pct,continuous_5cm_below_60pct,True,pca_width_head60_5cm_rear65_3cm_immediate50_trapezoid_v1.0
50,410.0,184.0,0.586781,-0.725,0.555,1.28,0.617892,True,True,continuous_3cm_below_65pct,single_below_50pct,True,pca_width_head60_5cm_rear65_3cm_immediate50_trapezoid_v1.0
51,431.0,176.0,0.570264,-0.705,0.505,1.21,0.58001,True,True,continuous_3cm_below_65pct,continuous_5cm_below_60pct,True,pca_width_head60_5cm_rear65_3cm_immediate50_trapezoid_v1.0
76,463.0,185.0,0.650221,-0.595,0.495,1.09,0.57923,True,True,continuous_3cm_below_65pct,continuous_5cm_below_60pct,True,pca_width_head60_5cm_rear65_3cm_immediate50_trapezoid_v1.0
82,445.0,189.0,0.577747,-0.675,0.515,1.19,0.572737,True,True,continuous_3cm_below_65pct,continuous_5cm_below_60pct,True,pca_width_head60_5cm_rear65_3cm_immediate50_trapezoid_v1.0
87,451.0,190.0,0.568568,-0.655,0.575,1.23,0.577452,True,True,continuous_3cm_below_65pct,single_below_50pct,True,pca_width_head60_5cm_rear65_3cm_immediate50_trapezoid_v1.0
97,462.0,188.0,0.577542,-0.655,0.395,1.05,0.498619,True,True,continuous_3cm_below_65pct,continuous_5cm_below_60pct,True,pca_width_head60_5cm_rear65_3cm_immediate50_trapezoid_v1.0
98,346.0,167.0,0.579554,-0.665,0.495,1.16,0.540967,True,True,continuous_3cm_below_65pct,continuous_5cm_below_60pct,True,pca_width_head60_5cm_rear65_3cm_immediate50_trapezoid_v1.0
99,407.0,175.0,0.547811,-0.675,0.405,1.08,0.489719,True,True,continuous_3cm_below_65pct,continuous_5cm_below_60pct,True,pca_width_head60_5cm_rear65_3cm_immediate50_trapezoid_v1.0
100,366.0,170.0,0.546796,-0.685,0.465,1.15,0.513904,True,True,continuous_3cm_below_65pct,continuous_5cm_below_60pct,True,pca_width_head60_5cm_rear65_3cm_immediate50_trapezoid_v1.0
102,378.0,171.0,0.577998,-0.685,0.445,1.13,0.524058,True,True,continuous_3cm_below_65pct,single_below_50pct,True,pca_width_head60_5cm_rear65_3cm_immediate50_trapezoid_v1.0
103,382.0,172.0,0.558407,-0.785,0.495,1.28,0.578445,True,True,continuous_3cm_below_65pct,single_below_50pct,True,pca_width_head60_5cm_rear65_3cm_immediate50_trapezoid_v1.0
104,408.0,175.0,0.577852,-0.535,0.445,0.98,0.452657,True,True,continuous_3cm_below_65pct,continuous_5cm_below_60pct,True,pca_width_head60_5cm_rear65_3cm_immediate50_trapezoid_v1.0
105,323.0,164.0,0.482838,-0.625,0.375,1.0,0.410885,True,True,continuous_3cm_below_65pct,continuous_5cm_below_60pct,True,pca_width_head60_5cm_rear65_3cm_immediate50_trapezoid_v1.0
107,409.0,177.0,0.566136,-0.645,0.355,1.0,0.45809,True,True,continuous_3cm_below_65pct,continuous_5cm_below_60pct,True,pca_width_head60_5cm_rear65_3cm_immediate50_trapezoid_v1.0
110,417.0,176.0,0.512883,-0.565,0.355,0.92,0.373512,True,True,continuous_3cm_below_65pct,continuous_5cm_below_60pct,True,pca_width_head60_5cm_rear65_3cm_immediate50_trapezoid_v1.0
111,243.0,145.0,0.584141,-0.735,0.445,1.18,0.551932,True,True,continuous_3cm_below_65pct,continuous_5cm_below_60pct,True,pca_width_head60_5cm_rear65_3cm_immediate50_trapezoid_v1.0
112,399.0,176.0,0.588312,-0.735,0.605,1.34,0.648651,True,True,continuous_3cm_below_65pct,single_below_50pct,True,pca_width_head60_5cm_rear65_3cm_immediate50_trapezoid_v1.0
114,605.0,202.0,0.574212,-0.715,0.545,1.26,0.616639,True,True,continuous_3cm_below_65pct,continuous_5cm_below_60pct,True,pca_width_head60_5cm_rear65_3cm_immediate50_trapezoid_v1.0
117,399.0,175.0,0.578572,-0.795,0.555,1.35,0.643845,True,True,continuous_3cm_below_65pct,single_below_50pct,True,pca_width_head60_5cm_rear65_3cm_immediate50_trapezoid_v1.0
119,495.0,193.0,0.576126,-0.805,0.555,1.36,0.651989,True,True,continuous_3cm_below_65pct,single_below_50pct,True,pca_width_head60_5cm_rear65_3cm_immediate50_trapezoid_v1.0
120,493.0,188.0,0.615654,-0.715,0.565,1.28,0.654881,True,True,continuous_3cm_below_65pct,continuous_5cm_below_60pct,True,pca_width_head60_5cm_rear65_3cm_immediate50_trapezoid_v1.0
122,486.0,189.0,0.590886,-0.825,0.545,1.37,0.682175,True,True,continuous_3cm_below_65pct,continuous_5cm_below_60pct,True,pca_width_head60_5cm_rear65_3cm_immediate50_trapezoid_v1.0
123,545.0,192.0,0.616067,-0.765,0.615,1.38,0.691009,True,True,continuous_3cm_below_65pct,single_below_50pct,True,pca_width_head60_5cm_rear65_3cm_immediate50_trapezoid_v1.0
124,484.0,184.0,0.589546,-0.825,0.535,1.36,0.676773,True,True,continuous_3cm_below_65pct,continuous_5cm_below_60pct,True,pca_width_head60_5cm_rear65_3cm_immediate50_trapezoid_v1.0
125,411.0,194.0,0.591826,-0.775,0.525,1.3,0.62868,True,True,continuous_3cm_below_65pct,continuous_5cm_below_60pct,True,pca_width_head60_5cm_rear65_3cm_immediate50_trapezoid_v1.0
126,512.0,190.0,0.595896,-0.845,0.565,1.41,0.701076,True,True,single_below_50pct,single_below_50pct,True,pca_width_head60_5cm_rear65_3cm_immediate50_trapezoid_v1.0
127,551.0,197.0,0.555405,-0.805,0.485,1.29,0.618342,True,True,continuous_3cm_below_65pct,continuous_5cm_below_60pct,True,pca_width_head60_5cm_rear65_3cm_immediate50_trapezoid_v1.0
128,479.0,190.0,0.551622,-0.835,0.575,1.41,0.654384,True,True,continuous_3cm_below_65pct,single_below_50pct,True,pca_width_head60_5cm_rear65_3cm_immediate50_trapezoid_v1.0
129,514.0,191.0,0.620681,-0.785,0.475,1.26,0.65389,True,True,continuous_3cm_below_65pct,continuous_5cm_below_60pct,True,pca_width_head60_5cm_rear65_3cm_immediate50_trapezoid_v1.0
130,548.0,202.0,0.571341,-0.745,0.545,1.29,0.629572,True,True,continuous_3cm_below_65pct,continuous_5cm_below_60pct,True,pca_width_head60_5cm_rear65_3cm_immediate50_trapezoid_v1.0
132,418.0,179.0,0.560889,-0.725,0.635,1.36,0.657496,True,True,continuous_3cm_below_65pct,continuous_5cm_below_60pct,True,pca_width_head60_5cm_rear65_3cm_immediate50_trapezoid_v1.0
133,531.0,198.0,0.599973,-0.805,0.505,1.31,0.660661,True,True,continuous_3cm_below_65pct,continuous_5cm_below_60pct,True,pca_width_head60_5cm_rear65_3cm_immediate50_trapezoid_v1.0
134,512.0,188.0,0.544643,-0.675,0.515,1.19,0.546113,True,True,continuous_3cm_below_65pct,continuous_5cm_below_60pct,True,pca_width_head60_5cm_rear65_3cm_immediate50_trapezoid_v1.0
135,413.0,177.0,0.613364,-0.785,0.565,1.35,0.695968,True,True,continuous_3cm_below_65pct,continuous_5cm_below_60pct,True,pca_width_head60_5cm_rear65_3cm_immediate50_trapezoid_v1.0
136,563.0,207.0,0.597478,-0.735,0.605,1.34,0.656673,True,True,continuous_3cm_below_65pct,single_below_50pct,True,pca_width_head60_5cm_rear65_3cm_immediate50_trapezoid_v1.0
137,511.0,197.0,0.584693,-0.695,0.555,1.25,0.61314,True,True,continuous_3cm_below_65pct,continuous_5cm_below_60pct,True,pca_width_head60_5cm_rear65_3cm_immediate50_trapezoid_v1.0
138,495.0,182.0,0.633586,-0.775,0.455,1.23,0.660853,True,True,continuous_3cm_below_65pct,continuous_5cm_below_60pct,True,pca_width_head60_5cm_rear65_3cm_immediate50_trapezoid_v1.0
139,519.0,199.0,0.592381,-0.735,0.635,1.37,0.675049,True,True,continuous_3cm_below_65pct,continuous_5cm_below_60pct,True,pca_width_head60_5cm_rear65_3cm_immediate50_trapezoid_v1.0
140,549.0,196.0,0.6061,-0.835,0.585,1.42,0.721485,True,True,continuous_3cm_below_65pct,single_below_50pct,True,pca_width_head60_5cm_rear65_3cm_immediate50_trapezoid_v1.0
141,488.0,187.0,0.612583,-0.725,0.515,1.24,0.624633,True,True,continuous_3cm_below_65pct,continuous_5cm_below_60pct,True,pca_width_head60_5cm_rear65_3cm_immediate50_trapezoid_v1.0
142,526.0,195.0,0.616471,-0.695,0.595,1.29,0.652327,True,True,continuous_3cm_below_65pct,continuous_5cm_below_60pct,True,pca_width_head60_5cm_rear65_3cm_immediate50_trapezoid_v1.0
144,543.0,195.0,0.577896,-0.835,0.505,1.34,0.667838,True,True,continuous_3cm_below_65pct,continuous_5cm_below_60pct,True,pca_width_head60_5cm_rear65_3cm_immediate50_trapezoid_v1.0
149,520.0,195.0,0.601671,-0.675,0.585,1.26,0.633959,True,True,continuous_3cm_below_65pct,continuous_5cm_below_60pct,True,pca_width_head60_5cm_rear65_3cm_immediate50_trapezoid_v1.0
151,532.0,195.0,0.562575,-0.765,0.695,1.46,0.679358,True,True,continuous_3cm_below_65pct,continuous_5cm_below_60pct,True,pca_width_head60_5cm_rear65_3cm_immediate50_trapezoid_v1.0
154,535.0,197.0,0.584122,-0.845,0.575,1.42,0.692889,True,True,single_below_50pct,continuous_5cm_below_60pct,True,pca_width_head60_5cm_rear65_3cm_immediate50_trapezoid_v1.0
