cow_id,sample_role,right_source_ply,rightview_rear_boundary_x_m,rightview_head_boundary_x_m,rightview_core_length_m,top_rear_boundary_ratio,top_head_boundary_ratio,method_version,coordinate_system,status
1,application,dataset/1/right-12.09.07.778.ply,0.6460369209175111,-0.6523000790824889,1.298337,0.012255007297988962,0.7173471744803644,top_right_fixed_rigid_endpoint_anchor_15train_5validation_v1.0,right_camera_x_m; head_at_lower_x; rear_at_higher_x,experimental_not_ground_truth_validated
2,application,dataset/2/right-12.15.22.188.ply,0.6970929209175112,-0.510686079082489,1.2077790000000002,0.02271250882903422,0.7052975888442532,top_right_fixed_rigid_endpoint_anchor_15train_5validation_v1.0,right_camera_x_m; head_at_lower_x; rear_at_higher_x,experimental_not_ground_truth_validated
4,application,dataset/4/right-12.24.08.096.ply,0.40593892091751105,-0.9731840790824888,1.3791229999999999,-0.005912848485847236,0.7933169771895957,top_right_fixed_rigid_endpoint_anchor_15train_5validation_v1.0,right_camera_x_m; head_at_lower_x; rear_at_higher_x,experimental_not_ground_truth_validated
6,application,dataset/6/right-12.31.11.492.ply,0.6144389209175111,-0.8212960790824888,1.4357349999999998,-0.013602062832702733,0.759544284831371,top_right_fixed_rigid_endpoint_anchor_15train_5validation_v1.0,right_camera_x_m; head_at_lower_x; rear_at_higher_x,experimental_not_ground_truth_validated
13,train,dataset/13/right-12.59.51.501.ply,0.5013069209175111,-0.7679160790824888,1.2692229999999998,0.01261778773664697,0.7339393642148626,top_right_fixed_rigid_endpoint_anchor_15train_5validation_v1.0,right_camera_x_m; head_at_lower_x; rear_at_higher_x,experimental_not_ground_truth_validated
16,application,dataset/16/right-13.12.28.352.ply,0.2739969209175111,-0.9360030790824889,1.21,0.033144557025582215,0.7493421044526108,top_right_fixed_rigid_endpoint_anchor_15train_5validation_v1.0,right_camera_x_m; head_at_lower_x; rear_at_higher_x,experimental_not_ground_truth_validated
20,application,dataset/20/right-13.27.56.550.ply,0.8445369209175111,-0.502929079082489,1.347466,-0.0002776463713232748,0.7465652441161137,top_right_fixed_rigid_endpoint_anchor_15train_5validation_v1.0,right_camera_x_m; head_at_lower_x; rear_at_higher_x,experimental_not_ground_truth_validated
21,application,dataset/21/right-13.31.25.534.ply,0.7288349209175111,-0.503701079082489,1.232536,0.03976353341914542,0.7228772895300933,top_right_fixed_rigid_endpoint_anchor_15train_5validation_v1.0,right_camera_x_m; head_at_lower_x; rear_at_higher_x,experimental_not_ground_truth_validated
22,application,dataset/22/right-13.41.45.457.ply,0.9448339209175112,-0.47502907908248887,1.419863,0.003465394436221015,0.7922409162634733,top_right_fixed_rigid_endpoint_anchor_15train_5validation_v1.0,right_camera_x_m; head_at_lower_x; rear_at_higher_x,experimental_not_ground_truth_validated
23,application,dataset/23/right-13.45.59.323.ply,0.5393109209175111,-0.7906140790824889,1.329925,0.00039165854767020706,0.7563727715790725,top_right_fixed_rigid_endpoint_anchor_15train_5validation_v1.0,right_camera_x_m; head_at_lower_x; rear_at_higher_x,experimental_not_ground_truth_validated
24,application,dataset/24/right-13.49.32.068.ply,0.8408409209175112,-0.5083640790824888,1.349205,0.009586073265269847,0.7399654484829257,top_right_fixed_rigid_endpoint_anchor_15train_5validation_v1.0,right_camera_x_m; head_at_lower_x; rear_at_higher_x,experimental_not_ground_truth_validated
25,application,dataset/25/right-13.52.04.645.ply,0.5169109209175111,-0.791048079082489,1.307959,-0.0050218824625572955,0.7357442998707816,top_right_fixed_rigid_endpoint_anchor_15train_5validation_v1.0,right_camera_x_m; head_at_lower_x; rear_at_higher_x,experimental_not_ground_truth_validated
26,application,dataset/26/right-13.56.26.505.ply,0.729721920917511,-0.5845280790824889,1.31425,0.016414307627233053,0.7445249943464916,top_right_fixed_rigid_endpoint_anchor_15train_5validation_v1.0,right_camera_x_m; head_at_lower_x; rear_at_higher_x,experimental_not_ground_truth_validated
27,application,dataset/27/right-15.30.41.954.ply,1.181734920917511,-0.14441807908248894,1.326153,0.008474912469338949,0.7676630642266119,top_right_fixed_rigid_endpoint_anchor_15train_5validation_v1.0,right_camera_x_m; head_at_lower_x; rear_at_higher_x,experimental_not_ground_truth_validated
28,application,dataset/28/right-15.36.47.043.ply,0.4151519209175111,-0.8334580790824888,1.2486099999999998,0.01786931513222997,0.7564754388469762,top_right_fixed_rigid_endpoint_anchor_15train_5validation_v1.0,right_camera_x_m; head_at_lower_x; rear_at_higher_x,experimental_not_ground_truth_validated
39,application,dataset/39/right-16.21.22.394.ply,0.5331519209175111,-0.8941670790824889,1.427319,0.01237709543438681,0.810447290114027,top_right_fixed_rigid_endpoint_anchor_15train_5validation_v1.0,right_camera_x_m; head_at_lower_x; rear_at_higher_x,experimental_not_ground_truth_validated
50,application,dataset/50/right-17.57.16.366.ply,0.5038939209175111,-0.785434079082489,1.289328,-0.0034478872793764544,0.7209387510271708,top_right_fixed_rigid_endpoint_anchor_15train_5validation_v1.0,right_camera_x_m; head_at_lower_x; rear_at_higher_x,experimental_not_ground_truth_validated
51,validation,dataset/51/right-18.00.21.476.ply,0.6012389209175111,-0.7451460790824889,1.346385,-0.0011476540019700612,0.7350026324028617,top_right_fixed_rigid_endpoint_anchor_15train_5validation_v1.0,right_camera_x_m; head_at_lower_x; rear_at_higher_x,experimental_not_ground_truth_validated
76,train,dataset/76/right-19.45.11.352.ply,0.4302419209175111,-0.9096160790824888,1.339858,0.01267994918605045,0.7932960184369546,top_right_fixed_rigid_endpoint_anchor_15train_5validation_v1.0,right_camera_x_m; head_at_lower_x; rear_at_higher_x,experimental_not_ground_truth_validated
82,application,dataset/82/right-20.14.10.418.ply,0.5283219209175111,-0.8312920790824889,1.359614,0.007747010324414128,0.7773614717674151,top_right_fixed_rigid_endpoint_anchor_15train_5validation_v1.0,right_camera_x_m; head_at_lower_x; rear_at_higher_x,experimental_not_ground_truth_validated
87,application,dataset/87/right-20.31.00.370.ply,0.49845792091751107,-0.8184460790824888,1.3169039999999999,0.009092830914739461,0.747023702635477,top_right_fixed_rigid_endpoint_anchor_15train_5validation_v1.0,right_camera_x_m; head_at_lower_x; rear_at_higher_x,experimental_not_ground_truth_validated
97,train,dataset/97/right-12.01.06.346.ply,0.9079969209175112,-0.33175007908248894,1.2397470000000002,0.010220495219842907,0.7499938861945529,top_right_fixed_rigid_endpoint_anchor_15train_5validation_v1.0,right_camera_x_m; head_at_lower_x; rear_at_higher_x,experimental_not_ground_truth_validated
98,application,dataset/98/right-12.04.46.900.ply,0.872189920917511,-0.4650350790824889,1.3372249999999999,0.012041532590252792,0.7702908704811003,top_right_fixed_rigid_endpoint_anchor_15train_5validation_v1.0,right_camera_x_m; head_at_lower_x; rear_at_higher_x,experimental_not_ground_truth_validated
99,application,dataset/99/right-12.07.51.244.ply,0.5370049209175111,-0.6978950790824889,1.2349,0.022028822124101375,0.7244152312586083,top_right_fixed_rigid_endpoint_anchor_15train_5validation_v1.0,right_camera_x_m; head_at_lower_x; rear_at_higher_x,experimental_not_ground_truth_validated
100,application,dataset/100/right-12.13.31.385.ply,0.5722199209175111,-0.716831079082489,1.2890510000000002,0.011941434962134763,0.7377576137111616,top_right_fixed_rigid_endpoint_anchor_15train_5validation_v1.0,right_camera_x_m; head_at_lower_x; rear_at_higher_x,experimental_not_ground_truth_validated
102,validation,dataset/102/right-12.19.51.764.ply,0.8054299209175111,-0.3966340790824889,1.202064,0.022282896398749898,0.6980511318115743,top_right_fixed_rigid_endpoint_anchor_15train_5validation_v1.0,right_camera_x_m; head_at_lower_x; rear_at_higher_x,experimental_not_ground_truth_validated
103,application,dataset/103/right-12.24.09.149.ply,0.9977849209175111,-0.3434400790824889,1.3412250000000001,0.016453408061287835,0.7334973641665242,top_right_fixed_rigid_endpoint_anchor_15train_5validation_v1.0,right_camera_x_m; head_at_lower_x; rear_at_higher_x,experimental_not_ground_truth_validated
104,train,dataset/104/right-12.28.17.846.ply,0.20031092091751107,-0.9708730790824889,1.171184,0.019187588185301075,0.7506816151748766,top_right_fixed_rigid_endpoint_anchor_15train_5validation_v1.0,right_camera_x_m; head_at_lower_x; rear_at_higher_x,experimental_not_ground_truth_validated
105,application,dataset/105/right-12.31.06.341.ply,0.49146792091751107,-0.6598010790824889,1.1512689999999999,0.01134209536868576,0.7338502648451334,top_right_fixed_rigid_endpoint_anchor_15train_5validation_v1.0,right_camera_x_m; head_at_lower_x; rear_at_higher_x,experimental_not_ground_truth_validated
107,application,dataset/107/right-12.35.51.089.ply,0.6497029209175111,-0.4731650790824889,1.122868,0.030736263601368413,0.7105360131756688,top_right_fixed_rigid_endpoint_anchor_15train_5validation_v1.0,right_camera_x_m; head_at_lower_x; rear_at_higher_x,experimental_not_ground_truth_validated
110,application,dataset/110/right-12.43.43.016.ply,0.6007689209175111,-0.48072007908248887,1.081489,0.03650932077630646,0.6993211876320599,top_right_fixed_rigid_endpoint_anchor_15train_5validation_v1.0,right_camera_x_m; head_at_lower_x; rear_at_higher_x,experimental_not_ground_truth_validated
111,application,dataset/111/right-12.46.25.997.ply,0.5420529209175111,-0.6751210790824889,1.217174,-0.002901004524578603,0.7077292324851931,top_right_fixed_rigid_endpoint_anchor_15train_5validation_v1.0,right_camera_x_m; head_at_lower_x; rear_at_higher_x,experimental_not_ground_truth_validated
112,application,dataset/112/right-13.12.33.533.ply,0.725108920917511,-0.820865079082489,1.545974,0.006438909389144946,0.8319802614361421,top_right_fixed_rigid_endpoint_anchor_15train_5validation_v1.0,right_camera_x_m; head_at_lower_x; rear_at_higher_x,experimental_not_ground_truth_validated
114,validation,dataset/114/right-13.20.39.991.ply,0.6235819209175111,-0.748440079082489,1.372022,0.007621820893829902,0.7505926475909229,top_right_fixed_rigid_endpoint_anchor_15train_5validation_v1.0,right_camera_x_m; head_at_lower_x; rear_at_higher_x,experimental_not_ground_truth_validated
117,application,dataset/117/right-13.29.21.432.ply,0.965486920917511,-0.4120470790824889,1.3775339999999998,0.0012168570264072336,0.7319386256864834,top_right_fixed_rigid_endpoint_anchor_15train_5validation_v1.0,right_camera_x_m; head_at_lower_x; rear_at_higher_x,experimental_not_ground_truth_validated
119,train,dataset/119/right-13.34.35.087.ply,0.918916920917511,-0.49984907908248893,1.418766,0.00034485627647022485,0.737159813133708,top_right_fixed_rigid_endpoint_anchor_15train_5validation_v1.0,right_camera_x_m; head_at_lower_x; rear_at_higher_x,experimental_not_ground_truth_validated
120,train,dataset/120/right-13.38.22.934.ply,0.6335569209175111,-0.763865079082489,1.3974220000000002,0.007836233397579022,0.7681286167960043,top_right_fixed_rigid_endpoint_anchor_15train_5validation_v1.0,right_camera_x_m; head_at_lower_x; rear_at_higher_x,experimental_not_ground_truth_validated
122,application,dataset/122/right-13.45.51.636.ply,0.8385769209175111,-0.6862330790824889,1.52481,-0.011859399469777088,0.7949661730658858,top_right_fixed_rigid_endpoint_anchor_15train_5validation_v1.0,right_camera_x_m; head_at_lower_x; rear_at_higher_x,experimental_not_ground_truth_validated
123,application,dataset/123/right-13.47.57.166.ply,0.810701920917511,-0.663252079082489,1.473954,0.004684350483659502,0.7712535980886155,top_right_fixed_rigid_endpoint_anchor_15train_5validation_v1.0,right_camera_x_m; head_at_lower_x; rear_at_higher_x,experimental_not_ground_truth_validated
124,train,dataset/124/right-15.16.55.439.ply,0.898435920917511,-0.590646079082489,1.489082,-0.010330579221051505,0.7614864342937377,top_right_fixed_rigid_endpoint_anchor_15train_5validation_v1.0,right_camera_x_m; head_at_lower_x; rear_at_higher_x,experimental_not_ground_truth_validated
125,train,dataset/125/right-15.19.57.973.ply,0.7742389209175111,-0.7855620790824889,1.559801,-3.674038231213664e-05,0.818853579133909,top_right_fixed_rigid_endpoint_anchor_15train_5validation_v1.0,right_camera_x_m; head_at_lower_x; rear_at_higher_x,experimental_not_ground_truth_validated
126,application,dataset/126/right-15.25.26.573.ply,0.9921689209175111,-0.3781030790824889,1.370272,0.013394961835479197,0.7575284928639664,top_right_fixed_rigid_endpoint_anchor_15train_5validation_v1.0,right_camera_x_m; head_at_lower_x; rear_at_higher_x,experimental_not_ground_truth_validated
127,application,dataset/127/right-15.31.00.665.ply,0.9111019209175111,-0.705336079082489,1.616438,-0.00205118950555922,0.8707107549677175,top_right_fixed_rigid_endpoint_anchor_15train_5validation_v1.0,right_camera_x_m; head_at_lower_x; rear_at_higher_x,experimental_not_ground_truth_validated
128,train,dataset/128/right-15.34.24.731.ply,0.964781920917511,-0.4784630790824889,1.443245,-0.000799258840071029,0.7570714615284119,top_right_fixed_rigid_endpoint_anchor_15train_5validation_v1.0,right_camera_x_m; head_at_lower_x; rear_at_higher_x,experimental_not_ground_truth_validated
129,train,dataset/129/right-15.41.02.257.ply,0.7462869209175111,-0.632698079082489,1.3789850000000001,0.005950386564390203,0.7561971189880181,top_right_fixed_rigid_endpoint_anchor_15train_5validation_v1.0,right_camera_x_m; head_at_lower_x; rear_at_higher_x,experimental_not_ground_truth_validated
130,application,dataset/130/right-15.43.36.017.ply,0.8779059209175111,-0.5761620790824888,1.454068,-0.0029907569862627856,0.7520009737970565,top_right_fixed_rigid_endpoint_anchor_15train_5validation_v1.0,right_camera_x_m; head_at_lower_x; rear_at_higher_x,experimental_not_ground_truth_validated
132,train,dataset/132/right-15.54.38.838.ply,0.6818249209175111,-0.8173710790824888,1.499196,0.005299925358631429,0.8007378275050758,top_right_fixed_rigid_endpoint_anchor_15train_5validation_v1.0,right_camera_x_m; head_at_lower_x; rear_at_higher_x,experimental_not_ground_truth_validated
133,application,dataset/133/right-15.56.56.862.ply,0.7450589209175111,-0.7340310790824889,1.47909,0.0012714530520621865,0.766364841511581,top_right_fixed_rigid_endpoint_anchor_15train_5validation_v1.0,right_camera_x_m; head_at_lower_x; rear_at_higher_x,experimental_not_ground_truth_validated
134,train,dataset/134/right-15.59.12.991.ply,0.515378920917511,-0.8046120790824889,1.319991,0.00988654189613306,0.7499004886365965,top_right_fixed_rigid_endpoint_anchor_15train_5validation_v1.0,right_camera_x_m; head_at_lower_x; rear_at_higher_x,experimental_not_ground_truth_validated
135,validation,dataset/135/right-16.01.20.679.ply,0.8361119209175112,-0.779496079082489,1.6156080000000002,-0.007738868856456342,0.8137987796861046,top_right_fixed_rigid_endpoint_anchor_15train_5validation_v1.0,right_camera_x_m; head_at_lower_x; rear_at_higher_x,experimental_not_ground_truth_validated
136,application,dataset/136/right-16.04.17.041.ply,0.673563920917511,-0.7661260790824889,1.43969,0.007240134321750335,0.7814772309447616,top_right_fixed_rigid_endpoint_anchor_15train_5validation_v1.0,right_camera_x_m; head_at_lower_x; rear_at_higher_x,experimental_not_ground_truth_validated
137,application,dataset/137/right-16.06.45.941.ply,0.621803920917511,-0.8479310790824888,1.4697349999999998,-0.021551926977012324,0.7853457741882607,top_right_fixed_rigid_endpoint_anchor_15train_5validation_v1.0,right_camera_x_m; head_at_lower_x; rear_at_higher_x,experimental_not_ground_truth_validated
138,train,dataset/138/right-16.13.36.508.ply,0.9539189209175112,-0.4512970790824889,1.405216,-0.0066244317793526025,0.7392118816687848,top_right_fixed_rigid_endpoint_anchor_15train_5validation_v1.0,right_camera_x_m; head_at_lower_x; rear_at_higher_x,experimental_not_ground_truth_validated
139,application,dataset/139/right-16.15.54.999.ply,0.6353549209175111,-0.868744079082489,1.504099,0.011571146591620415,0.8498768032618739,top_right_fixed_rigid_endpoint_anchor_15train_5validation_v1.0,right_camera_x_m; head_at_lower_x; rear_at_higher_x,experimental_not_ground_truth_validated
140,train,dataset/140/right-16.18.35.500.ply,1.066604920917511,-0.41134307908248896,1.477948,-0.005159009496499099,0.740533694959032,top_right_fixed_rigid_endpoint_anchor_15train_5validation_v1.0,right_camera_x_m; head_at_lower_x; rear_at_higher_x,experimental_not_ground_truth_validated
141,validation,dataset/141/right-16.21.59.522.ply,0.6659379209175111,-0.7035260790824889,1.369464,0.010015224446968394,0.7252946722921528,top_right_fixed_rigid_endpoint_anchor_15train_5validation_v1.0,right_camera_x_m; head_at_lower_x; rear_at_higher_x,experimental_not_ground_truth_validated
142,application,dataset/142/right-16.24.58.710.ply,0.555597920917511,-0.8632290790824888,1.4188269999999998,0.004199201825557558,0.8059685143460935,top_right_fixed_rigid_endpoint_anchor_15train_5validation_v1.0,right_camera_x_m; head_at_lower_x; rear_at_higher_x,experimental_not_ground_truth_validated
144,train,dataset/144/right-16.30.34.436.ply,0.9619119209175111,-0.6246420790824889,1.586554,0.002148828556791267,0.82763379113866,top_right_fixed_rigid_endpoint_anchor_15train_5validation_v1.0,right_camera_x_m; head_at_lower_x; rear_at_higher_x,experimental_not_ground_truth_validated
149,application,dataset/149/right-16.48.55.725.ply,0.576553920917511,-0.9121920790824889,1.488746,0.0021829138088849402,0.8473841932628651,top_right_fixed_rigid_endpoint_anchor_15train_5validation_v1.0,right_camera_x_m; head_at_lower_x; rear_at_higher_x,experimental_not_ground_truth_validated
151,application,dataset/151/right-16.53.35.537.ply,0.673350920917511,-0.9566490790824889,1.63,0.0009294884948721374,0.8588382227369695,top_right_fixed_rigid_endpoint_anchor_15train_5validation_v1.0,right_camera_x_m; head_at_lower_x; rear_at_higher_x,experimental_not_ground_truth_validated
154,application,dataset/154/right-17.02.57.428.ply,0.8105309209175111,-0.7348620790824889,1.545393,-0.0034278155080423875,0.7960384405758645,top_right_fixed_rigid_endpoint_anchor_15train_5validation_v1.0,right_camera_x_m; head_at_lower_x; rear_at_higher_x,experimental_not_ground_truth_validated
