cow_id,sample_role,right_source_ply,rightview_rear_boundary_x_m,rightview_head_boundary_x_m,rightview_core_length_m,top_rear_boundary_ratio,top_head_boundary_ratio,right_robust_rear_endpoint_x_m,right_robust_head_endpoint_x_m,method_version,coordinate_system,status
1,application,dataset/1/right-12.09.07.778.ply,0.7428816595457204,-0.6289012958035809,1.3717829553493013,0.012255007297988962,0.7173471744803644,0.7667242306470872,-1.1788128483295441,rightview_full_body_endpoint_proportional_pca45_48_v1.0,right_camera_x_m; head_at_lower_x; rear_at_higher_x,experimental_proportional_reference_not_manual_ground_truth
2,application,dataset/2/right-12.15.22.188.ply,0.8053591598614204,-0.4923513306048184,1.2977104904662387,0.02271250882903422,0.7052975888442532,0.8485395073890687,-1.0526308059692382,rightview_full_body_endpoint_proportional_pca45_48_v1.0,right_camera_x_m; head_at_lower_x; rear_at_higher_x,experimental_proportional_reference_not_manual_ground_truth
4,application,dataset/4/right-12.24.08.096.ply,0.5879883843634565,-0.9517267551212015,1.539715139484658,-0.005912848485847236,0.7933169771895957,0.5765972900390625,-1.3499013090133667,rightview_full_body_endpoint_proportional_pca45_48_v1.0,right_camera_x_m; head_at_lower_x; rear_at_higher_x,experimental_proportional_reference_not_manual_ground_truth
6,application,dataset/6/right-12.31.11.492.ply,0.7477566238038066,-0.8328375462073369,1.5805941700111434,-0.013602062832702733,0.759544284831371,0.7199490278959274,-1.3244170546531677,rightview_full_body_endpoint_proportional_pca45_48_v1.0,right_camera_x_m; head_at_lower_x; rear_at_higher_x,experimental_proportional_reference_not_manual_ground_truth
13,train,dataset/13/right-12.59.51.501.ply,0.8694221289709178,-0.5668626619555802,1.436284790926498,0.01261778773664697,0.7339393642148626,0.8945464801788318,-1.0966386413574218,rightview_full_body_endpoint_proportional_pca45_48_v1.0,right_camera_x_m; head_at_lower_x; rear_at_higher_x,experimental_proportional_reference_not_manual_ground_truth
16,application,dataset/16/right-13.12.28.352.ply,0.5793302022941257,-0.7471613387965979,1.3264915410907236,0.033144557025582215,0.7493421044526108,0.6407182574272152,-1.2114125490188599,rightview_full_body_endpoint_proportional_pca45_48_v1.0,right_camera_x_m; head_at_lower_x; rear_at_higher_x,experimental_proportional_reference_not_manual_ground_truth
20,application,dataset/20/right-13.27.56.550.ply,0.7994270655370914,-0.5881738976777802,1.3876009632148716,-0.0002776463713232748,0.7465652441161137,0.7989112108945844,-1.0590444326400756,rightview_full_body_endpoint_proportional_pca45_48_v1.0,right_camera_x_m; head_at_lower_x; rear_at_higher_x,experimental_proportional_reference_not_manual_ground_truth
21,application,dataset/21/right-13.31.25.534.ply,0.8424584206285494,-0.5883336187799657,1.430792039408515,0.03976353341914542,0.7228772895300933,0.9257437396049504,-1.1687713050842286,rightview_full_body_endpoint_proportional_pca45_48_v1.0,right_camera_x_m; head_at_lower_x; rear_at_higher_x,experimental_proportional_reference_not_manual_ground_truth
22,application,dataset/22/right-13.41.45.457.ply,1.0718896280691985,-0.5656584817839343,1.6375481098531328,0.003465394436221015,0.7922409162634733,1.0790840071439742,-0.9969795426726341,rightview_full_body_endpoint_proportional_pca45_48_v1.0,right_camera_x_m; head_at_lower_x; rear_at_higher_x,experimental_proportional_reference_not_manual_ground_truth
23,application,dataset/23/right-13.45.59.323.ply,0.5431947229983658,-0.860759019921401,1.4039537429197668,0.00039165854767020706,0.7563727715790725,0.5439220830798144,-1.3132059836387635,rightview_full_body_endpoint_proportional_pca45_48_v1.0,right_camera_x_m; head_at_lower_x; rear_at_higher_x,experimental_proportional_reference_not_manual_ground_truth
24,application,dataset/24/right-13.49.32.068.ply,0.8433744340906855,-0.6363759679982629,1.4797504020889485,0.009586073265269847,0.7399654484829257,0.8627958419919012,-1.163206605911255,rightview_full_body_endpoint_proportional_pca45_48_v1.0,right_camera_x_m; head_at_lower_x; rear_at_higher_x,experimental_proportional_reference_not_manual_ground_truth
25,application,dataset/25/right-13.52.04.645.ply,0.5244282298133323,-0.8752478787939367,1.3996761086072689,-0.0050218824625572955,0.7357442998707816,0.5149393936991692,-1.3745584559440613,rightview_full_body_endpoint_proportional_pca45_48_v1.0,right_camera_x_m; head_at_lower_x; rear_at_higher_x,experimental_proportional_reference_not_manual_ground_truth
26,application,dataset/26/right-13.56.26.505.ply,0.8324619715470887,-0.5925955234570156,1.4250574950041042,0.016414307627233053,0.7445249943464916,0.8645880377292633,-1.0926109445095062,rightview_full_body_endpoint_proportional_pca45_48_v1.0,right_camera_x_m; head_at_lower_x; rear_at_higher_x,experimental_proportional_reference_not_manual_ground_truth
27,application,dataset/27/right-15.30.41.954.ply,1.2787753550139445,-0.15623878052948492,1.4350141355434294,0.008474912469338949,0.7676630642266119,1.2947945976257325,-0.5954010438919067,rightview_full_body_endpoint_proportional_pca45_48_v1.0,right_camera_x_m; head_at_lower_x; rear_at_higher_x,experimental_proportional_reference_not_manual_ground_truth
28,application,dataset/28/right-15.36.47.043.ply,0.6330219096621794,-0.8456196058625572,1.4786415155247368,0.01786931513222997,0.7564754388469762,0.6687951186299325,-1.3331399697065354,rightview_full_body_endpoint_proportional_pca45_48_v1.0,right_camera_x_m; head_at_lower_x; rear_at_higher_x,experimental_proportional_reference_not_manual_ground_truth
39,application,dataset/39/right-16.21.22.394.ply,1.0220640370252898,-0.5588190839809271,1.5808831210062169,0.01237709543438681,0.810447290114027,1.046581606268882,-0.934300691485405,rightview_full_body_endpoint_proportional_pca45_48_v1.0,right_camera_x_m; head_at_lower_x; rear_at_higher_x,experimental_proportional_reference_not_manual_ground_truth
50,application,dataset/50/right-17.57.16.366.ply,0.9440720034867733,-0.5048317944588393,1.4489037979456127,-0.0034478872793764544,0.7209387510271708,0.9371756076812742,-1.0630045741796494,rightview_full_body_endpoint_proportional_pca45_48_v1.0,right_camera_x_m; head_at_lower_x; rear_at_higher_x,experimental_proportional_reference_not_manual_ground_truth
51,validation,dataset/51/right-18.00.21.476.ply,1.2178019450877864,-0.2580232975134764,1.4758252426012628,-0.0011476540019700612,0.7350026324028617,1.2155011421442032,-0.7892868337035179,rightview_full_body_endpoint_proportional_pca45_48_v1.0,right_camera_x_m; head_at_lower_x; rear_at_higher_x,experimental_proportional_reference_not_manual_ground_truth
76,train,dataset/76/right-19.45.11.352.ply,0.6106297586126316,-0.9348679979089188,1.5454977565215504,0.01267994918605045,0.7932960184369546,0.6357340753078461,-1.344109560251236,rightview_full_body_endpoint_proportional_pca45_48_v1.0,right_camera_x_m; head_at_lower_x; rear_at_higher_x,experimental_proportional_reference_not_manual_ground_truth
82,application,dataset/82/right-20.14.10.418.ply,0.7042855684166864,-0.7901148787311794,1.4944004471478658,0.007747010324414128,0.7773614717674151,0.7193283414840699,-1.2224236941337585,rightview_full_body_endpoint_proportional_pca45_48_v1.0,right_camera_x_m; head_at_lower_x; rear_at_higher_x,experimental_proportional_reference_not_manual_ground_truth
87,application,dataset/87/right-20.31.00.370.ply,0.8169686494985318,-0.6413613088810932,1.458329958379625,0.009092830914739461,0.747023702635477,0.8349382835626602,-1.1413036847114564,rightview_full_body_endpoint_proportional_pca45_48_v1.0,right_camera_x_m; head_at_lower_x; rear_at_higher_x,experimental_proportional_reference_not_manual_ground_truth
97,train,dataset/97/right-12.01.06.346.ply,1.0630910745668771,-0.3283351189204593,1.3914261934873364,0.010220495219842907,0.7499938861945529,1.0823146164417263,-0.7985670298337937,rightview_full_body_endpoint_proportional_pca45_48_v1.0,right_camera_x_m; head_at_lower_x; rear_at_higher_x,experimental_proportional_reference_not_manual_ground_truth
98,application,dataset/98/right-12.04.46.900.ply,1.0908199721045193,-0.4181990062887664,1.5090189783932857,0.012041532590252792,0.7702908704811003,1.1147842544317246,-0.8753513157367706,rightview_full_body_endpoint_proportional_pca45_48_v1.0,right_camera_x_m; head_at_lower_x; rear_at_higher_x,experimental_proportional_reference_not_manual_ground_truth
99,application,dataset/99/right-12.07.51.244.ply,0.7068981368569572,-0.6340826916491155,1.3409808285060727,0.022028822124101375,0.7244152312586083,0.7489550840854641,-1.1602231276035309,rightview_full_body_endpoint_proportional_pca45_48_v1.0,right_camera_x_m; head_at_lower_x; rear_at_higher_x,experimental_proportional_reference_not_manual_ground_truth
100,application,dataset/100/right-12.13.31.385.ply,0.7240875114995237,-0.7340957512714956,1.4581832627710192,0.011941434962134763,0.7377576137111616,0.7480781596899033,-1.2609474110603331,rightview_full_body_endpoint_proportional_pca45_48_v1.0,right_camera_x_m; head_at_lower_x; rear_at_higher_x,experimental_proportional_reference_not_manual_ground_truth
102,validation,dataset/102/right-12.19.51.764.ply,0.9602515974430035,-0.3132344501071542,1.2734860475501577,0.022282896398749898,0.6980511318115743,1.0022437423467636,-0.8822574532032013,rightview_full_body_endpoint_proportional_pca45_48_v1.0,right_camera_x_m; head_at_lower_x; rear_at_higher_x,experimental_proportional_reference_not_manual_ground_truth
103,application,dataset/103/right-12.24.09.149.ply,1.1572971992795897,-0.31827767450196176,1.4755748737815515,0.016453408061287835,0.7334973641665242,1.191155982017517,-0.8667023420333863,rightview_full_body_endpoint_proportional_pca45_48_v1.0,right_camera_x_m; head_at_lower_x; rear_at_higher_x,experimental_proportional_reference_not_manual_ground_truth
104,train,dataset/104/right-12.28.17.846.ply,0.3175178447177459,-1.0057788136067256,1.3232966583244714,0.019187588185301075,0.7506816151748766,0.35222882032394437,-1.4568039393424987,rightview_full_body_endpoint_proportional_pca45_48_v1.0,right_camera_x_m; head_at_lower_x; rear_at_higher_x,experimental_proportional_reference_not_manual_ground_truth
105,application,dataset/105/right-12.31.06.341.ply,0.5927749145201364,-0.6360912463977629,1.2288661609178995,0.01134209536868576,0.7338502648451334,0.6120659312605857,-1.0887676548957825,rightview_full_body_endpoint_proportional_pca45_48_v1.0,right_camera_x_m; head_at_lower_x; rear_at_higher_x,experimental_proportional_reference_not_manual_ground_truth
107,application,dataset/107/right-12.35.51.089.ply,0.7827320333090316,-0.4229563159396761,1.2056883492487076,0.030736263601368413,0.7105360131756688,0.8372456675767899,-0.9363477325439453,rightview_full_body_endpoint_proportional_pca45_48_v1.0,right_camera_x_m; head_at_lower_x; rear_at_higher_x,experimental_proportional_reference_not_manual_ground_truth
110,application,dataset/110/right-12.43.43.016.ply,0.8242031900468092,-0.3671836164570912,1.1913868065039004,0.03650932077630646,0.6993211876320599,0.8898277288675307,-0.907645832002163,rightview_full_body_endpoint_proportional_pca45_48_v1.0,right_camera_x_m; head_at_lower_x; rear_at_higher_x,experimental_proportional_reference_not_manual_ground_truth
111,application,dataset/111/right-12.46.25.997.ply,0.6540817831172889,-0.5991794282291394,1.2532612113464283,-0.002901004524578603,0.7077292324851931,0.64896559715271,-1.1146255731582642,rightview_full_body_endpoint_proportional_pca45_48_v1.0,right_camera_x_m; head_at_lower_x; rear_at_higher_x,experimental_proportional_reference_not_manual_ground_truth
112,application,dataset/112/right-13.12.33.533.ply,0.9437717520147172,-0.721165384419323,1.6649371364340402,0.006438909389144946,0.8319802614361421,0.9567576301097868,-1.0600246089696883,rightview_full_body_endpoint_proportional_pca45_48_v1.0,right_camera_x_m; head_at_lower_x; rear_at_higher_x,experimental_proportional_reference_not_manual_ground_truth
114,validation,dataset/114/right-13.20.39.991.ply,0.6360502405825056,-0.8240935734102942,1.4601438139927998,0.007621820893829902,0.7505926475909229,0.6510292333364486,-1.31424821972847,rightview_full_body_endpoint_proportional_pca45_48_v1.0,right_camera_x_m; head_at_lower_x; rear_at_higher_x,experimental_proportional_reference_not_manual_ground_truth
117,application,dataset/117/right-13.29.21.432.ply,1.0618691541733516,-0.46949012390512856,1.5313592780784802,0.0012168570264072336,0.7319386256864834,1.0644192975759503,-1.0312610882520676,rightview_full_body_endpoint_proportional_pca45_48_v1.0,right_camera_x_m; head_at_lower_x; rear_at_higher_x,experimental_proportional_reference_not_manual_ground_truth
119,train,dataset/119/right-13.34.35.087.ply,1.1245293406813144,-0.5974423821761292,1.7219717228574436,0.00034485627647022485,0.737159813133708,1.1253352862596513,-1.2117124444246292,rightview_full_body_endpoint_proportional_pca45_48_v1.0,right_camera_x_m; head_at_lower_x; rear_at_higher_x,experimental_proportional_reference_not_manual_ground_truth
120,train,dataset/120/right-13.38.22.934.ply,0.7241975409101473,-0.8575244854311485,1.5817220263412959,0.007836233397579022,0.7681286167960043,0.7405001413822169,-1.3399126851558685,rightview_full_body_endpoint_proportional_pca45_48_v1.0,right_camera_x_m; head_at_lower_x; rear_at_higher_x,experimental_proportional_reference_not_manual_ground_truth
122,application,dataset/122/right-13.45.51.636.ply,1.0472616229806224,-0.7498895873928433,1.7971512103734657,-0.011859399469777088,0.7949661730658858,1.0208455860614776,-1.2065890312194825,rightview_full_body_endpoint_proportional_pca45_48_v1.0,right_camera_x_m; head_at_lower_x; rear_at_higher_x,experimental_proportional_reference_not_manual_ground_truth
123,application,dataset/123/right-13.47.57.166.ply,0.7276002076293485,-0.8228434694935879,1.5504436771229364,0.004684350483659502,0.7712535980886155,0.7370746570825576,-1.2855001878738403,rightview_full_body_endpoint_proportional_pca45_48_v1.0,right_camera_x_m; head_at_lower_x; rear_at_higher_x,experimental_proportional_reference_not_manual_ground_truth
124,train,dataset/124/right-15.16.55.439.ply,0.8773410176301386,-0.689962706204002,1.5673037238341405,-0.010330579221051505,0.7614864342937377,0.8563630461692809,-1.174304451942444,rightview_full_body_endpoint_proportional_pca45_48_v1.0,right_camera_x_m; head_at_lower_x; rear_at_higher_x,experimental_proportional_reference_not_manual_ground_truth
125,train,dataset/125/right-15.19.57.973.ply,0.8702453000846414,-0.9066691337291304,1.7769144338137717,-3.674038231213664e-05,0.818853579133909,0.8701655769348149,-1.2997397100925445,rightview_full_body_endpoint_proportional_pca45_48_v1.0,right_camera_x_m; head_at_lower_x; rear_at_higher_x,experimental_proportional_reference_not_manual_ground_truth
126,application,dataset/126/right-15.25.26.573.ply,0.9207939262466085,-0.5528059772710568,1.4735999035176652,0.013394961835479197,0.7575284928639664,0.9473198300600053,-1.0329697847366333,rightview_full_body_endpoint_proportional_pca45_48_v1.0,right_camera_x_m; head_at_lower_x; rear_at_higher_x,experimental_proportional_reference_not_manual_ground_truth
127,application,dataset/127/right-15.31.00.665.ply,0.8876266201303149,-0.8368366659037311,1.7244632860340459,-0.00205118950555922,0.8707107549677175,0.883573738336563,-1.0922952795028686,rightview_full_body_endpoint_proportional_pca45_48_v1.0,right_camera_x_m; head_at_lower_x; rear_at_higher_x,experimental_proportional_reference_not_manual_ground_truth
128,train,dataset/128/right-15.34.24.731.ply,1.02524012920296,-0.5165320422631099,1.54177217146607,-0.000799258840071029,0.7570714615284119,1.0236141592264176,-1.0107330322265624,rightview_full_body_endpoint_proportional_pca45_48_v1.0,right_camera_x_m; head_at_lower_x; rear_at_higher_x,experimental_proportional_reference_not_manual_ground_truth
129,train,dataset/129/right-15.41.02.257.ply,0.8320464821784336,-0.6424738284060098,1.4745203105844433,0.005950386564390203,0.7561971189880181,0.8437412559986118,-1.121639260649681,rightview_full_body_endpoint_proportional_pca45_48_v1.0,right_camera_x_m; head_at_lower_x; rear_at_higher_x,experimental_proportional_reference_not_manual_ground_truth
130,application,dataset/130/right-15.43.36.017.ply,0.8898240671555752,-0.7184815049149526,1.6083055720705277,-0.0029907569862627856,0.7520009737970565,0.8834530687332153,-1.24677631855011,rightview_full_body_endpoint_proportional_pca45_48_v1.0,right_camera_x_m; head_at_lower_x; rear_at_higher_x,experimental_proportional_reference_not_manual_ground_truth
132,train,dataset/132/right-15.54.38.838.ply,0.6903251551862812,-0.9940878417399168,1.684412996926198,0.005299925358631429,0.8007378275050758,0.7015482351183888,-1.4160438388586045,rightview_full_body_endpoint_proportional_pca45_48_v1.0,right_camera_x_m; head_at_lower_x; rear_at_higher_x,experimental_proportional_reference_not_manual_ground_truth
133,application,dataset/133/right-15.56.56.862.ply,0.7660442261807651,-0.7836167464259857,1.5496609726067507,0.0012714530520621865,0.766364841511581,0.7686194950342179,-1.2568338626623154,rightview_full_body_endpoint_proportional_pca45_48_v1.0,right_camera_x_m; head_at_lower_x; rear_at_higher_x,experimental_proportional_reference_not_manual_ground_truth
134,train,dataset/134/right-15.59.12.991.ply,0.44409848658703427,-1.0184599363851905,1.4625584229722248,0.00988654189613306,0.7499004886365965,0.46363817930221557,-1.5127548730373384,rightview_full_body_endpoint_proportional_pca45_48_v1.0,right_camera_x_m; head_at_lower_x; rear_at_higher_x,experimental_proportional_reference_not_manual_ground_truth
135,validation,dataset/135/right-16.01.20.679.ply,0.9185534093456962,-0.8202636087499917,1.738817018095688,-0.007738868856456342,0.8137987796861046,0.9021737864613533,-1.2143658769130707,rightview_full_body_endpoint_proportional_pca45_48_v1.0,right_camera_x_m; head_at_lower_x; rear_at_higher_x,experimental_proportional_reference_not_manual_ground_truth
136,application,dataset/136/right-16.04.17.041.ply,0.7290266778226687,-0.8550532048871761,1.5840798827098448,0.007240134321750335,0.7814772309447616,0.7438399064540865,-1.3021481889486313,rightview_full_body_endpoint_proportional_pca45_48_v1.0,right_camera_x_m; head_at_lower_x; rear_at_higher_x,experimental_proportional_reference_not_manual_ground_truth
137,application,dataset/137/right-16.06.45.941.ply,0.7237676885297356,-0.8828450409647718,1.6066127294945074,-0.021551926977012324,0.7853457741882607,0.6808556810021397,-1.3102427285909652,rightview_full_body_endpoint_proportional_pca45_48_v1.0,right_camera_x_m; head_at_lower_x; rear_at_higher_x,experimental_proportional_reference_not_manual_ground_truth
138,train,dataset/138/right-16.13.36.508.ply,1.080446265549675,-0.4509756202406743,1.5314218857903492,-0.0066244317793526025,0.7392118816687848,1.0668443536758425,-0.9864505290985107,rightview_full_body_endpoint_proportional_pca45_48_v1.0,right_camera_x_m; head_at_lower_x; rear_at_higher_x,experimental_proportional_reference_not_manual_ground_truth
139,application,dataset/139/right-16.15.54.999.ply,0.62017904986646,-1.114561169311346,1.734740219177806,0.011571146591620415,0.8498768032618739,0.6441236972808837,-1.4252172470092774,rightview_full_body_endpoint_proportional_pca45_48_v1.0,right_camera_x_m; head_at_lower_x; rear_at_higher_x,experimental_proportional_reference_not_manual_ground_truth
140,train,dataset/140/right-16.18.35.500.ply,1.167658259322767,-0.4630934042852657,1.6307516636080326,-0.005159009496499099,0.740533694959032,1.1563760471343985,-1.0305189752578736,rightview_full_body_endpoint_proportional_pca45_48_v1.0,right_camera_x_m; head_at_lower_x; rear_at_higher_x,experimental_proportional_reference_not_manual_ground_truth
141,validation,dataset/141/right-16.21.59.522.ply,0.7340653163179925,-0.7026643308777921,1.4367296471957847,0.010015224446968394,0.7252946722921528,0.7541821670532228,-1.2544448828697206,rightview_full_body_endpoint_proportional_pca45_48_v1.0,right_camera_x_m; head_at_lower_x; rear_at_higher_x,experimental_proportional_reference_not_manual_ground_truth
142,application,dataset/142/right-16.24.58.710.ply,0.6326926462785973,-1.0257192863731723,1.6584119326517697,0.004199201825557558,0.8059685143460935,0.6413784444332122,-1.427061824798584,rightview_full_body_endpoint_proportional_pca45_48_v1.0,right_camera_x_m; head_at_lower_x; rear_at_higher_x,experimental_proportional_reference_not_manual_ground_truth
144,train,dataset/144/right-16.30.34.436.ply,1.0535055644930358,-0.6684013099224755,1.7219068744155113,0.002148828556791267,0.82763379113866,1.0579878783226015,-1.0279457879066467,rightview_full_body_endpoint_proportional_pca45_48_v1.0,right_camera_x_m; head_at_lower_x; rear_at_higher_x,experimental_proportional_reference_not_manual_ground_truth
149,application,dataset/149/right-16.48.55.725.ply,0.6864716716252975,-1.0901727169853883,1.776644388610686,0.0021829138088849402,0.8473841932628651,0.691060237288475,-1.4109767943620681,rightview_full_body_endpoint_proportional_pca45_48_v1.0,right_camera_x_m; head_at_lower_x; rear_at_higher_x,experimental_proportional_reference_not_manual_ground_truth
151,application,dataset/151/right-16.53.35.537.ply,0.801103844017997,-0.9486345743801117,1.7497384183981086,0.0009294884948721374,0.8588382227369695,0.8029995721578598,-1.2365395402908326,rightview_full_body_endpoint_proportional_pca45_48_v1.0,right_camera_x_m; head_at_lower_x; rear_at_higher_x,experimental_proportional_reference_not_manual_ground_truth
154,application,dataset/154/right-17.02.57.428.ply,0.9919731207777571,-0.7208906998660938,1.712863820643851,-0.0034278155080423875,0.7960384405758645,0.9846289944648743,-1.157880220413208,rightview_full_body_endpoint_proportional_pca45_48_v1.0,right_camera_x_m; head_at_lower_x; rear_at_higher_x,experimental_proportional_reference_not_manual_ground_truth
