cow_id,source_top_ply,extracted_top_ply,rear_axis_x_m,rear_axis_y_m,head_axis_x_m,head_axis_y_m,pca_full_length_m,marker_ratio_from_rear,marker_distance_from_rear_m,marker_distance_to_head_m,marker_x_m,marker_y_m,display_orientation,method_version,preview_group_number,preview_group_file
1,dataset/1/top-12.09.07.765.ply,point_clouds/cow_001_top_cattle.ply,-0.486376,-0.303977,1.354996,-0.210753,1.8437303372673566,0.6,1.1062382023604138,0.7374921349069427,0.6184472000000001,-0.2480426,rear_left_head_right_pca_axis_horizontal,pca_full_axis_rear60pct_preview_v1.0,1,cattle_3d_extraction_66/pca_horizontal_60pct_preview_61/groups_2cols_10cows/pca_horizontal_60pct_group_01_cows_001_023.png
2,dataset/2/top-12.15.22.142.ply,point_clouds/cow_002_top_cattle.ply,-0.555054,-0.353789,1.214365,-0.101444,1.7873224657531723,0.6,1.0723934794519034,0.714928986301269,0.5065974000000001,-0.20238199999999998,rear_left_head_right_pca_axis_horizontal,pca_full_axis_rear60pct_preview_v1.0,1,cattle_3d_extraction_66/pca_horizontal_60pct_preview_61/groups_2cols_10cows/pca_horizontal_60pct_group_01_cows_001_023.png
4,dataset/4/top-12.24.08.106.ply,point_clouds/cow_004_top_cattle.ply,-0.213509,0.051017,1.512056,-0.010523,1.7266620227551772,0.6,1.0359972136531064,0.690664809102071,0.8218300000000001,0.014093000000000001,rear_left_head_right_pca_axis_horizontal,pca_full_axis_rear60pct_preview_v1.0,1,cattle_3d_extraction_66/pca_horizontal_60pct_preview_61/groups_2cols_10cows/pca_horizontal_60pct_group_01_cows_001_023.png
6,dataset/6/top-12.31.11.495.ply,point_clouds/cow_006_top_cattle.ply,-0.406953,-0.087146,1.45005,0.175277,1.8754535379310255,0.6,1.1252721227586153,0.7501814151724102,0.7072488,0.07030779999999995,rear_left_head_right_pca_axis_horizontal,pca_full_axis_rear60pct_preview_v1.0,1,cattle_3d_extraction_66/pca_horizontal_60pct_preview_61/groups_2cols_10cows/pca_horizontal_60pct_group_01_cows_001_023.png
13,dataset/13/top-12.59.51.546.ply,point_clouds/cow_013_top_cattle.ply,-0.341282,-0.391514,1.418298,-0.453078,1.7606566679781723,0.6,1.0563940007869033,0.704262667191269,0.7144659999999999,-0.42845239999999996,rear_left_head_right_pca_axis_horizontal,pca_full_axis_rear60pct_preview_v1.0,1,cattle_3d_extraction_66/pca_horizontal_60pct_preview_61/groups_2cols_10cows/pca_horizontal_60pct_group_01_cows_001_023.png
16,dataset/16/top-13.12.28.405.ply,point_clouds/cow_016_top_cattle.ply,-0.147767,0.102313,1.541711,0.101851,1.6894780631686226,0.6,1.0136868379011734,0.6757912252674491,0.8659197999999999,0.1020358,rear_left_head_right_pca_axis_horizontal,pca_full_axis_rear60pct_preview_v1.0,1,cattle_3d_extraction_66/pca_horizontal_60pct_preview_61/groups_2cols_10cows/pca_horizontal_60pct_group_01_cows_001_023.png
20,dataset/20/top-13.27.56.530.ply,point_clouds/cow_020_top_cattle.ply,-0.661809,0.144242,1.142407,-0.102412,1.820997960013135,0.6,1.092598776007881,0.728399184005254,0.4207206,-0.003750399999999987,rear_left_head_right_pca_axis_horizontal,pca_full_axis_rear60pct_preview_v1.0,1,cattle_3d_extraction_66/pca_horizontal_60pct_preview_61/groups_2cols_10cows/pca_horizontal_60pct_group_01_cows_001_023.png
21,dataset/21/top-13.31.25.505.ply,point_clouds/cow_021_top_cattle.ply,-0.618353,-0.023718,1.185938,-0.222597,1.8152186836086721,0.6,1.0891312101652033,0.7260874734434689,0.4642216,-0.1430454,rear_left_head_right_pca_axis_horizontal,pca_full_axis_rear60pct_preview_v1.0,1,cattle_3d_extraction_66/pca_horizontal_60pct_preview_61/groups_2cols_10cows/pca_horizontal_60pct_group_01_cows_001_023.png
22,dataset/22/top-13.41.45.435.ply,point_clouds/cow_022_top_cattle.ply,-0.768845,0.122188,1.03124,0.097177,1.8002587473321716,0.6,1.0801552483993029,0.7201034989328687,0.31120599999999987,0.10718140000000001,rear_left_head_right_pca_axis_horizontal,pca_full_axis_rear60pct_preview_v1.0,1,cattle_3d_extraction_66/pca_horizontal_60pct_preview_61/groups_2cols_10cows/pca_horizontal_60pct_group_01_cows_001_023.png
23,dataset/23/top-13.45.59.353.ply,point_clouds/cow_023_top_cattle.ply,-0.357773,0.254446,1.401431,0.27312,1.759303109726121,0.6,1.0555818658356726,0.7037212438904484,0.6977494000000001,0.2656504,rear_left_head_right_pca_axis_horizontal,pca_full_axis_rear60pct_preview_v1.0,1,cattle_3d_extraction_66/pca_horizontal_60pct_preview_61/groups_2cols_10cows/pca_horizontal_60pct_group_01_cows_001_023.png
24,dataset/24/top-13.49.32.005.ply,point_clouds/cow_024_top_cattle.ply,-0.676322,0.306908,1.170944,0.243461,1.8483552679517539,0.6,1.1090131607710523,0.7393421071807016,0.4320375999999998,0.2688398,rear_left_head_right_pca_axis_horizontal,pca_full_axis_rear60pct_preview_v1.0,2,cattle_3d_extraction_66/pca_horizontal_60pct_preview_61/groups_2cols_10cows/pca_horizontal_60pct_group_02_cows_024_082.png
25,dataset/25/top-13.52.04.612.ply,point_clouds/cow_025_top_cattle.ply,-0.325817,-0.192407,1.439867,0.133106,1.7954383033189973,0.6,1.0772629819913984,0.718175321327599,0.7335934,0.002900800000000009,rear_left_head_right_pca_axis_horizontal,pca_full_axis_rear60pct_preview_v1.0,2,cattle_3d_extraction_66/pca_horizontal_60pct_preview_61/groups_2cols_10cows/pca_horizontal_60pct_group_02_cows_024_082.png
26,dataset/26/top-13.56.26.514.ply,point_clouds/cow_026_top_cattle.ply,-0.577123,-0.23342,1.227891,-0.402444,1.8129105473718223,0.6,1.0877463284230933,0.725164218948729,0.5058853999999999,-0.3348344,rear_left_head_right_pca_axis_horizontal,pca_full_axis_rear60pct_preview_v1.0,2,cattle_3d_extraction_66/pca_horizontal_60pct_preview_61/groups_2cols_10cows/pca_horizontal_60pct_group_02_cows_024_082.png
27,dataset/27/top-15.30.41.933.ply,point_clouds/cow_027_top_cattle.ply,-1.014312,-0.10314,0.732492,0.149951,1.765043701639424,0.6,1.0590262209836543,0.7060174806557696,0.03377039999999987,0.04871459999999998,rear_left_head_right_pca_axis_horizontal,pca_full_axis_rear60pct_preview_v1.0,2,cattle_3d_extraction_66/pca_horizontal_60pct_preview_61/groups_2cols_10cows/pca_horizontal_60pct_group_02_cows_024_082.png
28,dataset/28/top-15.36.47.071.ply,point_clouds/cow_028_top_cattle.ply,-0.263133,-0.491132,1.427362,-0.109693,1.732994245733667,0.6,1.0397965474402,0.6931976982934668,0.7511639999999999,-0.2622686,rear_left_head_right_pca_axis_horizontal,pca_full_axis_rear60pct_preview_v1.0,2,cattle_3d_extraction_66/pca_horizontal_60pct_preview_61/groups_2cols_10cows/pca_horizontal_60pct_group_02_cows_024_082.png
39,dataset/39/top-16.21.22.404.ply,point_clouds/cow_039_top_cattle.ply,-0.373061,-0.188896,1.415402,-0.079228,1.7918222491622882,0.6,1.075093349497373,0.7167288996649153,0.7000168000000001,-0.12309520000000002,rear_left_head_right_pca_axis_horizontal,pca_full_axis_rear60pct_preview_v1.0,2,cattle_3d_extraction_66/pca_horizontal_60pct_preview_61/groups_2cols_10cows/pca_horizontal_60pct_group_02_cows_024_082.png
50,dataset/50/top-17.57.16.387.ply,point_clouds/cow_050_top_cattle.ply,-0.31553,-0.223781,1.464359,0.226804,1.8360369534805119,0.6,1.101622172088307,0.7344147813922048,0.7524033999999998,0.04657,rear_left_head_right_pca_axis_horizontal,pca_full_axis_rear60pct_preview_v1.0,2,cattle_3d_extraction_66/pca_horizontal_60pct_preview_61/groups_2cols_10cows/pca_horizontal_60pct_group_02_cows_024_082.png
51,dataset/51/top-18.00.21.471.ply,point_clouds/cow_051_top_cattle.ply,-0.416913,-0.00153,1.412041,-0.135641,1.833864360970298,0.6,1.1003186165821788,0.7335457443881193,0.6804594,-0.0819966,rear_left_head_right_pca_axis_horizontal,pca_full_axis_rear60pct_preview_v1.0,2,cattle_3d_extraction_66/pca_horizontal_60pct_preview_61/groups_2cols_10cows/pca_horizontal_60pct_group_02_cows_024_082.png
76,dataset/76/top-19.45.11.274.ply,point_clouds/cow_076_top_cattle.ply,-0.269779,-0.054054,1.446632,-0.079031,1.7165927214834624,0.6,1.0299556328900774,0.686637088593385,0.7600676,-0.0690402,rear_left_head_right_pca_axis_horizontal,pca_full_axis_rear60pct_preview_v1.0,2,cattle_3d_extraction_66/pca_horizontal_60pct_preview_61/groups_2cols_10cows/pca_horizontal_60pct_group_02_cows_024_082.png
82,dataset/82/top-20.14.10.429.ply,point_clouds/cow_082_top_cattle.ply,-0.359781,0.091753,1.406836,0.133833,1.7671180920043235,0.6,1.0602708552025941,0.7068472368017295,0.7001892000000002,0.11700100000000001,rear_left_head_right_pca_axis_horizontal,pca_full_axis_rear60pct_preview_v1.0,2,cattle_3d_extraction_66/pca_horizontal_60pct_preview_61/groups_2cols_10cows/pca_horizontal_60pct_group_02_cows_024_082.png
87,dataset/87/top-20.31.00.342.ply,point_clouds/cow_087_top_cattle.ply,-0.332458,-0.148835,1.452132,-0.271279,1.7887856219334948,0.6,1.073271373160097,0.715514248773398,0.7382960000000001,-0.2223014,rear_left_head_right_pca_axis_horizontal,pca_full_axis_rear60pct_preview_v1.0,3,cattle_3d_extraction_66/pca_horizontal_60pct_preview_61/groups_2cols_10cows/pca_horizontal_60pct_group_03_cows_087_107.png
97,dataset/97/top-12.01.06.363.ply,point_clouds/cow_097_top_cattle.ply,-0.742898,-0.136393,0.932949,-0.102473,1.6761902439189296,0.6,1.0057141463513577,0.6704760975675719,0.2626102,-0.11604099999999999,rear_left_head_right_pca_axis_horizontal,pca_full_axis_rear60pct_preview_v1.0,3,cattle_3d_extraction_66/pca_horizontal_60pct_preview_61/groups_2cols_10cows/pca_horizontal_60pct_group_03_cows_087_107.png
98,dataset/98/top-12.04.46.910.ply,point_clouds/cow_098_top_cattle.ply,-0.711199,-0.191019,1.05237,-0.435379,1.780417767649211,0.6,1.0682506605895266,0.7121671070596844,0.34694239999999976,-0.337635,rear_left_head_right_pca_axis_horizontal,pca_full_axis_rear60pct_preview_v1.0,3,cattle_3d_extraction_66/pca_horizontal_60pct_preview_61/groups_2cols_10cows/pca_horizontal_60pct_group_03_cows_087_107.png
99,dataset/99/top-12.07.51.258.ply,point_clouds/cow_099_top_cattle.ply,-0.393508,0.229285,1.364641,0.069334,1.7654099321692964,0.6,1.0592459593015777,0.7061639728677186,0.6613813999999998,0.1333144,rear_left_head_right_pca_axis_horizontal,pca_full_axis_rear60pct_preview_v1.0,3,cattle_3d_extraction_66/pca_horizontal_60pct_preview_61/groups_2cols_10cows/pca_horizontal_60pct_group_03_cows_087_107.png
100,dataset/100/top-12.13.31.354.ply,point_clouds/cow_100_top_cattle.ply,-0.411201,0.420829,1.364801,0.35269,1.7773086471755544,0.6,1.0663851883053326,0.7109234588702218,0.6544002,0.3799456,rear_left_head_right_pca_axis_horizontal,pca_full_axis_rear60pct_preview_v1.0,3,cattle_3d_extraction_66/pca_horizontal_60pct_preview_61/groups_2cols_10cows/pca_horizontal_60pct_group_03_cows_087_107.png
102,dataset/102/top-12.19.51.759.ply,point_clouds/cow_102_top_cattle.ply,-0.66284,0.284038,1.115971,-0.024389,1.8053519845309947,0.6,1.0832111907185968,0.7221407938123979,0.4044466000000001,0.09898179999999998,rear_left_head_right_pca_axis_horizontal,pca_full_axis_rear60pct_preview_v1.0,3,cattle_3d_extraction_66/pca_horizontal_60pct_preview_61/groups_2cols_10cows/pca_horizontal_60pct_group_03_cows_087_107.png
103,dataset/103/top-12.24.09.127.ply,point_clouds/cow_103_top_cattle.ply,-0.846334,-0.310981,1.024158,-0.5253,1.8827301866770503,0.6,1.1296381120062302,0.7530920746708202,0.27596120000000013,-0.4395724,rear_left_head_right_pca_axis_horizontal,pca_full_axis_rear60pct_preview_v1.0,3,cattle_3d_extraction_66/pca_horizontal_60pct_preview_61/groups_2cols_10cows/pca_horizontal_60pct_group_03_cows_087_107.png
104,dataset/104/top-12.28.17.838.ply,point_clouds/cow_104_top_cattle.ply,-0.048805,-0.055168,1.55228,0.141643,1.6131359976598378,0.6,0.9678815985959026,0.6452543990639352,0.9118459999999999,0.06291859999999999,rear_left_head_right_pca_axis_horizontal,pca_full_axis_rear60pct_preview_v1.0,3,cattle_3d_extraction_66/pca_horizontal_60pct_preview_61/groups_2cols_10cows/pca_horizontal_60pct_group_03_cows_087_107.png
105,dataset/105/top-12.31.06.345.ply,point_clouds/cow_105_top_cattle.ply,-0.327314,-0.061804,1.26612,-0.258414,1.605517799482771,0.6,0.9633106796896626,0.6422071197931084,0.6287463999999998,-0.17976999999999999,rear_left_head_right_pca_axis_horizontal,pca_full_axis_rear60pct_preview_v1.0,3,cattle_3d_extraction_66/pca_horizontal_60pct_preview_61/groups_2cols_10cows/pca_horizontal_60pct_group_03_cows_087_107.png
107,dataset/107/top-12.35.51.048.ply,point_clouds/cow_107_top_cattle.ply,-0.518245,0.062388,1.133518,-0.365898,1.706385040360176,0.6,1.0238310242161055,0.6825540161440704,0.4728127999999999,-0.19458359999999997,rear_left_head_right_pca_axis_horizontal,pca_full_axis_rear60pct_preview_v1.0,3,cattle_3d_extraction_66/pca_horizontal_60pct_preview_61/groups_2cols_10cows/pca_horizontal_60pct_group_03_cows_087_107.png
110,dataset/110/top-12.43.43.056.ply,point_clouds/cow_110_top_cattle.ply,-0.478113,-0.093599,1.153555,0.111507,1.6445087210045437,0.6,0.9867052326027261,0.6578034884018176,0.5008878,0.029464599999999994,rear_left_head_right_pca_axis_horizontal,pca_full_axis_rear60pct_preview_v1.0,4,cattle_3d_extraction_66/pca_horizontal_60pct_preview_61/groups_2cols_10cows/pca_horizontal_60pct_group_04_cows_110_124.png
111,dataset/111/top-12.46.25.999.ply,point_clouds/cow_111_top_cattle.ply,-0.354857,0.317676,1.357952,-0.283626,1.815290270365872,0.6,1.0891741622195232,0.7261161081463489,0.6728284,-0.04310520000000001,rear_left_head_right_pca_axis_horizontal,pca_full_axis_rear60pct_preview_v1.0,4,cattle_3d_extraction_66/pca_horizontal_60pct_preview_61/groups_2cols_10cows/pca_horizontal_60pct_group_04_cows_110_124.png
112,dataset/112/top-13.12.33.514.ply,point_clouds/cow_112_top_cattle.ply,-0.55494,-0.10691,1.317739,-0.242159,1.8775566380383841,0.6,1.1265339828230305,0.7510226552153537,0.5686674,-0.18805940000000002,rear_left_head_right_pca_axis_horizontal,pca_full_axis_rear60pct_preview_v1.0,4,cattle_3d_extraction_66/pca_horizontal_60pct_preview_61/groups_2cols_10cows/pca_horizontal_60pct_group_04_cows_110_124.png
114,dataset/114/top-13.20.39.997.ply,point_clouds/cow_114_top_cattle.ply,-0.45543,-0.083937,1.39124,-0.283379,1.8574087326875581,0.6,1.1144452396125348,0.7429634930750233,0.6525719999999999,-0.2036022,rear_left_head_right_pca_axis_horizontal,pca_full_axis_rear60pct_preview_v1.0,4,cattle_3d_extraction_66/pca_horizontal_60pct_preview_61/groups_2cols_10cows/pca_horizontal_60pct_group_04_cows_110_124.png
117,dataset/117/top-13.29.21.437.ply,point_clouds/cow_117_top_cattle.ply,-0.785554,0.014559,1.099615,0.127403,1.888543334662194,0.6,1.1331260007973163,0.7554173338648776,0.3455473999999997,0.08226539999999999,rear_left_head_right_pca_axis_horizontal,pca_full_axis_rear60pct_preview_v1.0,4,cattle_3d_extraction_66/pca_horizontal_60pct_preview_61/groups_2cols_10cows/pca_horizontal_60pct_group_04_cows_110_124.png
119,dataset/119/top-13.34.35.017.ply,point_clouds/cow_119_top_cattle.ply,-0.737354,0.074637,1.188185,-0.168156,1.9407856350895636,0.6,1.1644713810537382,0.7763142540358254,0.41796940000000016,-0.07103879999999997,rear_left_head_right_pca_axis_horizontal,pca_full_axis_rear60pct_preview_v1.0,4,cattle_3d_extraction_66/pca_horizontal_60pct_preview_61/groups_2cols_10cows/pca_horizontal_60pct_group_04_cows_110_124.png
120,dataset/120/top-13.38.22.918.ply,point_clouds/cow_120_top_cattle.ply,-0.465733,-0.181385,1.372273,-0.293081,1.8413967667105318,0.6,1.104838060026319,0.7365587066842127,0.6370705999999999,-0.24840259999999997,rear_left_head_right_pca_axis_horizontal,pca_full_axis_rear60pct_preview_v1.0,4,cattle_3d_extraction_66/pca_horizontal_60pct_preview_61/groups_2cols_10cows/pca_horizontal_60pct_group_04_cows_110_124.png
122,dataset/122/top-13.45.51.673.ply,point_clouds/cow_122_top_cattle.ply,-0.633937,-0.076895,1.255951,0.079164,1.8963204012046595,0.6,1.1377922407227956,0.7585281604818639,0.4999958,0.016740400000000003,rear_left_head_right_pca_axis_horizontal,pca_full_axis_rear60pct_preview_v1.0,4,cattle_3d_extraction_66/pca_horizontal_60pct_preview_61/groups_2cols_10cows/pca_horizontal_60pct_group_04_cows_110_124.png
123,dataset/123/top-13.47.57.125.ply,point_clouds/cow_123_top_cattle.ply,-0.637482,0.224475,1.285311,0.05015,1.930679187869906,0.6,1.1584075127219435,0.7722716751479625,0.5161937999999998,0.11988000000000001,rear_left_head_right_pca_axis_horizontal,pca_full_axis_rear60pct_preview_v1.0,4,cattle_3d_extraction_66/pca_horizontal_60pct_preview_61/groups_2cols_10cows/pca_horizontal_60pct_group_04_cows_110_124.png
124,dataset/124/top-15.16.55.421.ply,point_clouds/cow_124_top_cattle.ply,-0.696278,0.10753,1.233042,0.175309,1.9305102059406472,0.6,1.1583061235643883,0.7722040823762589,0.461314,0.14819739999999998,rear_left_head_right_pca_axis_horizontal,pca_full_axis_rear60pct_preview_v1.0,4,cattle_3d_extraction_66/pca_horizontal_60pct_preview_61/groups_2cols_10cows/pca_horizontal_60pct_group_04_cows_110_124.png
125,dataset/125/top-15.19.57.964.ply,point_clouds/cow_125_top_cattle.ply,-0.591942,0.064023,1.312832,0.033581,1.9050172457067152,0.6,1.143010347424029,0.7620068982826861,0.5509223999999999,0.0457578,rear_left_head_right_pca_axis_horizontal,pca_full_axis_rear60pct_preview_v1.0,5,cattle_3d_extraction_66/pca_horizontal_60pct_preview_61/groups_2cols_10cows/pca_horizontal_60pct_group_05_cows_125_135.png
126,dataset/126/top-15.25.26.513.ply,point_clouds/cow_126_top_cattle.ply,-0.834608,0.485235,1.006825,-0.015347,1.9082604204387303,0.6,1.1449562522632382,0.7633041681754922,0.27025180000000004,0.1848858,rear_left_head_right_pca_axis_horizontal,pca_full_axis_rear60pct_preview_v1.0,5,cattle_3d_extraction_66/pca_horizontal_60pct_preview_61/groups_2cols_10cows/pca_horizontal_60pct_group_05_cows_125_135.png
127,dataset/127/top-15.31.00.654.ply,point_clouds/cow_127_top_cattle.ply,-0.725076,0.162861,1.127019,-0.154522,1.8790922962201724,0.6,1.1274553777321035,0.751636918488069,0.3861810000000001,-0.027568800000000004,rear_left_head_right_pca_axis_horizontal,pca_full_axis_rear60pct_preview_v1.0,5,cattle_3d_extraction_66/pca_horizontal_60pct_preview_61/groups_2cols_10cows/pca_horizontal_60pct_group_05_cows_125_135.png
128,dataset/128/top-15.34.24.764.ply,point_clouds/cow_128_top_cattle.ply,-0.781033,0.23617,1.123309,-0.054841,1.926449027377833,0.6,1.1558694164266998,0.7705796109511333,0.3615722,0.06156339999999996,rear_left_head_right_pca_axis_horizontal,pca_full_axis_rear60pct_preview_v1.0,5,cattle_3d_extraction_66/pca_horizontal_60pct_preview_61/groups_2cols_10cows/pca_horizontal_60pct_group_05_cows_125_135.png
129,dataset/129/top-15.41.02.256.ply,point_clouds/cow_129_top_cattle.ply,-0.574997,0.093367,1.263045,-0.228739,1.8660521613824195,0.6,1.1196312968294517,0.7464208645529679,0.5278282000000001,-0.0998966,rear_left_head_right_pca_axis_horizontal,pca_full_axis_rear60pct_preview_v1.0,5,cattle_3d_extraction_66/pca_horizontal_60pct_preview_61/groups_2cols_10cows/pca_horizontal_60pct_group_05_cows_125_135.png
130,dataset/130/top-15.43.36.003.ply,point_clouds/cow_130_top_cattle.ply,-0.689919,-0.034853,1.23602,0.139293,1.9337962304847425,0.6,1.1602777382908454,0.773518492193897,0.46564439999999996,0.06963459999999999,rear_left_head_right_pca_axis_horizontal,pca_full_axis_rear60pct_preview_v1.0,5,cattle_3d_extraction_66/pca_horizontal_60pct_preview_61/groups_2cols_10cows/pca_horizontal_60pct_group_05_cows_125_135.png
132,dataset/132/top-15.54.38.811.ply,point_clouds/cow_132_top_cattle.ply,-0.509587,0.176969,1.375156,0.115254,1.885753143249137,0.6,1.1314518859494822,0.7543012572996548,0.6212587999999999,0.13993999999999998,rear_left_head_right_pca_axis_horizontal,pca_full_axis_rear60pct_preview_v1.0,5,cattle_3d_extraction_66/pca_horizontal_60pct_preview_61/groups_2cols_10cows/pca_horizontal_60pct_group_05_cows_125_135.png
133,dataset/133/top-15.56.56.862.ply,point_clouds/cow_133_top_cattle.ply,-0.56529,0.016615,1.367925,-0.051201,1.9344041061993744,0.6,1.1606424637196247,0.7737616424797498,0.594639,-0.024074599999999998,rear_left_head_right_pca_axis_horizontal,pca_full_axis_rear60pct_preview_v1.0,5,cattle_3d_extraction_66/pca_horizontal_60pct_preview_61/groups_2cols_10cows/pca_horizontal_60pct_group_05_cows_125_135.png
134,dataset/134/top-15.59.12.936.ply,point_clouds/cow_134_top_cattle.ply,-0.350787,-0.144726,1.432951,-0.138367,1.783749334835195,0.6,1.0702496009011169,0.7134997339340781,0.7194558,-0.1409106,rear_left_head_right_pca_axis_horizontal,pca_full_axis_rear60pct_preview_v1.0,5,cattle_3d_extraction_66/pca_horizontal_60pct_preview_61/groups_2cols_10cows/pca_horizontal_60pct_group_05_cows_125_135.png
135,dataset/135/top-16.01.20.638.ply,point_clouds/cow_135_top_cattle.ply,-0.638666,0.013831,1.3279,-0.131287,1.9719130473426054,0.6,1.1831478284055632,0.7887652189370422,0.5412736,-0.0732398,rear_left_head_right_pca_axis_horizontal,pca_full_axis_rear60pct_preview_v1.0,5,cattle_3d_extraction_66/pca_horizontal_60pct_preview_61/groups_2cols_10cows/pca_horizontal_60pct_group_05_cows_125_135.png
136,dataset/136/top-16.04.17.045.ply,point_clouds/cow_136_top_cattle.ply,-0.5048,0.247827,1.354695,0.209249,1.8598951360517613,0.6,1.1159370816310568,0.7439580544207045,0.6108969999999999,0.2246802,rear_left_head_right_pca_axis_horizontal,pca_full_axis_rear60pct_preview_v1.0,6,cattle_3d_extraction_66/pca_horizontal_60pct_preview_61/groups_2cols_10cows/pca_horizontal_60pct_group_06_cows_136_151.png
137,dataset/137/top-16.06.45.972.ply,point_clouds/cow_137_top_cattle.ply,-0.400321,0.123195,1.421143,-0.092447,1.8341844442312774,0.6,1.1005106665387663,0.733673777692511,0.6925573999999999,-0.006190199999999979,rear_left_head_right_pca_axis_horizontal,pca_full_axis_rear60pct_preview_v1.0,6,cattle_3d_extraction_66/pca_horizontal_60pct_preview_61/groups_2cols_10cows/pca_horizontal_60pct_group_06_cows_136_151.png
138,dataset/138/top-16.13.36.500.ply,point_clouds/cow_138_top_cattle.ply,-0.759211,0.140486,1.12487,-0.133535,1.9039035487655356,0.6,1.1423421292593212,0.7615614195062143,0.37123760000000006,-0.023926599999999965,rear_left_head_right_pca_axis_horizontal,pca_full_axis_rear60pct_preview_v1.0,6,cattle_3d_extraction_66/pca_horizontal_60pct_preview_61/groups_2cols_10cows/pca_horizontal_60pct_group_06_cows_136_151.png
139,dataset/139/top-16.15.54.936.ply,point_clouds/cow_139_top_cattle.ply,-0.473889,0.023933,1.320324,-0.135157,1.801252319212664,0.6,1.0807513915275984,0.7205009276850656,0.6026388,-0.07152100000000002,rear_left_head_right_pca_axis_horizontal,pca_full_axis_rear60pct_preview_v1.0,6,cattle_3d_extraction_66/pca_horizontal_60pct_preview_61/groups_2cols_10cows/pca_horizontal_60pct_group_06_cows_136_151.png
140,dataset/140/top-16.18.35.453.ply,point_clouds/cow_140_top_cattle.ply,-0.874153,0.269942,1.107827,0.165468,1.9847316032844338,0.6,1.1908389619706603,0.7938926413137736,0.31503499999999995,0.20725760000000001,rear_left_head_right_pca_axis_horizontal,pca_full_axis_rear60pct_preview_v1.0,6,cattle_3d_extraction_66/pca_horizontal_60pct_preview_61/groups_2cols_10cows/pca_horizontal_60pct_group_06_cows_136_151.png
141,dataset/141/top-16.21.59.506.ply,point_clouds/cow_141_top_cattle.ply,-0.502886,-0.175024,1.4117,-0.228612,1.9153357995766693,0.6,1.1492014797460015,0.7661343198306678,0.6458655999999997,-0.2071768,rear_left_head_right_pca_axis_horizontal,pca_full_axis_rear60pct_preview_v1.0,6,cattle_3d_extraction_66/pca_horizontal_60pct_preview_61/groups_2cols_10cows/pca_horizontal_60pct_group_06_cows_136_151.png
142,dataset/142/top-16.24.58.675.ply,point_clouds/cow_142_top_cattle.ply,-0.380802,0.101203,1.388818,0.029235,1.7710828149536093,0.6,1.0626496889721655,0.7084331259814438,0.68097,0.0580222,rear_left_head_right_pca_axis_horizontal,pca_full_axis_rear60pct_preview_v1.0,6,cattle_3d_extraction_66/pca_horizontal_60pct_preview_61/groups_2cols_10cows/pca_horizontal_60pct_group_06_cows_136_151.png
144,dataset/144/top-16.30.34.437.ply,point_clouds/cow_144_top_cattle.ply,-0.783815,-0.013733,1.138151,-0.140487,1.9261411894438059,0.6,1.1556847136662836,0.7704564757775224,0.36936460000000004,-0.0897854,rear_left_head_right_pca_axis_horizontal,pca_full_axis_rear60pct_preview_v1.0,6,cattle_3d_extraction_66/pca_horizontal_60pct_preview_61/groups_2cols_10cows/pca_horizontal_60pct_group_06_cows_136_151.png
149,dataset/149/top-16.48.55.702.ply,point_clouds/cow_149_top_cattle.ply,-0.398172,0.055996,1.363238,0.128307,1.762893663503559,0.6,1.0577361981021354,0.7051574654014237,0.658674,0.09938260000000002,rear_left_head_right_pca_axis_horizontal,pca_full_axis_rear60pct_preview_v1.0,6,cattle_3d_extraction_66/pca_horizontal_60pct_preview_61/groups_2cols_10cows/pca_horizontal_60pct_group_06_cows_136_151.png
151,dataset/151/top-16.53.35.598.ply,point_clouds/cow_151_top_cattle.ply,-0.49289,-0.042534,1.407079,-0.040705,1.8999698803407385,0.6,1.139981928204443,0.7599879521362954,0.6470913999999999,-0.0414366,rear_left_head_right_pca_axis_horizontal,pca_full_axis_rear60pct_preview_v1.0,6,cattle_3d_extraction_66/pca_horizontal_60pct_preview_61/groups_2cols_10cows/pca_horizontal_60pct_group_06_cows_136_151.png
154,dataset/154/top-17.02.57.428.ply,point_clouds/cow_154_top_cattle.ply,-0.621678,0.07674,1.311353,-0.07264,1.938794272572776,0.6,1.1632765635436655,0.7755177090291104,0.5381406,-0.012887999999999997,rear_left_head_right_pca_axis_horizontal,pca_full_axis_rear60pct_preview_v1.0,7,cattle_3d_extraction_66/pca_horizontal_60pct_preview_61/groups_2cols_10cows/pca_horizontal_60pct_group_07_cows_154_154.png
