cow_id,boundary_method,boundary_method_version,volume_method_version,top_source_ply,right_source_ply,top_core_length_m,right_rear_boundary_x_m,right_head_boundary_x_m,right_core_length_m,right_rear_boundary_profile_u_m,right_head_boundary_profile_u_m,slice_count,slice_thickness_m,mean_top_width_m,mean_corrected_right_depth_m,min_corrected_right_depth_m,max_corrected_right_depth_m,elliptical_core_torso_volume_m3,elliptical_core_torso_volume_l,right_profile_extrapolated_slice_fraction,right_boundary_outside_valid_profile,rightview_horizontal_rotation_deg,leg_udder_handling,cross_section_assumption,status
1,proportional,rightview_full_body_endpoint_proportional_pca45_48_v1.0,top_width_right_depth_elliptical_slices_1cm_v1.0,dataset/1/top-12.09.07.765.ply,dataset/1/right-12.09.07.778.ply,1.3,0.7428816595457204,-0.6289012958035809,1.3717829553493013,0.8212559406706286,-0.5590225350030964,130,0.01,0.44546991160123817,0.6382372045322373,0.5065343948241757,0.7140691939049001,0.290394554620516,290.394554620516,0.0,False,5.344736946044122,41cm rolling 90pct corrected belly contour,ellipse_area=pi*top_width*corrected_right_depth/4,ok
2,proportional,rightview_full_body_endpoint_proportional_pca45_48_v1.0,top_width_right_depth_elliptical_slices_1cm_v1.0,dataset/2/top-12.15.22.142.ply,dataset/2/right-12.15.22.188.ply,1.22,0.8053591598614204,-0.4923513306048184,1.2977104904662387,0.9053868046726792,-0.39794125285118215,122,0.01,0.46850134784512165,0.6066587455319611,0.5615765262606432,0.6405135902541267,0.2711632261801472,271.1632261801472,0.0,False,7.173774493407854,41cm rolling 90pct corrected belly contour,ellipse_area=pi*top_width*corrected_right_depth/4,ok
4,proportional,rightview_full_body_endpoint_proportional_pca45_48_v1.0,top_width_right_depth_elliptical_slices_1cm_v1.0,dataset/4/top-12.24.08.106.ply,dataset/4/right-12.24.08.096.ply,1.38,0.5879883843634565,-0.9517267551212015,1.539715139484658,0.6628400517904139,-0.8955144468704657,138,0.009999999999999998,0.46642538707732506,0.5697129660069982,0.45573460105865615,0.677211539531705,0.2868111448534655,286.81114485346546,0.0,False,4.686757208299854,41cm rolling 90pct corrected belly contour,ellipse_area=pi*top_width*corrected_right_depth/4,ok
6,proportional,rightview_full_body_endpoint_proportional_pca45_48_v1.0,top_width_right_depth_elliptical_slices_1cm_v1.0,dataset/6/top-12.31.11.495.ply,dataset/6/right-12.31.11.492.ply,1.45,0.7477566238038066,-0.8328375462073369,1.5805941700111434,0.8145708692120879,-0.7731405690420394,145,0.01,0.45381663248779913,0.5958854686112781,0.47933668014132436,0.6863375385126183,0.308803928721342,308.803928721342,0.013793103448275862,False,4.385381859114125,41cm rolling 90pct corrected belly contour,ellipse_area=pi*top_width*corrected_right_depth/4,ok
13,proportional,rightview_full_body_endpoint_proportional_pca45_48_v1.0,top_width_right_depth_elliptical_slices_1cm_v1.0,dataset/13/top-12.59.51.546.ply,dataset/13/right-12.59.51.501.ply,1.27,0.8694221289709178,-0.5668626619555802,1.436284790926498,0.9541972273842445,-0.4933134043814396,127,0.01,0.4457967217333803,0.5816361274628717,0.31457697957432107,0.6758881896026836,0.2571961811100165,257.19618111001654,0.015748031496062992,False,5.884134344447547,41cm rolling 90pct corrected belly contour,ellipse_area=pi*top_width*corrected_right_depth/4,ok
16,proportional,rightview_full_body_endpoint_proportional_pca45_48_v1.0,top_width_right_depth_elliptical_slices_1cm_v1.0,dataset/16/top-13.12.28.405.ply,dataset/16/right-13.12.28.352.ply,1.21,0.5793302022941257,-0.7471613387965979,1.3264915410907236,0.655458750381542,-0.6786932328257339,121,0.01,0.41312705978725084,0.5540681916777938,0.3154312294844834,0.6248791632752735,0.21982195852324463,219.82195852324463,0.0,False,5.738440139179618,41cm rolling 90pct corrected belly contour,ellipse_area=pi*top_width*corrected_right_depth/4,ok
20,proportional,rightview_full_body_endpoint_proportional_pca45_48_v1.0,top_width_right_depth_elliptical_slices_1cm_v1.0,dataset/20/top-13.27.56.530.ply,dataset/20/right-13.27.56.550.ply,1.36,0.7994270655370914,-0.5881738976777802,1.3876009632148716,0.8038799241631173,-0.5840911412017469,136,0.01,0.46348294841402427,0.5092129548122835,0.3615687362061189,0.557552044501221,0.25289546295929444,252.89546295929443,0.0,False,0.2867473720694949,41cm rolling 90pct corrected belly contour,ellipse_area=pi*top_width*corrected_right_depth/4,ok
21,proportional,rightview_full_body_endpoint_proportional_pca45_48_v1.0,top_width_right_depth_elliptical_slices_1cm_v1.0,dataset/21/top-13.31.25.505.ply,dataset/21/right-13.31.25.534.ply,1.24,0.8424584206285494,-0.5883336187799657,1.430792039408515,0.8883707047937438,-0.5499429737319431,124,0.01,0.45483583202947103,0.5386328292673093,0.25375113083261036,0.6161034776534122,0.23943443749805207,239.43443749805206,0.04032258064516129,True,3.1398177948782213,41cm rolling 90pct corrected belly contour,ellipse_area=pi*top_width*corrected_right_depth/4,review_required
22,proportional,rightview_full_body_endpoint_proportional_pca45_48_v1.0,top_width_right_depth_elliptical_slices_1cm_v1.0,dataset/22/top-13.41.45.435.ply,dataset/22/right-13.41.45.457.ply,1.42,1.0718896280691985,-0.5656584817839343,1.6375481098531328,1.1751094343009463,-0.4602104025862206,142,0.01,0.4343802468026017,0.6094211593753165,0.3285256714208987,0.6980977348219077,0.2951805249955506,295.18052499555057,0.0,False,8.093969077331627,41cm rolling 90pct corrected belly contour,ellipse_area=pi*top_width*corrected_right_depth/4,ok
23,proportional,rightview_full_body_endpoint_proportional_pca45_48_v1.0,top_width_right_depth_elliptical_slices_1cm_v1.0,dataset/23/top-13.45.59.353.ply,dataset/23/right-13.45.59.323.ply,1.33,0.5431947229983658,-0.860759019921401,1.4039537429197668,0.5734300199556442,-0.8323649955538596,133,0.01,0.4608363499257518,0.5738595970741875,0.4633043455310182,0.6671848386314805,0.2787709566451795,278.77095664517947,0.0,False,2.137906960225816,41cm rolling 90pct corrected belly contour,ellipse_area=pi*top_width*corrected_right_depth/4,ok
24,proportional,rightview_full_body_endpoint_proportional_pca45_48_v1.0,top_width_right_depth_elliptical_slices_1cm_v1.0,dataset/24/top-13.49.32.005.ply,dataset/24/right-13.49.32.068.ply,1.35,0.8433744340906855,-0.6363759679982629,1.4797504020889485,0.8573935127590531,-0.6202978450789977,135,0.01,0.45391366605001954,0.570533168635178,0.4680423729165537,0.7864283381237326,0.2763377963542154,276.3377963542154,0.05185185185185185,True,1.179816952755146,41cm rolling 90pct corrected belly contour,ellipse_area=pi*top_width*corrected_right_depth/4,review_required
25,proportional,rightview_full_body_endpoint_proportional_pca45_48_v1.0,top_width_right_depth_elliptical_slices_1cm_v1.0,dataset/25/top-13.52.04.612.ply,dataset/25/right-13.52.04.645.ply,1.33,0.5244282298133323,-0.8752478787939367,1.3996761086072689,0.5911817251990166,-0.8162792516854636,133,0.01,0.4385069909402353,0.5657320930169638,0.514143193696753,0.6304664599066774,0.25898847217691695,258.98847217691696,0.007518796992481203,False,4.437985991491033,41cm rolling 90pct corrected belly contour,ellipse_area=pi*top_width*corrected_right_depth/4,ok
26,proportional,rightview_full_body_endpoint_proportional_pca45_48_v1.0,top_width_right_depth_elliptical_slices_1cm_v1.0,dataset/26/top-13.56.26.514.ply,dataset/26/right-13.56.26.505.ply,1.32,0.8324619715470887,-0.5925955234570156,1.4250574950041042,0.8900927156727436,-0.5359097550165806,132,0.01,0.4389709666822621,0.5346410107963635,0.2679745210694847,0.6164114363283778,0.24640926099347754,246.40926099347755,0.007575757575757576,False,4.02402019843872,41cm rolling 90pct corrected belly contour,ellipse_area=pi*top_width*corrected_right_depth/4,ok
27,proportional,rightview_full_body_endpoint_proportional_pca45_48_v1.0,top_width_right_depth_elliptical_slices_1cm_v1.0,dataset/27/top-15.30.41.933.ply,dataset/27/right-15.30.41.954.ply,1.34,1.2787753550139445,-0.15623878052948492,1.4350141355434294,1.3811723854896523,-0.07647805921230708,134,0.009999999999999998,0.46989973754196696,0.5903976595020087,0.41649408206156524,0.6978560804262417,0.2943428185822447,294.3428185822447,0.007462686567164179,False,6.819272078657909,41cm rolling 90pct corrected belly contour,ellipse_area=pi*top_width*corrected_right_depth/4,ok
28,proportional,rightview_full_body_endpoint_proportional_pca45_48_v1.0,top_width_right_depth_elliptical_slices_1cm_v1.0,dataset/28/top-15.36.47.071.ply,dataset/28/right-15.36.47.043.ply,1.28,0.6330219096621794,-0.8456196058625572,1.4786415155247368,0.7245898232817827,-0.7633880333202635,128,0.01,0.4674461576370497,0.6210744772848922,0.5641205274117265,0.7268679942912672,0.28898259105028423,288.9825910502842,0.0,False,6.0798002654231285,41cm rolling 90pct corrected belly contour,ellipse_area=pi*top_width*corrected_right_depth/4,ok
39,proportional,rightview_full_body_endpoint_proportional_pca45_48_v1.0,top_width_right_depth_elliptical_slices_1cm_v1.0,dataset/39/top-16.21.22.404.ply,dataset/39/right-16.21.22.394.ply,1.43,1.0220640370252898,-0.5588190839809271,1.5808831210062169,1.039893151821984,-0.5421455920746492,143,0.01,0.466608941939705,0.6110984700285698,0.46651756640892317,0.7780162169147851,0.3223442183229798,322.3442183229798,0.0,False,1.3009086098336176,41cm rolling 90pct corrected belly contour,ellipse_area=pi*top_width*corrected_right_depth/4,ok
50,proportional,rightview_full_body_endpoint_proportional_pca45_48_v1.0,top_width_right_depth_elliptical_slices_1cm_v1.0,dataset/50/top-17.57.16.387.ply,dataset/50/right-17.57.16.366.ply,1.33,0.9440720034867733,-0.5048317944588393,1.4489037979456127,0.9699861080646034,-0.4800311141775234,133,0.01,0.4838645658205598,0.6222581260723151,0.5599654716022361,0.7326816262508484,0.31211049419204395,312.110494192044,0.0,False,1.8613243578913405,41cm rolling 90pct corrected belly contour,ellipse_area=pi*top_width*corrected_right_depth/4,ok
51,proportional,rightview_full_body_endpoint_proportional_pca45_48_v1.0,top_width_right_depth_elliptical_slices_1cm_v1.0,dataset/51/top-18.00.21.471.ply,dataset/51/right-18.00.21.476.ply,1.35,1.2178019450877864,-0.2580232975134764,1.4758252426012628,1.2505912729234965,-0.22594468568186876,135,0.01,0.4677291257986229,0.5828150740531932,0.496853464559087,0.69635185735286,0.28982717370846606,289.82717370846603,0.0,False,2.357290347725932,41cm rolling 90pct corrected belly contour,ellipse_area=pi*top_width*corrected_right_depth/4,ok
76,proportional,rightview_full_body_endpoint_proportional_pca45_48_v1.0,top_width_right_depth_elliptical_slices_1cm_v1.0,dataset/76/top-19.45.11.274.ply,dataset/76/right-19.45.11.352.ply,1.34,0.6106297586126316,-0.9348679979089188,1.5454977565215504,0.6956033557042235,-0.8610608266297668,134,0.009999999999999998,0.5059359243090119,0.6176126710129171,0.564232719887031,0.7152338603657497,0.3253701868300518,325.3701868300518,0.0,False,5.613927093305812,41cm rolling 90pct corrected belly contour,ellipse_area=pi*top_width*corrected_right_depth/4,ok
82,proportional,rightview_full_body_endpoint_proportional_pca45_48_v1.0,top_width_right_depth_elliptical_slices_1cm_v1.0,dataset/82/top-20.14.10.429.ply,dataset/82/right-20.14.10.418.ply,1.36,0.7042855684166864,-0.7901148787311794,1.4944004471478658,0.7528287331860433,-0.7499458443375597,136,0.009999999999999998,0.46699007968983997,0.5717816255394543,0.3346540917080056,0.7132793331257422,0.284251405681231,284.25140568123095,0.0,False,3.115264210291824,41cm rolling 90pct corrected belly contour,ellipse_area=pi*top_width*corrected_right_depth/4,ok
87,proportional,rightview_full_body_endpoint_proportional_pca45_48_v1.0,top_width_right_depth_elliptical_slices_1cm_v1.0,dataset/87/top-20.31.00.342.ply,dataset/87/right-20.31.00.370.ply,1.32,0.8169686494985318,-0.6413613088810932,1.458329958379625,0.8650065603108674,-0.6031075674955032,132,0.009999999999999998,0.46416182337627876,0.6260372964569267,0.5632307644346477,0.7439796128224471,0.29860072252073044,298.60072252073047,0.0,False,3.1147304245876195,41cm rolling 90pct corrected belly contour,ellipse_area=pi*top_width*corrected_right_depth/4,ok
97,proportional,rightview_full_body_endpoint_proportional_pca45_48_v1.0,top_width_right_depth_elliptical_slices_1cm_v1.0,dataset/97/top-12.01.06.363.ply,dataset/97/right-12.01.06.346.ply,1.24,1.0630910745668771,-0.3283351189204593,1.3914261934873364,1.0921089574387641,-0.29876867658345,124,0.01,0.4546104746310121,0.6099668156190551,0.29972058175180066,0.7205204805671493,0.2693476170875851,269.3476170875851,0.0,False,2.535154126964447,41cm rolling 90pct corrected belly contour,ellipse_area=pi*top_width*corrected_right_depth/4,ok
98,proportional,rightview_full_body_endpoint_proportional_pca45_48_v1.0,top_width_right_depth_elliptical_slices_1cm_v1.0,dataset/98/top-12.04.46.910.ply,dataset/98/right-12.04.46.900.ply,1.35,1.0908199721045193,-0.4181990062887664,1.5090189783932857,1.117570511051496,-0.39266636643113717,135,0.01,0.45077820073082975,0.5766811655652404,0.2552897843358059,0.722975013079175,0.2803458326810977,280.3458326810977,0.05185185185185185,True,2.1742140734918105,41cm rolling 90pct corrected belly contour,ellipse_area=pi*top_width*corrected_right_depth/4,review_required
99,proportional,rightview_full_body_endpoint_proportional_pca45_48_v1.0,top_width_right_depth_elliptical_slices_1cm_v1.0,dataset/99/top-12.07.51.258.ply,dataset/99/right-12.07.51.244.ply,1.24,0.7068981368569572,-0.6340826916491155,1.3409808285060727,0.7819826156690242,-0.5572198300053856,124,0.01,0.4387573289789973,0.6172641423040659,0.5301100402537436,0.7490645719900209,0.26112564089698687,261.12564089698685,0.0,False,5.751536760145317,41cm rolling 90pct corrected belly contour,ellipse_area=pi*top_width*corrected_right_depth/4,ok
100,proportional,rightview_full_body_endpoint_proportional_pca45_48_v1.0,top_width_right_depth_elliptical_slices_1cm_v1.0,dataset/100/top-12.13.31.354.ply,dataset/100/right-12.13.31.385.ply,1.29,0.7240875114995237,-0.7340957512714956,1.4581832627710192,0.7652413464028227,-0.6943617325584844,129,0.01,0.43562770353305,0.5703138633162692,0.3188033014010986,0.6581001226550257,0.25259021992168273,252.59021992168275,0.03875968992248062,True,3.141709806413279,41cm rolling 90pct corrected belly contour,ellipse_area=pi*top_width*corrected_right_depth/4,review_required
102,proportional,rightview_full_body_endpoint_proportional_pca45_48_v1.0,top_width_right_depth_elliptical_slices_1cm_v1.0,dataset/102/top-12.19.51.759.ply,dataset/102/right-12.19.51.764.ply,1.22,0.9602515974430035,-0.3132344501071542,1.2734860475501577,1.0235980656796921,-0.2429775279878661,122,0.01,0.459911085942966,0.636731985473042,0.481989362360795,0.673068123630426,0.28066735773013585,280.66735773013585,0.0,False,5.301027814278615,41cm rolling 90pct corrected belly contour,ellipse_area=pi*top_width*corrected_right_depth/4,ok
103,proportional,rightview_full_body_endpoint_proportional_pca45_48_v1.0,top_width_right_depth_elliptical_slices_1cm_v1.0,dataset/103/top-12.24.09.127.ply,dataset/103/right-12.24.09.149.ply,1.35,1.1572971992795897,-0.31827767450196176,1.4755748737815515,1.186231686061783,-0.2839912014316843,135,0.01,0.45143320258696457,0.5625974524163604,0.5301362520505997,0.6028815739242709,0.27007861040621917,270.0786104062192,0.022222222222222223,True,2.245926680072731,41cm rolling 90pct corrected belly contour,ellipse_area=pi*top_width*corrected_right_depth/4,review_required
104,proportional,rightview_full_body_endpoint_proportional_pca45_48_v1.0,top_width_right_depth_elliptical_slices_1cm_v1.0,dataset/104/top-12.28.17.838.ply,dataset/104/right-12.28.17.846.ply,1.18,0.3175178447177459,-1.0057788136067256,1.3232966583244714,0.3725564387285591,-0.9558997904012299,118,0.010000000000000002,0.44098347475865907,0.5747512546461357,0.5192301151505888,0.6380552803715314,0.23252122091227803,232.52122091227804,0.0,False,4.326462713010057,41cm rolling 90pct corrected belly contour,ellipse_area=pi*top_width*corrected_right_depth/4,ok
105,proportional,rightview_full_body_endpoint_proportional_pca45_48_v1.0,top_width_right_depth_elliptical_slices_1cm_v1.0,dataset/105/top-12.31.06.345.ply,dataset/105/right-12.31.06.341.ply,1.16,0.5927749145201364,-0.6360912463977629,1.2288661609178995,0.6071802752395633,-0.6214419578770993,116,0.009999999999999998,0.39617019454672486,0.5445816329055085,0.43653458205598616,0.6831561538415537,0.1953684327605492,195.36843276054918,0.0,False,1.1803200757935033,41cm rolling 90pct corrected belly contour,ellipse_area=pi*top_width*corrected_right_depth/4,ok
107,proportional,rightview_full_body_endpoint_proportional_pca45_48_v1.0,top_width_right_depth_elliptical_slices_1cm_v1.0,dataset/107/top-12.35.51.048.ply,dataset/107/right-12.35.51.089.ply,1.16,0.7827320333090316,-0.4229563159396761,1.2056883492487076,0.8630183204926007,-0.341352784857892,116,0.009999999999999998,0.4443870027079246,0.5910585476854999,0.541629151748846,0.7396338121471291,0.2367672180064054,236.76721800640541,0.0,False,6.751205749783416,41cm rolling 90pct corrected belly contour,ellipse_area=pi*top_width*corrected_right_depth/4,ok
110,proportional,rightview_full_body_endpoint_proportional_pca45_48_v1.0,top_width_right_depth_elliptical_slices_1cm_v1.0,dataset/110/top-12.43.43.056.ply,dataset/110/right-12.43.43.016.ply,1.09,0.8242031900468092,-0.3671836164570912,1.1913868065039004,0.8759085478161974,-0.31260810035688924,109,0.01,0.3921820305071784,0.5214713725000898,0.47189638393179845,0.6400306864885364,0.17327418999362174,173.27418999362175,0.0,False,4.459837058590877,41cm rolling 90pct corrected belly contour,ellipse_area=pi*top_width*corrected_right_depth/4,ok
111,proportional,rightview_full_body_endpoint_proportional_pca45_48_v1.0,top_width_right_depth_elliptical_slices_1cm_v1.0,dataset/111/top-12.46.25.999.ply,dataset/111/right-12.46.25.997.ply,1.29,0.6540817831172889,-0.5991794282291394,1.2532612113464283,0.6886089790749983,-0.5673314080208246,129,0.01,0.46177529992717137,0.5501367379906494,0.3993821699298549,0.629118476856829,0.260860899125032,260.860899125032,0.0,False,2.3128370913664424,41cm rolling 90pct corrected belly contour,ellipse_area=pi*top_width*corrected_right_depth/4,ok
112,proportional,rightview_full_body_endpoint_proportional_pca45_48_v1.0,top_width_right_depth_elliptical_slices_1cm_v1.0,dataset/112/top-13.12.33.514.ply,dataset/112/right-13.12.33.533.ply,1.55,0.9437717520147172,-0.721165384419323,1.6649371364340402,1.0253507488608578,-0.650914471852467,155,0.01,0.4661674406146697,0.5871517688618549,0.4310747051523226,0.6672152633718074,0.33699164329203946,336.99164329203944,0.0,False,5.4579593444197405,41cm rolling 90pct corrected belly contour,ellipse_area=pi*top_width*corrected_right_depth/4,ok
114,proportional,rightview_full_body_endpoint_proportional_pca45_48_v1.0,top_width_right_depth_elliptical_slices_1cm_v1.0,dataset/114/top-13.20.39.997.ply,dataset/114/right-13.20.39.991.ply,1.38,0.6360502405825056,-0.8240935734102942,1.4601438139927998,0.72425789819429,-0.7456107053418592,138,0.009999999999999998,0.48168860336214425,0.6369452385687032,0.4593723270310089,0.7181678896154601,0.33310314714092204,333.10314714092203,0.0,False,5.807594708490259,41cm rolling 90pct corrected belly contour,ellipse_area=pi*top_width*corrected_right_depth/4,ok
117,proportional,rightview_full_body_endpoint_proportional_pca45_48_v1.0,top_width_right_depth_elliptical_slices_1cm_v1.0,dataset/117/top-13.29.21.437.ply,dataset/117/right-13.29.21.432.ply,1.38,1.0618691541733516,-0.46949012390512856,1.5313592780784802,1.1202708771415029,-0.4139363670169882,138,0.009999999999999998,0.4809293002560894,0.5840292343879441,0.28007576999233297,0.7118675514697067,0.3056074381602892,305.6074381602892,0.007246376811594203,False,4.089254185493413,41cm rolling 90pct corrected belly contour,ellipse_area=pi*top_width*corrected_right_depth/4,ok
119,proportional,rightview_full_body_endpoint_proportional_pca45_48_v1.0,top_width_right_depth_elliptical_slices_1cm_v1.0,dataset/119/top-13.34.35.017.ply,dataset/119/right-13.34.35.087.ply,1.43,1.1245293406813144,-0.5974423821761292,1.7219717228574436,1.1232867278059016,-0.5987827367138597,143,0.010000000000000002,0.4782700270564266,0.5121045536798094,0.31061614329704745,0.5998811962800816,0.2771946220554361,277.1946220554361,0.14685314685314685,True,-0.09111130802580703,41cm rolling 90pct corrected belly contour,ellipse_area=pi*top_width*corrected_right_depth/4,review_required
120,proportional,rightview_full_body_endpoint_proportional_pca45_48_v1.0,top_width_right_depth_elliptical_slices_1cm_v1.0,dataset/120/top-13.38.22.918.ply,dataset/120/right-13.38.22.934.ply,1.4,0.7241975409101473,-0.8575244854311485,1.5817220263412959,0.7804661961727642,-0.809099155548263,140,0.01,0.5046812871699247,0.5830442071402228,0.2849162399491177,0.693316035416683,0.3239841501180222,323.98415011802217,0.0,False,3.6379521220907267,41cm rolling 90pct corrected belly contour,ellipse_area=pi*top_width*corrected_right_depth/4,ok
122,proportional,rightview_full_body_endpoint_proportional_pca45_48_v1.0,top_width_right_depth_elliptical_slices_1cm_v1.0,dataset/122/top-13.45.51.673.ply,dataset/122/right-13.45.51.636.ply,1.53,1.0472616229806224,-0.7498895873928433,1.7971512103734657,1.0770646947094462,-0.7149485661068279,153,0.01,0.48599291343365375,0.5938435205424322,0.25562923891053885,0.7216983780599531,0.3514201687533165,351.4201687533165,0.05228758169934641,True,2.26301374616065,41cm rolling 90pct corrected belly contour,ellipse_area=pi*top_width*corrected_right_depth/4,review_required
123,proportional,rightview_full_body_endpoint_proportional_pca45_48_v1.0,top_width_right_depth_elliptical_slices_1cm_v1.0,dataset/123/top-13.47.57.125.ply,dataset/123/right-13.47.57.166.ply,1.48,0.7276002076293485,-0.8228434694935879,1.5504436771229364,0.8446861644813999,-0.7254196430349472,148,0.01,0.4958855666052323,0.5723048032037834,0.4892762245152136,0.6463219379024194,0.32863076791847734,328.6307679184773,0.0,False,7.441113073545814,41cm rolling 90pct corrected belly contour,ellipse_area=pi*top_width*corrected_right_depth/4,ok
124,proportional,rightview_full_body_endpoint_proportional_pca45_48_v1.0,top_width_right_depth_elliptical_slices_1cm_v1.0,dataset/124/top-15.16.55.421.ply,dataset/124/right-15.16.55.439.ply,1.49,0.8773410176301386,-0.689962706204002,1.5673037238341405,0.9671907582536093,-0.6185719880570499,149,0.01,0.48934198148435065,0.6107267580563133,0.535970134227684,0.753769386162399,0.34831080943351334,348.3108094335133,0.013422818791946308,True,5.5422855561619055,41cm rolling 90pct corrected belly contour,ellipse_area=pi*top_width*corrected_right_depth/4,review_required
125,proportional,rightview_full_body_endpoint_proportional_pca45_48_v1.0,top_width_right_depth_elliptical_slices_1cm_v1.0,dataset/125/top-15.19.57.964.ply,dataset/125/right-15.19.57.973.ply,1.56,0.8702453000846414,-0.9066691337291304,1.7769144338137717,0.942360321160251,-0.8459817798796072,156,0.01,0.46400776351779033,0.5724694201779837,0.25656375083585536,0.7281428453317744,0.32464152702785126,324.6415270278513,0.038461538461538464,True,4.4505918842817955,41cm rolling 90pct corrected belly contour,ellipse_area=pi*top_width*corrected_right_depth/4,review_required
126,proportional,rightview_full_body_endpoint_proportional_pca45_48_v1.0,top_width_right_depth_elliptical_slices_1cm_v1.0,dataset/126/top-15.25.26.513.ply,dataset/126/right-15.25.26.573.ply,1.42,0.9207939262466085,-0.5528059772710568,1.4735999035176652,0.9970304381011018,-0.47629663226319574,142,0.01,0.5039465192697974,0.6772510525918805,0.6291100510022837,0.8042122414821431,0.3802284469854468,380.2284469854468,0.0,False,5.34827698404147,41cm rolling 90pct corrected belly contour,ellipse_area=pi*top_width*corrected_right_depth/4,ok
127,proportional,rightview_full_body_endpoint_proportional_pca45_48_v1.0,top_width_right_depth_elliptical_slices_1cm_v1.0,dataset/127/top-15.31.00.654.ply,dataset/127/right-15.31.00.665.ply,1.64,0.8876266201303149,-0.8368366659037311,1.7244632860340459,0.9487464483507576,-0.7758984531044762,164,0.01,0.4459152975078779,0.5065292169572486,0.3893607139751628,0.5741372372441612,0.2942321545582005,294.23215455820053,0.0,False,3.854798124834128,41cm rolling 90pct corrected belly contour,ellipse_area=pi*top_width*corrected_right_depth/4,ok
128,proportional,rightview_full_body_endpoint_proportional_pca45_48_v1.0,top_width_right_depth_elliptical_slices_1cm_v1.0,dataset/128/top-15.34.24.764.ply,dataset/128/right-15.34.24.731.ply,1.46,1.02524012920296,-0.5165320422631099,1.54177217146607,1.0811747715843132,-0.455792556173653,146,0.01,0.46589123110854913,0.6366651111578658,0.5362913442730632,0.780705022276968,0.33976290559062594,339.76290559062596,0.0136986301369863,False,4.193539958258383,41cm rolling 90pct corrected belly contour,ellipse_area=pi*top_width*corrected_right_depth/4,ok
129,proportional,rightview_full_body_endpoint_proportional_pca45_48_v1.0,top_width_right_depth_elliptical_slices_1cm_v1.0,dataset/129/top-15.41.02.256.ply,dataset/129/right-15.41.02.257.ply,1.4,0.8320464821784336,-0.6424738284060098,1.4745203105844433,0.9044516791748342,-0.5644013474006513,140,0.01,0.5082913862811661,0.6601588400315972,0.29386484390552736,0.9119387039124967,0.3751795587658394,375.17955876583943,0.0,False,5.507718479890116,41cm rolling 90pct corrected belly contour,ellipse_area=pi*top_width*corrected_right_depth/4,ok
130,proportional,rightview_full_body_endpoint_proportional_pca45_48_v1.0,top_width_right_depth_elliptical_slices_1cm_v1.0,dataset/130/top-15.43.36.003.ply,dataset/130/right-15.43.36.017.ply,1.46,0.8898240671555752,-0.7184815049149526,1.6083055720705277,0.9852754923590479,-0.6332559747855682,146,0.01,0.47440938761603,0.6530132067454362,0.5026149771928128,0.8406263950874321,0.3570511992140702,357.0511992140702,0.0136986301369863,True,6.388176612131631,41cm rolling 90pct corrected belly contour,ellipse_area=pi*top_width*corrected_right_depth/4,review_required
132,proportional,rightview_full_body_endpoint_proportional_pca45_48_v1.0,top_width_right_depth_elliptical_slices_1cm_v1.0,dataset/132/top-15.54.38.811.ply,dataset/132/right-15.54.38.838.ply,1.5,0.6903251551862812,-0.9940878417399168,1.684412996926198,0.7358206525103238,-0.9555673149962801,150,0.01,0.47441638342273307,0.6210089192944424,0.4737815576173846,0.7889641773394345,0.34804369865116497,348.04369865116496,0.0,False,2.745053745606707,41cm rolling 90pct corrected belly contour,ellipse_area=pi*top_width*corrected_right_depth/4,ok
133,proportional,rightview_full_body_endpoint_proportional_pca45_48_v1.0,top_width_right_depth_elliptical_slices_1cm_v1.0,dataset/133/top-15.56.56.862.ply,dataset/133/right-15.56.56.862.ply,1.48,0.7660442261807651,-0.7836167464259857,1.5496609726067507,0.768936996185889,-0.7810115074694439,148,0.01,0.4911602440706183,0.5829019401819036,0.3474511364072984,0.7278849836332965,0.33515037637355777,335.1503763735578,0.0,False,0.20940520542981744,41cm rolling 90pct corrected belly contour,ellipse_area=pi*top_width*corrected_right_depth/4,ok
134,proportional,rightview_full_body_endpoint_proportional_pca45_48_v1.0,top_width_right_depth_elliptical_slices_1cm_v1.0,dataset/134/top-15.59.12.936.ply,dataset/134/right-15.59.12.991.ply,1.32,0.44409848658703427,-1.0184599363851905,1.4625584229722248,0.5009094175533034,-0.9690211482975735,132,0.009999999999999998,0.44758146132550813,0.5749037032485756,0.48413093093126053,0.6991864402250965,0.2669683041279765,266.9683041279765,0.0,False,3.6127232679809445,41cm rolling 90pct corrected belly contour,ellipse_area=pi*top_width*corrected_right_depth/4,ok
135,proportional,rightview_full_body_endpoint_proportional_pca45_48_v1.0,top_width_right_depth_elliptical_slices_1cm_v1.0,dataset/135/top-16.01.20.638.ply,dataset/135/right-16.01.20.679.ply,1.62,0.9185534093456962,-0.8202636087499917,1.738817018095688,0.9759469068516919,-0.7679850476472528,162,0.01,0.49131902927532517,0.5015633293146382,0.39191137231642903,0.5988562057746805,0.3165324342434602,316.5324342434602,0.012345679012345678,True,3.555433412150659,41cm rolling 90pct corrected belly contour,ellipse_area=pi*top_width*corrected_right_depth/4,review_required
136,proportional,rightview_full_body_endpoint_proportional_pca45_48_v1.0,top_width_right_depth_elliptical_slices_1cm_v1.0,dataset/136/top-16.04.17.045.ply,dataset/136/right-16.04.17.041.ply,1.44,0.7290266778226687,-0.8550532048871761,1.5840798827098448,0.7502593398740862,-0.8326507096846498,144,0.01,0.4862984415159242,0.6383651105056167,0.49536793071909807,0.7072589397290333,0.3516957784582361,351.6957784582361,0.0,False,1.559895083294404,41cm rolling 90pct corrected belly contour,ellipse_area=pi*top_width*corrected_right_depth/4,ok
137,proportional,rightview_full_body_endpoint_proportional_pca45_48_v1.0,top_width_right_depth_elliptical_slices_1cm_v1.0,dataset/137/top-16.06.45.972.ply,dataset/137/right-16.06.45.941.ply,1.48,0.7237676885297356,-0.8828450409647718,1.6066127294945074,0.7745615197264851,-0.8347556264109709,148,0.01,0.4721202748291453,0.6466864489349528,0.577896937082182,0.8090489788357597,0.3503058202187085,350.3058202187085,0.033783783783783786,True,3.6381509088473507,41cm rolling 90pct corrected belly contour,ellipse_area=pi*top_width*corrected_right_depth/4,review_required
138,proportional,rightview_full_body_endpoint_proportional_pca45_48_v1.0,top_width_right_depth_elliptical_slices_1cm_v1.0,dataset/138/top-16.13.36.500.ply,dataset/138/right-16.13.36.508.ply,1.42,1.080446265549675,-0.4509756202406743,1.5314218857903492,1.1774608374800628,-0.366391684652045,142,0.01,0.5193639741695103,0.5971183657054445,0.37079526825845743,0.7374498746244518,0.34598166073195574,345.98166073195574,0.014084507042253521,True,6.005953167960848,41cm rolling 90pct corrected belly contour,ellipse_area=pi*top_width*corrected_right_depth/4,review_required
139,proportional,rightview_full_body_endpoint_proportional_pca45_48_v1.0,top_width_right_depth_elliptical_slices_1cm_v1.0,dataset/139/top-16.15.54.936.ply,dataset/139/right-16.15.54.999.ply,1.51,0.62017904986646,-1.114561169311346,1.734740219177806,0.658426685290356,-1.0762815380935336,151,0.01,0.4838232702896504,0.4969197761870558,0.35583988958388846,0.5837046994379731,0.28714896647560584,287.14896647560585,0.0,False,2.4077827621150987,41cm rolling 90pct corrected belly contour,ellipse_area=pi*top_width*corrected_right_depth/4,ok
140,proportional,rightview_full_body_endpoint_proportional_pca45_48_v1.0,top_width_right_depth_elliptical_slices_1cm_v1.0,dataset/140/top-16.18.35.453.ply,dataset/140/right-16.18.35.500.ply,1.48,1.167658259322767,-0.4630934042852657,1.6307516636080326,1.1891382572091715,-0.4402113535630483,148,0.01,0.5089330065509063,0.6515098359186634,0.39360276355073465,0.7858606672988039,0.38793434146119865,387.93434146119864,0.0472972972972973,True,1.6176666607711376,41cm rolling 90pct corrected belly contour,ellipse_area=pi*top_width*corrected_right_depth/4,review_required
141,proportional,rightview_full_body_endpoint_proportional_pca45_48_v1.0,top_width_right_depth_elliptical_slices_1cm_v1.0,dataset/141/top-16.21.59.506.ply,dataset/141/right-16.21.59.522.ply,1.37,0.7340653163179925,-0.7026643308777921,1.4367296471957847,0.7791736708723623,-0.6640861286683266,137,0.01,0.4945517282007383,0.6404886239792482,0.503241856749547,0.822881218279875,0.3428685757415939,342.86857574159393,0.0,False,3.076844723945374,41cm rolling 90pct corrected belly contour,ellipse_area=pi*top_width*corrected_right_depth/4,ok
142,proportional,rightview_full_body_endpoint_proportional_pca45_48_v1.0,top_width_right_depth_elliptical_slices_1cm_v1.0,dataset/142/top-16.24.58.675.ply,dataset/142/right-16.24.58.710.ply,1.42,0.6326926462785973,-1.0257192863731723,1.6584119326517697,0.6604885925610788,-0.9948828507750797,142,0.01,0.49682483091182483,0.644943692501867,0.5020663542039506,0.736175489884273,0.359810719252717,359.81071925271704,0.0,False,2.1859159826139565,41cm rolling 90pct corrected belly contour,ellipse_area=pi*top_width*corrected_right_depth/4,ok
144,proportional,rightview_full_body_endpoint_proportional_pca45_48_v1.0,top_width_right_depth_elliptical_slices_1cm_v1.0,dataset/144/top-16.30.34.437.ply,dataset/144/right-16.30.34.436.ply,1.59,1.0535055644930358,-0.6684013099224755,1.7219068744155113,1.1501269241223513,-0.5784030846673578,159,0.009999999999999998,0.4746013566186632,0.6383054915117751,0.4565296805137109,0.7967700521455817,0.3805701534450392,380.5701534450392,0.0,False,6.428424889552216,41cm rolling 90pct corrected belly contour,ellipse_area=pi*top_width*corrected_right_depth/4,ok
149,proportional,rightview_full_body_endpoint_proportional_pca45_48_v1.0,top_width_right_depth_elliptical_slices_1cm_v1.0,dataset/149/top-16.48.55.702.ply,dataset/149/right-16.48.55.725.ply,1.49,0.6864716716252975,-1.0901727169853883,1.776644388610686,0.7674630582162846,-1.0218694811563462,149,0.01,0.4848044286545956,0.6123255038024711,0.39948515791688133,0.727957395042375,0.3494698031063269,349.46980310632694,0.0,False,4.94610934463091,41cm rolling 90pct corrected belly contour,ellipse_area=pi*top_width*corrected_right_depth/4,ok
151,proportional,rightview_full_body_endpoint_proportional_pca45_48_v1.0,top_width_right_depth_elliptical_slices_1cm_v1.0,dataset/151/top-16.53.35.598.ply,dataset/151/right-16.53.35.537.ply,1.63,0.801103844017997,-0.9486345743801117,1.7497384183981086,0.8822751895583075,-0.8840263227063138,163,0.01,0.4544613001681364,0.6042895909266619,0.431311196044958,0.7421863445835125,0.35510058968592917,355.10058968592915,0.0,False,5.072867059022786,41cm rolling 90pct corrected belly contour,ellipse_area=pi*top_width*corrected_right_depth/4,ok
154,proportional,rightview_full_body_endpoint_proportional_pca45_48_v1.0,top_width_right_depth_elliptical_slices_1cm_v1.0,dataset/154/top-17.02.57.428.ply,dataset/154/right-17.02.57.428.ply,1.55,0.9919731207777571,-0.7208906998660938,1.712863820643851,1.0391418247975863,-0.6818565235339755,155,0.01,0.47931005747366234,0.5851067033211915,0.26267050077978493,0.7322512427650452,0.3429173185500717,342.9173185500717,0.0064516129032258064,False,2.889800750057931,41cm rolling 90pct corrected belly contour,ellipse_area=pi*top_width*corrected_right_depth/4,ok
