cow_id,ground_truth_weight_kg,pca_4548_base3_ols_prediction_kg,pca_4548_base3_ridge_prediction_kg,pca_4548_base3_pls_prediction_kg,pca_4548_fixed_top1_ols_prediction_kg,pca_4548_fixed_top1_ridge_prediction_kg,pca_4548_fixed_top1_pls_prediction_kg,pca_4548_fixed_top2_ols_prediction_kg,pca_4548_fixed_top2_ridge_prediction_kg,pca_4548_fixed_top2_pls_prediction_kg,pca_4548_fixed_top3_ols_prediction_kg,pca_4548_fixed_top3_ridge_prediction_kg,pca_4548_fixed_top3_pls_prediction_kg,pca_4548_train_selected_top1_ols_prediction_kg,pca_4548_train_selected_top1_ridge_prediction_kg,pca_4548_train_selected_top1_pls_prediction_kg,pca_4548_train_selected_top2_ols_prediction_kg,pca_4548_train_selected_top2_ridge_prediction_kg,pca_4548_train_selected_top2_pls_prediction_kg,pca_4548_train_selected_top3_ols_prediction_kg,pca_4548_train_selected_top3_ridge_prediction_kg,pca_4548_train_selected_top3_pls_prediction_kg,pca_rear70_base3_ols_prediction_kg,pca_rear70_base3_ridge_prediction_kg,pca_rear70_base3_pls_prediction_kg,pca_rear70_fixed_top1_ols_prediction_kg,pca_rear70_fixed_top1_ridge_prediction_kg,pca_rear70_fixed_top1_pls_prediction_kg,pca_rear70_fixed_top2_ols_prediction_kg,pca_rear70_fixed_top2_ridge_prediction_kg,pca_rear70_fixed_top2_pls_prediction_kg,pca_rear70_fixed_top3_ols_prediction_kg,pca_rear70_fixed_top3_ridge_prediction_kg,pca_rear70_fixed_top3_pls_prediction_kg,pca_rear70_train_selected_top1_ols_prediction_kg,pca_rear70_train_selected_top1_ridge_prediction_kg,pca_rear70_train_selected_top1_pls_prediction_kg,pca_rear70_train_selected_top2_ols_prediction_kg,pca_rear70_train_selected_top2_ridge_prediction_kg,pca_rear70_train_selected_top2_pls_prediction_kg,pca_rear70_train_selected_top3_ols_prediction_kg,pca_rear70_train_selected_top3_ridge_prediction_kg,pca_rear70_train_selected_top3_pls_prediction_kg,method_version
1,415.0,413.2464334112037,422.34961996479933,419.98814488270165,407.989892264944,416.1980351125448,413.486012105446,407.19071460765804,413.8352348953761,408.39195231022126,403.2161629075659,407.51361466861886,401.6827555856179,407.989892264944,418.6333375528787,413.486012105446,403.62043990300185,410.5291051105411,404.6859698355403,403.2161629075656,407.51361466861886,401.6827555856179,412.7686499214655,425.91642662648223,415.58738007967014,399.0330510751068,414.51593998027073,399.10124404234887,396.67637305739794,411.65494825421354,418.9131753572936,394.20624835742893,411.3306907882552,414.1749954041576,399.0330510751068,414.51593998027073,421.51871351800094,396.67637305739794,415.86445379622995,418.9131753572936,394.20624835742893,415.7112959956973,414.1749954041576,local_width_plus_base_nested_selection_v1.0
2,407.0,419.3696924933049,414.29214813746404,406.804110406744,426.29796615155226,423.8862300090088,415.51106693842786,428.2300658161393,430.57118031789406,424.73730344483675,428.12455714425187,430.25819260367285,425.0698803105775,426.29796615155226,424.5028934723888,415.51106693842786,428.2300658161393,430.57118031789406,424.73730344483675,428.12455714425187,430.25819260367285,425.0698803105775,430.7402532814456,432.1730197217419,430.94260634338764,435.9896552718678,436.8875425013716,436.92532781130456,440.559896001181,437.6929933053621,433.8015397304649,441.660677781231,439.4638715879004,435.9860498298016,435.9896552718678,437.2573193987606,433.3725192043859,440.559896001181,438.04358943695473,433.8015397304649,441.660677781231,440.00685559020604,435.9860498298016,local_width_plus_base_nested_selection_v1.0
4,443.0,445.1983250215073,447.07660349612405,447.4359027153986,450.71643678386664,451.35466250470415,450.5457638265686,449.8072116422134,448.01882262707863,446.94629821938406,451.1491469456446,449.78948700097624,449.1749285812695,450.71643678386664,451.2826590725965,450.5457638265686,449.8072116422134,448.01882262707863,446.94629821938406,451.1491469456446,449.78948700097624,449.1749285812695,453.66585222519916,443.1498026671683,453.7707639104057,437.78268300512246,432.54109872229685,433.4568215769557,433.70785757322056,437.51523123916917,430.9071914469988,435.3262095847396,441.2692456564813,436.2192155045642,437.78268300512246,432.54109872229685,425.1522841257318,433.70785757322056,437.43595610312076,430.9071914469988,435.3262095847396,441.34405305717075,436.2192155045642,local_width_plus_base_nested_selection_v1.0
6,441.0,442.1254115064286,454.5984454503766,459.1514070572925,429.8432183343492,439.4004115765382,444.095994582305,426.0688776108164,429.3262424202019,428.77851095344084,423.90691179577465,425.85483125456636,425.19862555205884,429.8432183343492,441.46598289896656,444.095994582305,426.0688776108164,429.3262424202019,428.77851095344084,423.90691179577465,425.85483125456636,425.19862555205884,432.43439832289005,442.46714498782296,432.8388571098195,452.9101428036362,457.3327380833264,457.20517158732133,444.3673591279743,445.3913119486188,448.12697855598856,443.2548628546061,443.83488713072995,445.127978573142,452.9101428036362,457.3327380833264,459.5681918862421,444.3673591279743,446.35669470854015,448.12697855598856,443.2548628546061,444.8483595557651,445.127978573142,local_width_plus_base_nested_selection_v1.0
13,410.0,407.7628018664968,412.67236540374665,409.1528738144521,413.72053941262595,417.9428646537014,412.282337811126,412.43821880637483,414.6283922873647,407.9110361495467,412.23876483491307,413.05303676801486,406.88224863278924,413.72053941262595,419.64967190410744,412.282337811126,412.43821880637483,414.6283922873647,407.9110361495467,412.23876483491307,413.05303676801486,406.88224863278924,411.99964756619147,415.0568086291059,412.12760950287174,406.23252920015045,412.4267243441378,405.6340885489992,410.2031620640817,414.0349735391573,410.7345738775739,414.40186878039805,422.80934904820435,419.61039211824493,406.23252920015045,412.4267243441378,408.9377464912656,410.2031620640817,416.1634010209821,410.7345738775739,414.40186878039805,425.0164831266484,419.61039211824493,local_width_plus_base_nested_selection_v1.0
16,312.0,368.1012162446628,382.5254747022232,378.940789770447,357.76859943367356,376.02923342177354,364.26920420525806,359.53356568711285,375.26210472814535,364.38662332416584,358.9128528734932,376.50255854886814,361.01606311812344,357.76859943367356,376.02923342177354,364.26920420525806,359.53356568711285,375.26210472814535,364.38662332416584,358.9128528734932,376.50255854886814,361.01606311812344,358.60061536668,368.1230809452027,358.83617374910955,376.6966801084584,381.9127444508212,377.92063138555454,370.04296998649386,373.55205905741417,362.64192814105377,370.3115916274659,371.1967908749084,357.1891769539923,376.6966801084584,384.49034079040393,372.24781796827733,370.04296998649386,377.29667530472364,362.64192814105377,371.29685622774724,375.21811762232784,361.6885853447564,local_width_plus_base_nested_selection_v1.0
20,441.0,442.5169958192091,443.45502763296395,442.79671643849053,439.8321262192155,441.10286317844486,440.3964034862387,441.44698494816464,446.8386132277957,446.39753362281436,439.5192292115235,442.8372698693003,441.55916383526727,439.8321262192155,441.8736196011712,440.3964034862387,441.44698494816464,446.8386132277957,446.39753362281436,439.5192292115235,442.8372698693003,441.55916383526727,446.89599283410945,447.15789435192386,446.1689267866225,441.60373668548624,443.58469680507324,440.7828844261305,427.2377518912414,437.13857102072865,438.91264050754364,425.2136327845286,435.0440834400104,434.9773138165347,441.60373668548624,443.58469680507324,444.31512468199526,427.2377518912414,438.5820599125453,438.91264050754364,425.2136327845286,436.61799234306335,434.9773138165347,local_width_plus_base_nested_selection_v1.0
21,373.0,408.6003901893917,408.75388155241944,403.60813254478785,397.5818407939568,400.10662559754786,395.0811721578232,398.85345144086983,405.3399284013975,398.40217297807527,400.95669428788335,408.8698436266687,404.0221166362908,397.5818407939568,403.40693843482603,395.0811721578232,400.0586037119101,407.8281323959442,402.2499754125933,400.9566942878834,408.8698436266687,404.0221166362908,403.3889094901254,413.04128322413817,401.8658029155077,419.12425906055546,425.8028011512798,420.90092343627623,416.73916266586565,417.2614643277174,415.83954050123816,419.7040436325935,421.43725119631273,418.8230004955433,419.12425906055546,425.8028011512798,424.13545588172315,416.73916266586565,419.47425941194945,415.83954050123816,419.7040436325935,423.8461428310426,418.8230004955433,local_width_plus_base_nested_selection_v1.0
22,394.0,427.9523118164462,442.5735787122931,446.0886366004796,436.6428748662878,443.70349004617094,444.4203384955211,436.94902091929276,442.9938203783473,442.11546136314064,437.34602891473696,441.4809968264378,440.19380055359875,436.6428748662878,444.65517466430504,444.4203384955211,436.94902091929276,442.9938203783473,442.11546136314064,437.34602891473696,441.4809968264378,440.19380055359875,419.63896779530864,425.9273528873887,421.2387809949114,434.0525669002597,436.14024206938444,435.95373395924753,453.93239144191426,440.01152023942706,435.58563549751955,453.50368401693447,438.5527540045277,434.2286389718606,434.0525669002597,436.67609781618967,433.18763803085665,453.93239144191426,440.0275339610833,435.58563549751955,453.50368401693447,438.9429407178103,434.2286389718606,local_width_plus_base_nested_selection_v1.0
23,439.0,434.7321744675969,434.46140835257563,432.6419787320412,436.4903826001774,436.8185718446643,434.1714408838519,436.17521275738676,436.69955825799923,433.90713591959883,435.51281029571186,434.77990099201475,431.88842357630904,436.4903826001774,437.54783294517574,434.1714408838519,436.17521275738676,436.69955825799923,433.90713591959883,435.51281029571186,434.77990099201475,431.88842357630904,439.5105055424708,435.20011969274617,438.6083962457261,422.0405563867635,422.42937942213166,418.9768717481176,418.6018577703754,426.6383223964529,424.242750630096,417.6876132748672,426.0529796133146,422.571223190827,422.0405563867635,423.6978518210809,420.7065905182331,418.6018577703754,428.06678909818834,424.242750630096,417.6876132748672,427.7817605381309,422.571223190827,local_width_plus_base_nested_selection_v1.0
24,441.0,430.82551091060964,433.78491039068626,433.49492000206726,442.32861392671066,443.37563844648724,440.4820161806708,442.11107457809624,443.2399833676114,441.05096891850553,442.91591426363044,442.9547139000576,440.75799547049553,442.32861392671066,443.5415709426658,440.4820161806708,442.11107457809624,443.2399833676114,441.05096891850553,442.91591426363044,442.9547139000576,440.75799547049553,427.1421176832698,433.8589527611369,424.8855595052425,425.2961508505467,431.99384025223804,426.62681870551563,437.4071559903584,437.09159709176714,439.8851555723847,435.7752395130866,434.0416594545174,434.6050691688175,425.2961508505467,434.0226916634603,437.84102856837507,437.4071559903584,438.5915152313253,439.8851555723847,435.7752395130866,435.75558603967386,434.6050691688175,local_width_plus_base_nested_selection_v1.0
25,434.0,409.1616475529852,421.1630284056321,421.05325347381176,399.0387046032177,409.59720044328463,408.9364571100471,399.2989341834261,415.3988642439873,411.8669922777955,398.11432600354414,412.918302103998,409.8071102877169,399.0387046032177,412.980816182422,408.9364571100471,399.2989341834261,415.3988642439873,411.8669922777955,398.11432600354414,412.918302103998,409.8071102877169,410.4519797841126,417.5179937426053,410.9190139384697,414.0132177554208,419.7588229543834,415.8720300307821,406.05876940440135,413.7707278922752,413.16182006872685,406.0627626028935,415.58137505861646,413.0740694848215,414.0132177554208,421.61707476486396,420.00628566542093,406.05876940440135,416.4012269351477,413.16182006872685,406.0627626028935,418.49196994899825,413.0740694848215,local_width_plus_base_nested_selection_v1.0
26,414.0,411.57722790416756,422.1329456797371,421.2160313860662,414.84467074196925,422.6110739730365,419.71700323620087,416.45117305743355,427.659528190119,424.161561423735,415.91914120858894,425.2942978085856,421.7857393792807,414.84467074196925,424.5106206835188,419.71700323620087,416.45117305743355,427.659528190119,424.161561423735,415.91914120858894,425.2942978085856,421.7857393792807,407.684172826148,418.0213641013669,409.2381274035229,407.5361819069088,415.7027731726798,409.2387267251768,424.3841786056461,422.78822272280274,423.04184110185327,425.14673549499065,425.1444355487573,423.9746753687221,407.5361819069088,418.32816671015667,419.58027754436,424.3841786056461,424.85619648048333,423.04184110185327,425.14673549499065,427.4290013014836,423.9746753687221,local_width_plus_base_nested_selection_v1.0
27,400.0,453.3239498916778,451.5802223704285,447.7627691072187,453.56873970161575,451.6331609989961,449.70258812842246,453.7087502586524,446.95488777828746,444.802683875087,454.0614265963112,448.8609648354298,447.3926718997144,453.56873970161575,451.32116508767814,449.70258812842246,453.6277502744545,452.8176779641263,451.8510442081654,454.06142659631126,448.8609648354298,447.3926718997144,462.60509187924316,455.0939936152712,464.3697007603975,465.83496016471264,456.2956506717389,460.7794859068333,465.5462197985887,456.9845567940745,450.1645956299756,466.31680401215823,459.87773480306595,453.79986483650475,465.83496016471264,454.6690277911573,447.4203246028001,465.5462197985887,455.4903939719134,450.1645956299756,483.1569726619816,465.5970636348083,459.64495570980796,local_width_plus_base_nested_selection_v1.0
28,464.0,427.8316045308706,429.6189564845169,424.954161266445,429.5554223902231,432.5621112917088,428.1313233327416,430.05048076796595,435.74879758173654,432.49500689238494,430.74347257995345,438.29545616871235,436.3842317503641,429.5554223902231,433.22555590951174,428.1313233327416,430.05048076796595,435.74879758173654,432.49500689238494,430.74347257995345,438.29545616871235,436.3842317503641,442.1074844855103,438.283541480342,446.9622051891351,443.6097115355486,440.0087123753949,443.49866601670897,447.99732356744545,443.841946842129,435.35155493916665,448.82519299075403,445.80076666561513,439.5386179083502,443.6097115355486,439.1386796279079,430.22254162705406,447.99732356744545,442.91050034583503,435.35155493916665,448.82519299075403,445.14240597837227,439.5386179083502,local_width_plus_base_nested_selection_v1.0
39,437.0,460.36868969979935,459.7328124105374,462.40217258142184,469.07787034269165,466.44575289188134,467.29750601574887,468.7973241390365,465.137174504871,466.71836854308543,469.89132651981436,465.6078418272425,466.7924670894336,469.07787034269165,465.4896211913934,467.29750601574887,468.7973241390365,465.137174504871,466.71836854308543,469.89132651981436,465.6078418272425,466.7924670894336,454.9508349498283,451.0430588911522,453.61230731162726,458.85955127767,455.2200585686213,458.63292800414365,466.108247906558,458.42496456087827,463.5142047088657,465.50014044763753,456.88418950699605,451.6347707544956,458.85955127767,454.220391436126,449.54815547893264,466.108247906558,457.06889801124913,453.36282414540506,465.50014044763753,454.43634424936624,451.6347707544956,local_width_plus_base_nested_selection_v1.0
50,410.0,458.70022224249664,449.18885636712224,444.70391848499116,451.0457253219588,444.5025818763674,442.7487168369879,457.0163472663918,454.4381928013676,453.7433027293303,456.380629937788,453.53986101216975,452.7795208274883,451.0457253219588,444.7721355556715,442.7487168369879,457.0163472663918,454.4381928013676,453.7433027293303,456.380629937788,453.53986101216975,452.7795208274883,470.6679323057738,466.0644772884814,467.2275167371299,453.76743135655653,450.9696566872299,447.72758447764613,439.04457862527005,448.7470570181944,452.8207406976008,440.3117685008584,451.4498249534405,454.66252188107967,453.76743135655653,452.10776618581826,454.7579668327464,439.04457862527005,449.81499843036283,452.8207406976008,440.3117685008584,452.2824056918316,454.66252188107967,local_width_plus_base_nested_selection_v1.0
51,431.0,446.53828409624987,446.13965700581963,444.38001045674207,441.0421245479092,441.71788049134176,440.94428075753774,440.42755572201867,439.77333776734116,437.91763597860944,441.59014763328474,442.8490981239729,442.17697396531867,441.0421245479092,442.4229808577017,440.94428075753774,442.142572415566,445.634073881795,445.3798765857866,441.5901476332848,442.8490981239729,442.17697396531867,454.21081823080897,454.72931009119645,454.55888227732106,460.4108990880766,459.2795943021143,461.4319779260913,448.19574466225816,451.53877592359873,451.8171433380124,450.5793244356739,455.76830469696995,456.59573277008445,460.4108990880766,458.6433553305618,458.80091083133954,448.19574466225816,451.689190069705,451.8171433380124,450.5793244356739,455.69945232840445,456.59573277008445,local_width_plus_base_nested_selection_v1.0
76,463.0,484.80347286577444,466.0153369332661,458.9207039712556,484.71747630733466,470.3687169470416,467.77231336816493,484.50143160984373,471.5921719593133,472.49853612355133,487.0564496270299,477.1919152822386,478.9736266305303,484.71747630733466,468.2672946820641,467.77231336816493,487.35393026500753,475.32451433251515,476.22661438042456,487.0564496270301,477.1919152822386,478.9736266305303,506.41085257591715,484.74125595032126,504.56359010783115,513.9195652855559,490.54506012928556,508.5498986568445,508.2015113531229,489.72859319554885,513.0188806522802,508.91955632806037,492.41326501228815,476.207869769194,513.9195652855559,478.6143244432886,467.3086459548949,508.2015113531229,483.95221000239644,472.8348666506773,508.91955632806037,481.50395759327785,476.207869769194,local_width_plus_base_nested_selection_v1.0
82,445.0,447.45610690841403,446.2759155844468,445.2994853257264,454.81293888001517,453.4027787755869,451.42410863571934,456.8738396124842,459.2686893873037,459.47647784016925,457.07343926800087,458.9345135177808,458.84637671289846,454.81293888001517,452.91138030670334,451.42410863571934,456.8738396124842,459.2686893873037,459.47647784016925,457.07343926800087,458.9345135177808,458.84637671289846,452.15768629697453,447.83928781176263,452.346787207359,443.90607162468643,440.8859927038909,441.4149668343888,448.9872170084186,447.1505087424427,449.9045369160178,450.0366465021398,449.3486757343701,452.5425191418146,443.90607162468643,440.8657799128952,436.2195396994768,448.9872170084186,446.695827035441,442.56974708175363,450.0366465021398,448.55058815342124,445.5458520945352,local_width_plus_base_nested_selection_v1.0
87,451.0,436.3116662035763,436.4489527276317,433.7267541201791,443.0373679000073,443.3149702881429,439.7983639652986,442.24873015737126,441.46015175811283,438.69809947106575,442.41655985696735,441.5291076526337,439.070134466346,443.0373679000073,443.3177463356446,439.7983639652986,442.24873015737126,441.46015175811283,438.69809947106575,442.41655985696735,441.5291076526337,439.070134466346,443.9874238357529,443.2931979417732,445.0526396496104,437.75816601275596,437.74479074015056,436.4830859277237,438.38202209268906,440.4659904710865,439.9060198630658,438.84856910749915,441.6120363721315,441.5267128493792,437.75816601275596,439.01195022347525,436.117613345895,438.38202209268906,440.9643585002773,438.5584687373238,438.84856910749915,442.64792184809625,440.2577234017303,local_width_plus_base_nested_selection_v1.0
97,462.0,395.2545244415634,395.66184396300605,390.29214454924687,408.9306008797886,414.3732138690444,407.0786646613954,409.1152863729779,422.0415352850228,417.34662239211167,408.81196650547736,417.92609930474015,413.1308804964883,408.9306008797886,415.99977911372315,407.0786646613954,408.9041327294084,412.3016065814192,403.9063328514127,408.81196650547736,417.92609930474015,413.1308804964883,400.3291902815097,396.9897598875924,399.2084402448558,394.4447368192369,400.4179835734029,400.6949856831894,412.79254131617995,412.2592335167076,414.88610929006063,413.156746982307,410.7605332892252,399.40001548640953,394.4447368192369,403.4723614184344,388.52546131092885,412.79254131617995,412.83126003904283,399.9663392669056,413.156746982307,412.4414007163847,399.40001548640953,local_width_plus_base_nested_selection_v1.0
98,346.0,432.07196682721525,429.84280457844335,430.9975656902043,425.8801455499655,424.7388550861764,423.50218705965307,429.8115269896541,419.5376863201885,413.9437082213577,429.5627134320929,418.14415096535896,412.99648489867366,425.8801455499655,426.85807278989967,423.50218705965307,425.45299565801713,424.0593448254766,420.64942665762504,457.0014829215402,436.7088733638028,427.86227286045283,422.5500571865181,421.0390021929829,417.9153482480328,416.3814270905056,418.38767720050987,413.8652300746493,411.4437653315279,417.1407252119699,411.31425969482547,411.10829968531186,415.23228006043394,413.8283156379652,447.6001470395738,443.8518358067036,435.8497959201643,439.50543071031484,436.12124646848287,429.4094887033791,435.0217938356807,432.0695127329054,425.5361418493747,local_width_plus_base_nested_selection_v1.0
99,407.0,393.9022892322116,402.0079347519634,399.2545212956195,407.2028471683917,414.241854094054,406.60660395422985,407.21843614157467,415.0089646436326,407.79248266762255,407.05788982243945,413.0967956509504,406.3382767359436,407.2028471683917,415.85553248223476,406.60660395422985,407.21843614157467,415.0089646436326,407.79248266762255,407.05788982243945,413.0967956509504,406.3382767359436,397.60476512959946,404.6220168295607,400.80920581220687,388.731199782678,397.01926293770066,388.771717199802,395.00039799876754,402.2906269254488,393.5302487221806,394.06377132059123,400.18705093913707,392.2491300584645,388.731199782678,404.5078179186209,399.0271601177626,395.00039799876754,405.6230457965485,401.1079632793385,394.06377132059123,406.9455853518026,399.33323405942497,local_width_plus_base_nested_selection_v1.0
100,366.0,401.9435854114698,408.9880541766863,409.39685638967603,427.2026556898063,426.7299532730551,419.4430842212065,427.1187457307482,426.79203950768607,420.5188367341334,426.6707764269072,421.742678198068,414.0919289626186,427.2026556898063,426.7299532730551,419.4430842212065,427.1187457307482,426.79203950768607,420.5188367341334,426.6707764269072,421.742678198068,414.0919289626186,398.01155793856583,403.501513587726,397.3953712270707,377.9407416069947,387.5971600715537,375.42113649732545,417.6473463810479,409.1951474140553,400.09384437813276,418.03207707706144,410.1752217092162,406.39028437107095,432.92563533198074,431.89459153239085,424.3960213986995,417.64734638104795,411.6890203780709,407.29800248825194,418.0320770770612,413.24747296478887,406.39028437107095,local_width_plus_base_nested_selection_v1.0
102,378.0,413.5855072517554,409.495924896941,412.8966051980086,405.69509836034143,405.6709411952174,399.23764228366707,405.4784118124048,407.35348725065177,399.81587281843287,410.88130137195617,417.04379055303355,409.5894496949638,405.69509836034143,408.21564227720455,399.23764228366707,411.2160546148831,416.515254687942,410.75364608352544,410.88130137195617,414.60542336970923,409.5894496949638,418.80438573777093,420.86763027937695,417.2156892953008,434.8589567482801,436.3819162081209,436.1702538914312,423.6471010958483,425.6356893185228,422.3669484821479,423.00601851865036,423.2271776750043,420.08745680500965,434.8589567482801,437.67311223033437,433.3006030006754,423.6471010958483,426.99424904763777,422.61172414143107,423.00601851865036,424.34079768049673,420.08272682887906,local_width_plus_base_nested_selection_v1.0
103,382.0,429.596506147871,434.9610467940184,432.41193108422203,431.7912037069858,436.72745221309,435.24849252069055,431.5751563319902,435.5604726433429,432.9286557681561,431.0355509192659,433.1819738320795,430.2614564790052,431.7912037069858,437.79551227050706,435.24849252069055,431.5751563319902,435.5604726433429,432.9286557681561,431.0355509192659,433.1819738320795,430.2614564790052,424.3964515081663,431.7475913252137,425.7242824430551,418.17694751220415,428.4963686912402,419.42665034478074,423.5731537319863,430.303129132037,419.16616509743324,423.88020564354844,430.05059523498534,437.1226342793737,428.92267974032984,445.23930892830526,448.78322312607395,423.5731537319864,433.2067593006421,437.6786754287519,423.88020564354844,435.50090383567033,437.1226342793737,local_width_plus_base_nested_selection_v1.0
104,408.0,379.5730966214876,376.66389983101953,373.1232411760599,384.95699342294455,388.0058185867367,378.01552517124094,384.3834078135589,390.23257326750127,379.6071818857958,384.2151198839373,387.6177143744402,377.9156073713511,384.95699342294455,391.2776222882879,378.01552517124094,384.3834078135589,390.23257326750127,379.6071818857958,384.2151198839373,387.6177143744402,377.9156073713511,390.71365705038306,383.92178450235747,386.37929516325835,387.3959484212194,384.8106577088011,385.88610907672796,383.9310988160614,386.4605223909078,388.57306026499464,382.8496120496347,383.4102597062822,385.81850730693253,387.3959484212194,387.88399774629306,366.11867564894885,383.9310988160614,388.0016073669879,368.6461256225271,382.8496120496347,387.29796312558705,366.982006766876,local_width_plus_base_nested_selection_v1.0
105,323.0,343.09609489431864,358.854550692203,358.31258439332726,339.76685612293056,356.91768007039536,348.12801467866905,339.43102614831423,357.6556258850808,343.6077835481003,343.53539936156625,367.32026385851094,350.217551244304,339.76685612293056,363.15707996683125,348.12801467866905,343.98441554645177,366.3146403296909,354.8922246026498,343.5353993615662,361.1370635036478,350.217551244304,349.8828594606434,352.5678081420822,351.3505748141403,370.8217441878926,371.8222679678797,372.30493418227087,360.45094743523936,361.8667134258284,359.19293260991543,363.5268832035481,365.16289952161793,365.06696137299286,370.8217441878926,376.42899731087266,351.08251831768143,360.45094743523936,364.9444115189148,342.0499587982024,363.5268832035481,367.4885855987236,347.80881447155707,local_width_plus_base_nested_selection_v1.0
107,409.0,379.50341907782706,376.38296141962746,375.37310115631954,374.51379091029025,378.4963091960261,368.63752814936635,374.7371535428287,383.08720384024906,371.9399666124697,375.6120453268902,385.6338571556874,377.3565252088113,374.51379091029025,382.5621954655499,368.63752814936635,374.7371535428287,383.08720384024906,371.9399666124697,375.6120453268902,385.6338571556874,377.3565252088113,382.59447213501426,382.8555143951398,379.9132760036041,382.8021531897517,387.99990422107646,383.65522524573817,390.4087313005547,391.7850454003222,387.092843001982,390.90551768379936,391.1289020690383,387.5831426548841,382.8021531897517,390.54111777677923,381.17728256155965,390.4087313005547,394.4454928244924,382.74278500937584,390.90551768379936,396.76427793013295,383.14830450492025,local_width_plus_base_nested_selection_v1.0
110,417.0,311.8189035935487,319.166153969287,315.65616074141064,299.442354937385,314.037694159805,300.1820111933863,296.4277400836419,311.282569902159,299.170678891463,293.4858787867767,313.73099113716916,296.78233105479126,299.442354937385,328.6851099550509,307.86478387243824,296.4277400836419,318.63968014829095,299.170678891463,293.4858787867767,313.73099113716916,296.78233105479126,305.8238620711833,311.9699351278856,308.68215662040285,280.06799617272736,293.19713313729585,279.8027464275061,241.81663819613618,266.9692752877929,262.4702221118465,240.84929023044185,266.0004874006813,243.7529714343273,280.06799617272736,307.81366663733985,299.71127301870945,241.81663819613618,289.5828784034321,286.0918925926061,240.84929023044185,286.75822003307997,263.06837043863607,local_width_plus_base_nested_selection_v1.0
111,243.0,431.82032009950115,431.41515932709984,433.2303095256621,427.3276571591223,426.06139013845103,422.5805759099671,427.3487049795021,426.9042267786041,422.2889322754588,427.4517957839366,428.0506918365511,422.36451622495645,427.3276571591223,427.7004080172607,422.5805759099671,427.3487049795021,428.8966472029224,422.2889322754588,427.4517957839366,428.0506918365511,422.36451622495645,438.3345619119277,439.99750505828007,438.63564826832874,429.2777171425218,431.37892156336596,425.807005074358,422.429847353943,431.64881829542514,431.459204114687,424.91419300385485,428.7622227289759,427.77933888679496,435.4845360430611,438.27187700972354,438.6942106852438,422.42984735394293,431.6488182954252,431.459204114687,424.9141930038551,430.9677093954642,427.77933888679496,local_width_plus_base_nested_selection_v1.0
112,399.0,489.2719897114334,494.18641473729537,489.33874840712673,487.03530525798664,487.8617331416762,494.89343056194343,487.2697799581156,485.5641328186866,491.3549972199979,492.3296349757943,487.7214637154211,495.29512428868634,487.03530525798664,486.4980052025666,494.89343056194343,492.3441223620099,488.9871826040472,498.924021710371,492.3296349757943,487.7214637154211,495.29512428868634,476.89056863983,477.22612065723246,477.53186479182955,468.19262577364043,467.9364807373644,466.19740268113435,465.72004250893,469.0108088995643,474.69496277344865,479.34628923431814,479.28217653028065,484.65849386911856,498.48416261959994,488.9946134715047,492.25748023074505,497.20645546143965,486.68832102438705,489.85630242767127,479.3462892343182,477.9798696938735,484.65849386911856,local_width_plus_base_nested_selection_v1.0
114,605.0,461.7297037658491,459.64495898206513,463.56611942089484,460.73040297523494,458.7861407915391,458.9205769635042,460.8453211241144,459.5234778777029,460.7701260045398,459.98124233724735,461.8266971124839,464.9429147207043,460.73040297523494,458.7861407915391,458.9205769635042,460.8453211241144,459.5234778777029,460.7701260045398,459.98124233724735,461.8266971124839,464.9429147207043,467.8831235734398,467.829199592793,468.70059103674555,479.82861827964473,479.2318108511481,485.08459234715787,488.02516799493077,477.7102576308481,478.9596065287124,487.38602249538,480.7924359491093,482.4057436815549,471.1188500627955,468.7980826068575,471.4133996086694,488.02516799493117,474.9426590686715,478.9596065287124,488.4409209691098,474.79043146425306,478.43983029144806,local_width_plus_base_nested_selection_v1.0
117,399.0,467.7615584820512,466.12478858992307,469.05607012626103,467.12439779187946,463.21492322246195,462.9957640286038,467.6789822344006,458.8681282667238,458.74917563527646,467.4956001350066,456.43496903948,456.2775166927198,467.12439779187946,462.3150660827202,462.9957640286038,467.6789822344006,458.8681282667238,458.74917563527646,467.4956001350066,456.43496903948,456.2775166927198,471.32601082408087,472.6896223426581,471.6321954015374,461.64730780757935,463.3925147023866,460.0844247242467,455.4164610845471,462.9566978911739,469.4739535824044,454.97756031683076,461.9502421593845,467.6624218841682,468.7854923778526,469.63885674073026,475.3654739973804,455.41646108454717,462.9566978911739,469.4739535824044,457.3712787725201,464.80801850326367,470.45711925185697,local_width_plus_base_nested_selection_v1.0
119,495.0,473.7892238033719,474.15778499845254,476.3338211084896,459.9492882376202,460.8633004339012,464.7760837068136,458.51967982800943,457.0465285306337,459.2654452293908,459.15360257698916,460.4356310507603,463.7860273174539,459.9492882376202,460.88798006147954,464.7760837068136,458.51967982800943,456.91550799624105,459.2654452293908,459.15360257698916,460.4356310507603,463.7860273174539,472.7225387299738,476.72800778896544,473.33829887196634,471.94911722103075,476.2136094596214,473.28275040264197,467.993473897812,473.294841422188,483.7736220713026,468.12959713271476,473.75402566733277,483.32015793399967,471.94911722103075,476.55195443323987,487.9534797231359,467.993473897812,473.294841422188,483.7736220713026,457.8943809420237,467.26336634630604,476.7140915201367,local_width_plus_base_nested_selection_v1.0
120,493.0,496.3402171559103,487.05828500183605,495.03666427346354,497.2012344515676,485.27099138137754,485.54369724347424,495.9580719740691,481.7107949039835,484.7086685965568,494.0570366506215,477.43654416616846,481.5119640650105,497.2012344515676,482.52186859450865,485.54369724347424,494.9819945632096,477.3137365307879,481.66920792980625,494.0570366506215,477.43654416616846,481.5119640650105,504.6806462236451,498.4562661493401,503.8432932603641,491.28967840584033,483.6253773748694,487.24838379023674,478.1740079447207,481.0001592256313,484.61339546060344,477.2774845691376,480.6926373216661,483.54775140908094,491.28967840584033,479.292342952173,482.94112337372223,478.1740079447207,481.0001592256313,484.61339546060344,477.2774845691376,478.60967230601705,483.54775140908094,local_width_plus_base_nested_selection_v1.0
122,486.0,506.83742270923153,506.7224960719154,508.33630754387735,504.0542265110811,499.83001856284704,506.73858308661937,504.93344649913064,500.30082286142726,508.4121890128594,504.72315341432306,498.13385712566316,508.13545007607746,504.0542265110811,497.2947716762103,506.73858308661937,504.93344649913064,496.9469717103875,508.4121890128594,504.72315341432306,498.13385712566316,508.13545007607746,503.6640794245284,501.6894699704373,504.467733298043,502.9762605788734,497.9159905415211,502.13059533769956,497.5199048303302,493.4515940611376,500.3415144732778,499.3920176856484,498.17061615333995,504.7974775871619,502.9762605788734,492.875498254169,500.57384758588046,497.5199048303302,490.3131990536335,500.3415144732778,499.3920176856484,495.2761531659251,504.7974775871619,local_width_plus_base_nested_selection_v1.0
123,545.0,494.99677759622756,487.9050487177735,488.4002505559919,477.46025670280824,477.3527598668229,482.9140441281687,477.38916367647204,478.3574041510951,483.93293914956115,464.79941576328054,470.7408560956308,476.04350974744926,477.46025670280824,476.30884886080753,482.9140441281687,464.6144163731051,468.95279244024135,473.8830263419347,464.7994157632802,470.7408560956308,476.04350974744926,474.0714037514681,476.4893543759265,473.5230866867401,476.94801638029793,483.3508228731452,484.23489073265137,467.24496561279443,476.65266472051644,485.64251765128654,461.00516328900125,470.49233612367516,478.2179334780437,467.0233919509634,473.5543893922274,483.780225212016,467.2449656127947,476.65266472051644,485.64251765128654,461.00516328900096,470.2291485830623,478.2179334780437,local_width_plus_base_nested_selection_v1.0
124,484.0,495.8830506200353,494.2155265688867,495.16690388379163,497.14508062399676,491.79793868678826,496.28742691608375,497.16240705742905,490.74068268327164,496.6996053508552,497.5041161682426,489.5702296321997,497.3676574579224,497.14508062399676,489.43008155541804,496.28742691608375,497.16240705742905,487.9173905972462,496.6996053508552,497.5041161682426,489.5702296321997,497.3676574579224,496.41986669911125,496.0766593831663,495.4706173611489,511.7969954768388,507.9509119799345,513.9132994395561,508.3802675937419,498.5498752366422,506.1305338301398,508.1299999662971,498.8006630455711,505.0355466298076,511.7969954768388,501.8954704979505,510.9791235993765,508.3802675937419,494.9736777686101,506.1305338301398,508.1299999662971,495.6790201255916,505.0355466298076,local_width_plus_base_nested_selection_v1.0
125,411.0,490.6471072328235,497.05298243135724,492.2097361362041,495.2069732914506,495.43644412138156,502.70998144116334,495.0203393572406,491.34411062718806,497.7398741083986,495.52693772813075,485.20341735315355,491.055224904853,495.2069732914506,493.47766633022064,502.70998144116334,495.0203393572406,491.34411062718806,497.7398741083986,495.52693772813075,485.20341735315355,491.055224904853,473.29827000363434,475.95170815169405,474.6933370822341,479.54777218820345,479.7950115091487,480.4172408361795,485.4107115327838,478.86889603040663,485.1409801073607,486.4323134296233,475.1608504348261,479.2437046079529,479.54777218820345,478.08699877605017,485.3649166168636,485.4107115327838,478.86889603040663,485.1409801073607,487.27985597841274,477.46012045237717,484.3941981532531,local_width_plus_base_nested_selection_v1.0
126,512.0,504.07151378383406,497.1198964191071,506.6173527164711,514.8028069211598,502.34491288415205,502.5441264180532,516.0672648566866,501.57993431850304,512.0544759604838,512.7047139191606,496.94361064699774,504.31610524161147,514.8028069211598,498.17136293500624,502.5441264180532,511.30806353684943,489.1533566172329,495.30174970218627,512.7047139191607,496.9436106469978,504.31610524161147,512.6424461853964,510.358369930046,513.8012076863026,486.1892882233594,484.9639959484722,483.1844336442458,492.950365289358,494.6936215556438,505.42589296414275,489.28462449107315,491.0491372872407,499.88039396042836,486.1892882233594,484.5678454737686,495.1370362904054,492.950365289358,494.6936215556438,505.42589296414275,489.28462449107315,489.157738904846,499.88039396042836,local_width_plus_base_nested_selection_v1.0
127,551.0,466.2864596775705,480.3075708521259,467.0317306208379,470.28282535292374,489.52020723253105,503.16051320093436,470.4901557043439,487.857609863907,498.4933519099405,469.5045101938353,483.20035160170227,493.17287016077063,470.28282535292374,489.312279410956,503.16051320093436,469.4757407620825,483.81042942421277,496.0939978032573,469.50451019383524,483.20035160170227,493.1728701607706,463.8002248590021,465.1057113756265,464.6494320695234,470.14925036402633,471.01662220286596,472.46053879621934,482.7082089649451,476.1981717672974,478.52213965444946,483.0716818684521,477.4671560971191,481.1701874246725,470.14925036402633,470.4102971521481,473.957007679889,482.7082089649451,474.7709099748437,478.52213965444946,482.5746687948381,472.80408105279446,476.3242026634579,local_width_plus_base_nested_selection_v1.0
128,479.0,468.7047231976683,477.96267540126786,479.34374355455685,460.40624550264823,467.4833900531679,472.38887371503637,461.26575233057076,468.5886031939289,472.5693943585423,461.99192373133417,470.9589186973509,476.2178399978662,460.40624550264823,467.21293678046163,472.38887371503637,461.26575233057076,467.7035357836833,472.5693943585423,461.99192373133417,470.9589186973509,476.2178399978662,468.6387156912035,476.1563304733193,475.2777042399505,476.14150106544923,479.84093084042837,479.11510180759876,473.98458791768064,475.6891696514774,484.2016025522677,475.3571227744357,479.59290693357,488.13175652285474,476.14150106544923,478.8818248882982,488.47321198571535,473.98458791768064,475.5327008104035,484.2016025522677,475.3571227744357,479.59290693357,488.13175652285474,local_width_plus_base_nested_selection_v1.0
129,514.0,498.9319958290317,486.3015951145604,478.8475222348861,508.58092948174425,494.72213050783716,494.1917792443791,508.90403122706056,496.5739023823303,501.32592100914786,509.1900217810363,494.90694692840975,502.3953896613911,508.58092948174425,491.01647687173977,494.1917792443791,508.90403122706056,492.8352820046922,501.32592100914786,509.1900217810363,494.90694692840975,502.3953896613911,511.3369262672205,505.2254688939822,509.80601595468954,502.51827494118504,494.7141002846178,499.637809392352,518.1805104222583,506.38540137054656,507.20433862737866,517.1082632237897,501.4398789567474,504.5561761937268,502.51827494118504,489.20514256860025,494.73453261659415,518.1805104222583,502.615343403762,507.20433862737866,517.1082632237897,501.4398789567474,504.5561761937268,local_width_plus_base_nested_selection_v1.0
130,548.0,474.49450410800625,477.13487961770846,478.0406991327455,479.67314908952255,479.7699966896514,482.6227451843767,479.2592483803902,477.2680540099453,481.16530477518523,479.63829249284856,477.6150522270824,483.190872760427,479.67314908952255,475.6026763395394,482.6227451843767,479.2592483803902,475.3013726802755,481.16530477518523,479.63829249284856,477.6150522270824,483.190872760427,471.8762053698176,476.0029683951036,473.39119686010736,477.79310940649157,481.3739208549479,481.08679647104066,482.6031464993276,480.92685585385726,489.2111427853764,480.1639531262502,477.80880234805875,485.4457682728802,477.79310940649157,480.2001228692816,490.35540627179086,482.6031464993276,480.22819343191395,489.2111427853764,474.03228246916234,473.8049804517221,482.7203094759915,local_width_plus_base_nested_selection_v1.0
132,418.0,495.4268908474435,497.8049603801003,499.6414940260016,505.25501067892094,499.775561975182,504.31209787086846,505.0562567334021,495.9267257774829,501.9314001962898,504.86624537858074,491.46126198472797,498.59050725538714,505.25501067892094,496.85840089888654,504.31209787086846,505.0562567334021,492.6530369178528,501.9314001962898,504.86624537858074,491.46126198472797,498.59050725538714,488.01446243889063,488.08449903712136,489.7152220926658,475.8807970337902,472.81196574168894,470.5444195635489,486.2048636946582,481.72556655335563,487.21249753161214,487.41250210000976,477.16517587779316,481.75779906172954,497.60054766801386,492.25921969659396,494.46766646823494,486.2048636946582,480.6179912039954,487.2124975316121,498.23440528811625,486.681939084699,492.02170702175914,local_width_plus_base_nested_selection_v1.0
133,531.0,490.2530582796879,483.36663488078966,482.49834102957226,496.5876242612894,489.3314402606537,492.4745410421231,497.1493641033386,492.7604954244393,499.060268918362,498.1231348744752,492.20883544833237,500.5638803681532,496.5876242612894,486.858175737926,492.4745410421231,497.73204265856623,487.30933332562864,495.4496436626582,498.12313487447534,492.20883544833237,500.5638803681532,477.0229555908011,478.63138678791626,476.63398978755293,492.8106200851704,497.3443764437396,502.42444225958724,500.26475320200774,494.987568555582,499.8644093882332,499.3041530377119,489.9760450961023,495.41414597955094,479.3798523663845,483.0503235880734,492.62087795622705,500.26475320200797,492.7250494750961,499.8644093882332,499.3041530377121,487.40632155896526,495.41414597955094,local_width_plus_base_nested_selection_v1.0
134,512.0,410.06909388018516,423.60339804117206,423.42499662891447,407.3815176839054,422.28954779516914,420.50663100651593,406.74375087784426,425.17128615174744,422.0469613894274,406.95665924385537,428.76887319620147,425.1620374191278,407.3815176839054,424.3150188864386,420.50663100651593,406.74375087784426,427.26393347775416,422.0469613894274,406.95665924385537,428.76887319620147,425.1620374191278,416.41047425701544,424.5761157778429,426.3788858099646,432.71784870187827,441.04163235529535,444.0374206167083,433.0880876650365,436.1414272008929,431.16226361798414,432.1800656604035,435.75945892421,431.35297679774965,413.5737678128238,427.9253714470268,424.35608587488963,433.0880876650367,436.1414272008929,431.16226361798414,426.573515359958,432.0359843671281,426.9350359694671,local_width_plus_base_nested_selection_v1.0
135,413.0,544.8242100652071,533.8912144885437,539.3588003797944,537.6898508171346,519.7222901974781,529.9678913385634,538.3693385214547,518.3667233023219,528.7289247821428,549.157073213549,526.6552226973072,535.9546353776593,556.1246985059979,526.4817749442318,547.7468065460831,549.0269436638224,521.1376381586413,538.3043486427068,549.1570732135491,521.9456821978282,535.9546353776593,525.6752296226575,519.9303124193799,517.1404390400243,535.9061833267469,528.3050733569725,531.5393032230849,529.2348194246433,518.5312369882824,526.762285190568,538.2539212895659,521.6422531702515,531.8209791024825,535.9061833267469,523.2413536478738,533.1642429068297,546.2247476187484,525.9928424386164,538.0842505822478,538.2539212895663,521.6422531702515,531.8209791024825,local_width_plus_base_nested_selection_v1.0
136,563.0,482.85419004297535,478.763716494064,478.32109840771653,482.69495739041525,478.31911530792536,480.78482892883426,471.4219392702338,468.0041906592993,471.5671385196527,471.3157913932342,470.5343461877311,475.9203190191562,482.69495739041525,474.19807296216385,480.78482892883426,471.4219392702338,466.907736075226,471.5671385196527,471.3157913932342,469.0040110523193,475.9203190191562,482.10659258948084,479.9483634571129,483.27030406093587,489.8790141602285,485.5041137571138,491.06726491946506,488.4646967834917,482.9549097733854,483.2129134154664,488.2738606323308,481.5067459467788,483.4391508829103,479.91686390944466,473.154624311476,476.69539163582937,488.4646967834921,477.96100831543293,483.2129134154664,488.2738606323306,479.032525623774,483.4391508829103,local_width_plus_base_nested_selection_v1.0
137,511.0,467.7634871496517,471.4763529380602,476.4653279215642,476.0744999253102,477.30339673189985,480.65093006351174,471.11721231496597,468.39891888795376,471.5845078553856,471.8815376840422,468.79163746219706,472.76250219716167,476.0744999253102,473.89288129578404,480.65093006351174,471.11721231496597,467.26213627076146,471.5845078553856,471.8815376840422,467.2758548225769,472.76250219716167,469.3377570053327,466.2695957860471,468.45496180906883,463.1384181244712,461.14660776687396,461.91104835950193,473.12154653426364,468.5075825890198,468.81716388575774,473.1526377818504,467.4795620109286,468.58834665129694,463.1384181244712,460.6431903879056,461.6173227135711,473.12154653426364,467.3356965094028,468.81716388575774,473.1526377818504,467.4795620109286,468.58834665129694,local_width_plus_base_nested_selection_v1.0
138,495.0,522.727694033045,503.0645354967908,495.72206437870426,521.3676258745504,504.1272664303297,505.2297543792158,524.0624226598457,509.87029584050674,516.4462639536916,528.1301528424117,514.2117963995576,525.6622483345383,521.3676258745504,495.06431303127147,505.2297543792158,526.0361971817761,506.73645299440693,518.0085953482264,528.1301528424117,508.25100610304617,525.6622483345383,544.2859527894069,534.4294844719559,544.9323100720703,564.1056175128501,541.9555789669869,564.5344261686924,570.827746156154,540.6922982921499,545.6205750888631,570.9837263373996,539.5547030798836,541.9559606685842,564.1056175128501,534.1222727872256,540.9151446929404,570.827746156154,540.6922982921499,545.6205750888631,570.9837263373996,531.7660740707352,541.9559606685842,local_width_plus_base_nested_selection_v1.0
139,519.0,497.19565173495664,493.5247934128553,496.59287324503964,493.4070943478006,488.8764644387556,494.81265319213264,493.9235481464055,489.9996813671138,496.78934863121543,494.5046490560065,489.7901488018824,498.43331753730587,493.4070943478006,484.2284009717907,494.81265319213264,493.9235481464055,487.39640013720134,496.78934863121543,494.5046490560065,489.7901488018824,498.43331753730587,479.0039894520844,472.6057684530712,479.33465599402655,501.6592756170238,488.0500774016343,479.99586117922655,503.647978926144,483.76492359868575,479.8836732804217,503.5177092740412,484.86342981412287,480.81573065032154,476.8277524645515,464.3996458607286,463.11807422494024,503.64797892614394,483.76492359868575,479.8836732804217,503.5177092740411,480.9114687884051,480.81573065032154,local_width_plus_base_nested_selection_v1.0
140,549.0,518.5732842538287,505.4090264925652,503.26519963046997,512.1838774970176,501.2994255468128,505.98371897967513,507.19265860412423,493.8404301334613,500.211032260442,506.7156977721155,492.87556520415455,501.6209208830071,512.1838774970176,493.883479266536,505.98371897967513,507.19265860412423,490.6327169063216,500.211032260442,506.7156977721155,489.0532607561793,501.6209208830071,524.1462148127674,522.2115731120554,522.5369084945404,505.9045012492302,505.9140604080663,504.36878879873234,498.4205158565404,506.6637941980239,505.1757042119315,499.0867967462418,508.5611195562033,523.9984209857953,505.9045012492302,505.1751328986617,521.5286282940118,498.4205158565404,505.5254369261971,522.2903673799991,496.6577172798349,506.79801593287306,522.1002616481317,local_width_plus_base_nested_selection_v1.0
141,488.0,475.5674959408062,465.27484484407233,461.33955204885353,471.5751536852279,464.25559752096206,463.9120990859866,471.99996422361704,466.73852473320005,468.4174188723488,469.43752387096004,463.1674980439659,464.9852101875169,471.5751536852279,461.8419847821852,463.9120990859866,468.9903110893615,459.6611341992485,460.714991971419,469.43752387096,461.99637273779325,464.9852101875169,480.6495501278806,481.06666340289456,478.6906182779725,472.4783866969916,474.0652618126442,471.7749467431562,466.8573722525225,472.615149960765,481.55453283936134,467.27055156077273,473.4846610465265,481.5284687144699,472.4783866969916,473.94863296064915,483.46860763987564,466.8573722525225,472.7486925003582,481.55453283936134,454.4729927090051,466.431519791153,474.8528962670466,local_width_plus_base_nested_selection_v1.0
142,526.0,489.5727610245084,477.33286986897104,475.34598779710484,478.9369214925535,471.9417351823735,474.2927669076092,478.9315637123152,473.0082599004337,476.4757305172211,474.37307438424136,468.706851500605,472.36264058267466,478.9369214925535,469.0058140875347,474.2927669076092,474.212299274061,466.2189135060123,469.88761472119967,474.37307438424136,467.1107367927598,472.36264058267466,485.10076265248483,473.6752631298846,482.92813366354034,502.6727657212972,485.3844882266744,503.1709628573673,495.3188841118243,479.8913437978227,474.6778260655405,493.46722436871016,478.3956575106792,472.8942096004594,477.26121513033104,460.06558655171665,456.96420600579904,495.3188841118245,479.8913437978227,474.67782606554044,493.46722436871,474.7194825812659,472.8942096004594,local_width_plus_base_nested_selection_v1.0
144,543.0,503.35016043492124,508.500896005891,516.2587896657819,513.4447369492991,513.4518361079653,521.6000043205519,513.6724429559795,511.06197644662745,520.8275896634001,512.5478449048484,504.907747532194,516.0147041892875,513.4447369492991,505.17609084291973,521.6000043205519,512.3109157043065,503.198943333248,515.8719026552686,512.5478449048484,504.907747532194,516.0147041892875,496.23292502000993,496.4035521148064,497.15287592075873,493.5690061889947,492.1108460407156,493.3322318195351,500.5486068678261,496.1856730026583,503.6014594122677,500.63011207291584,500.40601278783424,510.0233615439621,493.5690061889947,489.0475258294298,499.57833092461567,500.5486068678261,494.2729956054054,503.6014594122677,494.0477219606274,488.47086982819303,499.37136679279666,local_width_plus_base_nested_selection_v1.0
149,520.0,495.3853748766216,494.34135599320655,495.59169099472876,499.6181593074474,495.9914444061971,500.27572954010185,498.8784094858719,492.15466416218504,498.03931346089627,499.33239672714393,491.3943838068042,499.51214908591714,499.6181593074474,489.5017285891852,500.27572954010185,498.8784094858719,489.08419423052635,498.03931346089627,499.33239672714393,487.69910348075416,499.51214908591714,490.5917089314085,482.14815417121133,495.96649737733213,491.106675397294,480.7707365714627,490.10617701175113,490.1440105784819,480.2502450461376,476.4785113218185,486.9604715122586,479.01230771155485,474.9314111811544,491.106675397294,473.8115659110178,469.76055403082967,490.1440105784819,480.2502450461376,476.4785113218185,486.9604715122586,475.6093154295604,474.9314111811544,local_width_plus_base_nested_selection_v1.0
151,532.0,477.83448153756143,498.2036468544857,513.079294025232,468.8024757664939,483.8922668682141,498.4293176790405,467.92034336238885,485.76887979185886,496.6053845384434,468.3872575570658,485.3981772873167,496.17462839386724,468.8024757664939,483.3222488101782,498.4293176790405,467.92034336238885,484.56578035520556,496.6053845384434,468.3872575570658,483.16744677920485,496.17462839386724,463.4796937169857,469.1893395763535,466.98013258093914,459.6047039672584,463.969261280349,460.85470794225535,450.00603881858893,459.8117316751308,454.63604388382925,449.2383516940071,460.34835309570815,454.03856997255514,459.6047039672584,464.6078510052739,472.95215991209955,450.00603881858893,460.81224966114235,468.6503523634689,449.2383516940071,460.34835309570815,467.56970662222477,local_width_plus_base_nested_selection_v1.0
154,535.0,500.2126359220575,502.0915265899227,507.2425657696619,495.2899223004083,494.44184520251764,502.7097095091416,495.69166760426185,494.1310759531756,502.3385048246707,496.20793567251593,493.9671870393157,504.0738986302879,495.2899223004083,489.58729749909014,502.7097095091416,495.69166760426185,491.3668655405149,502.3385048246707,496.20793567251593,490.3517297996994,504.0738986302879,491.4965384806587,493.5360370274598,492.51371393515143,488.6058435932883,489.0876579684637,488.7450574588136,472.880430716073,481.94196246178836,479.479040508433,473.33606823113365,485.2565438478672,482.85614994517715,481.63624923843474,482.63856038460744,493.9608493815671,472.88043071607274,481.7980080993659,493.02288384961435,459.47165525762466,473.80327714740986,485.1051595675038,local_width_plus_base_nested_selection_v1.0
