cow_id,ground_truth_weight_kg,pca_4548_width_01_m,pca_4548_height_01_m,pca_4548_width_02_m,pca_4548_height_02_m,pca_4548_width_03_m,pca_4548_height_03_m,pca_4548_width_04_m,pca_4548_height_04_m,pca_4548_width_05_m,pca_4548_height_05_m,pca_4548_width_06_m,pca_4548_height_06_m,pca_4548_width_07_m,pca_4548_height_07_m,pca_4548_width_08_m,pca_4548_height_08_m,pca_4548_width_09_m,pca_4548_height_09_m,pca_4548_width_10_m,pca_4548_height_10_m,pca_4548_width_11_m,pca_4548_height_11_m,pca_4548_mean_width_m,pca_4548_median_width_m,pca_4548_mean_height_m,pca_4548_median_height_m,pca_4548_status,pca_rear70_width_01_m,pca_rear70_height_01_m,pca_rear70_width_02_m,pca_rear70_height_02_m,pca_rear70_width_03_m,pca_rear70_height_03_m,pca_rear70_width_04_m,pca_rear70_height_04_m,pca_rear70_width_05_m,pca_rear70_height_05_m,pca_rear70_width_06_m,pca_rear70_height_06_m,pca_rear70_width_07_m,pca_rear70_height_07_m,pca_rear70_width_08_m,pca_rear70_height_08_m,pca_rear70_width_09_m,pca_rear70_height_09_m,pca_rear70_width_10_m,pca_rear70_height_10_m,pca_rear70_width_11_m,pca_rear70_height_11_m,pca_rear70_mean_width_m,pca_rear70_median_width_m,pca_rear70_mean_height_m,pca_rear70_median_height_m,pca_rear70_status,method_version,recorded_on
1,415.0,0.371279,1.126325,0.429954,1.163187,0.461042,1.187843,0.504292,1.188472,0.564662,1.197185,0.558674,1.198216,0.50964,1.193598,0.43355,1.194406,0.37619,1.176795,0.38326,1.151561,0.326168,1.126147,0.447156,0.43355,1.173067,1.187843,ok,0.346743,1.112439,0.431478,1.157116,0.466455,1.18329,0.491937,1.18686,0.562031,1.1935,0.575632,1.20024,0.525626,1.19603,0.460087,1.192155,0.386108,1.178105,0.388474,1.159062,0.340626,1.130537,0.452291,0.460087,1.171758,1.18329,ok,two_pca_torso_definitions_11_stations_width_height_v1.0,2026-09-06
2,407.0,0.358916,1.173334,0.474758,1.177701,0.493816,1.181187,0.521771,1.175901,0.58336,1.175786,0.577211,1.175007,0.522116,1.159854,0.453578,1.144867,0.418498,1.118688,0.424932,1.102543,0.365773,1.071662,0.472248,0.474758,1.150594,1.173334,ok,0.297059,1.170914,0.422419,1.17482,0.482216,1.185715,0.511003,1.176878,0.570163,1.177393,0.581208,1.177073,0.540155,1.161029,0.476483,1.148138,0.435656,1.124646,0.433841,1.104503,0.380232,1.077908,0.466403,0.476483,1.152638,1.170914,ok,two_pca_torso_definitions_11_stations_width_height_v1.0,2026-09-06
4,443.0,0.323749,1.188171,0.454461,1.203812,0.501064,1.205906,0.513736,1.19497,0.614572,1.182276,0.58398,1.172948,0.517009,1.156347,0.426735,1.151865,0.443351,1.137037,0.428277,1.119125,0.264551,1.09633,0.461044,0.454461,1.164435,1.172948,ok,0.330259,1.190121,0.453981,1.200222,0.49399,1.208899,0.51141,1.201911,0.558618,1.18601,0.599473,1.183092,0.582524,1.165358,0.498663,1.153523,0.426872,1.152461,0.447055,1.137535,0.431576,1.124306,0.484947,0.49399,1.17304,1.183092,ok,two_pca_torso_definitions_11_stations_width_height_v1.0,2026-09-06
6,441.0,0.171218,0.991654,0.41619,1.164823,0.459608,1.186429,0.474883,1.189695,0.540436,1.185189,0.566246,1.184945,0.51481,1.177021,0.487897,1.181703,0.404079,1.17023,0.423798,1.167014,0.366291,1.153539,0.438678,0.459608,1.159295,1.177021,ok,0.299911,1.026879,0.420483,1.169453,0.461734,1.188003,0.478388,1.190382,0.51916,1.184988,0.573472,1.184021,0.546681,1.178819,0.507109,1.178514,0.452864,1.17638,0.421046,1.169873,0.432397,1.165205,0.46484,0.461734,1.164774,1.178514,ok,two_pca_torso_definitions_11_stations_width_height_v1.0,2026-09-06
13,410.0,0.322122,1.160212,0.431383,1.157266,0.480474,1.164608,0.494622,1.153502,0.558245,1.138017,0.549875,1.142094,0.506078,1.127941,0.445543,1.122637,0.400578,1.103987,0.409249,1.090836,0.317478,1.064732,0.446877,0.445543,1.129621,1.138017,ok,0.306079,1.148513,0.414888,1.16189,0.472536,1.164588,0.494063,1.156832,0.532288,1.143858,0.556779,1.143418,0.534369,1.131795,0.477778,1.128433,0.405489,1.110687,0.446661,1.093743,0.374852,1.080881,0.45598,0.472536,1.133149,1.143418,ok,two_pca_torso_definitions_11_stations_width_height_v1.0,2026-09-06
16,312.0,0.34964,1.047952,0.416498,1.067536,0.414633,1.08555,0.432311,1.068469,0.506206,1.065732,0.528906,1.069145,0.473746,1.063897,0.43266,1.064111,0.355165,1.045998,0.34271,1.035068,0.335252,1.036057,0.417066,0.416498,1.059047,1.064111,ok,0.189125,1.004688,0.391006,1.066838,0.414619,1.080668,0.416203,1.077343,0.476772,1.0675,0.514765,1.070564,0.520067,1.068709,0.468422,1.064955,0.398054,1.063561,0.334133,1.049117,0.33718,1.037569,0.405486,0.414619,1.059228,1.066838,ok,two_pca_torso_definitions_11_stations_width_height_v1.0,2026-09-06
20,441.0,0.359663,1.154483,0.47865,1.171043,0.484015,1.176435,0.503438,1.160533,0.557609,1.166788,0.574057,1.172303,0.528909,1.182816,0.446989,1.183091,0.410679,1.168933,0.406529,1.163336,0.333147,1.119997,0.462153,0.47865,1.165433,1.168933,ok,0.383848,1.156466,0.482486,1.169872,0.471188,1.177456,0.504959,1.163137,0.545769,1.165537,0.576492,1.172757,0.557436,1.178621,0.488395,1.186438,0.42954,1.176004,0.40908,1.161889,0.379102,1.153322,0.4753,0.482486,1.169227,1.169872,ok,two_pca_torso_definitions_11_stations_width_height_v1.0,2026-09-06
21,373.0,0.362142,1.136415,0.445062,1.126641,0.446293,1.12283,0.485576,1.124723,0.56926,1.124406,0.578406,1.12361,0.51681,1.122804,0.456724,1.108731,0.423277,1.094656,0.406005,1.082538,0.357008,1.049503,0.458778,0.446293,1.110623,1.12283,ok,0.221905,1.133492,0.402794,1.130832,0.449751,1.143634,0.459545,1.126029,0.531683,1.122326,0.573048,1.127824,0.548681,1.12433,0.492166,1.120188,0.424706,1.097832,0.42225,1.081151,0.377731,1.061394,0.445842,0.449751,1.115366,1.12433,ok,two_pca_torso_definitions_11_stations_width_height_v1.0,2026-09-06
22,394.0,0.356239,1.207399,0.454639,1.206482,0.487232,1.193164,0.46666,1.174743,0.527476,1.163986,0.52088,1.153712,0.48418,1.153209,0.429825,1.128976,0.420235,1.112859,0.34494,1.089578,0.299636,1.039618,0.435631,0.454639,1.147611,1.153712,ok,0.321544,1.189603,0.446351,1.203933,0.487961,1.200227,0.460742,1.18192,0.506738,1.168397,0.535163,1.165323,0.509886,1.153747,0.470998,1.149413,0.437681,1.12902,0.417876,1.116565,0.374022,1.100853,0.451724,0.460742,1.159909,1.165323,ok,two_pca_torso_definitions_11_stations_width_height_v1.0,2026-09-06
23,439.0,0.355838,1.172132,0.455948,1.163416,0.48901,1.165138,0.495598,1.151933,0.566825,1.146527,0.558329,1.142481,0.529723,1.136845,0.444676,1.134332,0.414723,1.124017,0.452574,1.123807,0.341243,1.10383,0.464044,0.455948,1.142223,1.142481,ok,0.359533,1.1667,0.44702,1.169421,0.484737,1.164194,0.490095,1.153302,0.545452,1.149068,0.574013,1.146197,0.557359,1.137171,0.498941,1.136566,0.410702,1.126797,0.407968,1.124006,0.431789,1.12152,0.473419,0.484737,1.144995,1.146197,ok,two_pca_torso_definitions_11_stations_width_height_v1.0,2026-09-06
24,441.0,0.353992,1.146416,0.461938,1.148429,0.503872,1.148196,0.513943,1.148306,0.555877,1.147014,0.545556,1.142183,0.510747,1.128354,0.425947,1.119378,0.427624,1.100996,0.403024,1.091701,0.331019,1.063554,0.457594,0.461938,1.125866,1.142183,ok,0.309297,1.140253,0.432874,1.145592,0.489981,1.151239,0.499765,1.146517,0.550098,1.147593,0.55611,1.146928,0.537115,1.135595,0.479765,1.128306,0.418175,1.108807,0.403466,1.095475,0.391004,1.079477,0.460695,0.479765,1.129616,1.140253,ok,two_pca_torso_definitions_11_stations_width_height_v1.0,2026-09-06
25,434.0,0.393524,1.140065,0.452168,1.1453,0.447975,1.153668,0.441079,1.151695,0.510924,1.155934,0.511546,1.155761,0.497624,1.152362,0.456199,1.157626,0.399313,1.146286,0.42753,1.119827,0.327254,1.115066,0.442285,0.447975,1.144872,1.151695,ok,0.394967,1.141699,0.44529,1.145355,0.45361,1.154833,0.439861,1.149201,0.507515,1.152971,0.522885,1.155191,0.502855,1.151775,0.466788,1.156347,0.416692,1.147263,0.406429,1.128453,0.425182,1.120909,0.452916,0.44529,1.145818,1.149201,ok,two_pca_torso_definitions_11_stations_width_height_v1.0,2026-09-06
26,414.0,0.354074,1.132552,0.462446,1.153148,0.474718,1.164283,0.484551,1.166403,0.521597,1.17658,0.521761,1.174352,0.478289,1.171133,0.416825,1.161921,0.405826,1.142394,0.414084,1.118205,0.311221,1.092964,0.44049,0.462446,1.150358,1.161921,ok,0.305747,1.128158,0.469752,1.142117,0.483637,1.164548,0.483148,1.167301,0.508376,1.173159,0.520027,1.179903,0.50279,1.170043,0.452317,1.171084,0.405951,1.150548,0.418977,1.127301,0.373223,1.110065,0.447631,0.469752,1.153112,1.164548,ok,two_pca_torso_definitions_11_stations_width_height_v1.0,2026-09-06
27,400.0,0.370053,1.240103,0.449444,1.260494,0.497764,1.259484,0.481143,1.252119,0.544518,1.253083,0.548601,1.244138,0.509107,1.231703,0.468644,1.220068,0.442967,1.195309,0.467792,1.179838,0.404487,1.133816,0.47132,0.468644,1.22456,1.240103,ok,0.330141,1.238517,0.443966,1.253808,0.497108,1.259884,0.48434,1.254748,0.498015,1.250995,0.53972,1.251978,0.54604,1.238014,0.511094,1.231819,0.452838,1.212979,0.454163,1.193089,0.467781,1.177626,0.475019,0.48434,1.233041,1.238517,ok,two_pca_torso_definitions_11_stations_width_height_v1.0,2026-09-06
28,464.0,0.381977,1.246016,0.467232,1.249712,0.489518,1.253975,0.508619,1.229872,0.546318,1.213601,0.534364,1.206056,0.536598,1.183553,0.450955,1.152701,0.440974,1.11555,0.424615,1.142278,0.332124,1.096571,0.464845,0.467232,1.18999,1.206056,ok,0.346651,1.201785,0.433288,1.245496,0.49522,1.258748,0.506584,1.23956,0.5153,1.223165,0.560833,1.211977,0.544511,1.197418,0.514118,1.177673,0.443879,1.140133,0.445648,1.124997,0.443801,1.143961,0.477257,0.49522,1.19681,1.201785,ok,two_pca_torso_definitions_11_stations_width_height_v1.0,2026-09-06
39,437.0,0.369586,1.240703,0.472771,1.226208,0.513517,1.208805,0.516859,1.186352,0.57441,1.173275,0.552617,1.157119,0.489849,1.142296,0.455976,1.124379,0.447357,1.103409,0.394996,1.087672,0.321131,1.064267,0.464461,0.472771,1.155862,1.157119,ok,0.333273,1.233466,0.470085,1.235862,0.501885,1.2237,0.505493,1.19795,0.533749,1.180391,0.582105,1.173195,0.566259,1.157029,0.508554,1.144744,0.453613,1.128256,0.431487,1.109796,0.432729,1.097991,0.483566,0.501885,1.171125,1.173195,ok,two_pca_torso_definitions_11_stations_width_height_v1.0,2026-09-06
50,410.0,0.41526,1.119957,0.494332,1.15695,0.485887,1.184846,0.4967,1.178248,0.602695,1.176538,0.591335,1.17553,0.554868,1.173344,0.502503,1.177443,0.433137,1.166528,0.440968,1.162966,0.366267,1.164698,0.48945,0.494332,1.167004,1.173344,ok,0.417341,1.12018,0.494749,1.15695,0.487186,1.184781,0.486039,1.182565,0.585991,1.176625,0.600928,1.176823,0.54833,1.173298,0.509453,1.1742,0.425138,1.170986,0.447927,1.157437,0.393185,1.170045,0.49057,0.487186,1.167626,1.173298,ok,two_pca_torso_definitions_11_stations_width_height_v1.0,2026-09-06
51,431.0,0.375665,1.142545,0.450948,1.161648,0.482006,1.183819,0.49447,1.194211,0.565057,1.205093,0.570129,1.214096,0.551179,1.212469,0.485486,1.205502,0.446069,1.182761,0.451924,1.157014,0.339838,1.145648,0.473888,0.482006,1.182255,1.183819,ok,0.37539,1.141705,0.443386,1.156922,0.474436,1.185557,0.478985,1.193983,0.551665,1.205155,0.568604,1.215606,0.559372,1.210196,0.511361,1.209151,0.452158,1.194021,0.461447,1.169836,0.42512,1.154501,0.481993,0.474436,1.185149,1.193983,ok,two_pca_torso_definitions_11_stations_width_height_v1.0,2026-09-06
76,463.0,0.369615,1.22936,0.489608,1.213521,0.522386,1.209678,0.565489,1.204691,0.65212,1.204854,0.645069,1.202185,0.572928,1.189004,0.491024,1.18101,0.480443,1.154844,0.442629,1.141053,0.367478,1.11196,0.508981,0.491024,1.185651,1.202185,ok,0.346136,1.222281,0.465651,1.222537,0.517377,1.219251,0.53222,1.207602,0.604037,1.204564,0.661045,1.204143,0.625486,1.200618,0.579346,1.188186,0.500041,1.181452,0.472523,1.158869,0.436253,1.142933,0.521829,0.517377,1.195676,1.204143,ok,two_pca_torso_definitions_11_stations_width_height_v1.0,2026-09-06
82,445.0,0.367968,1.170764,0.490782,1.191546,0.507892,1.197689,0.542292,1.179462,0.579098,1.182212,0.569046,1.172534,0.513056,1.169697,0.458025,1.159903,0.439141,1.139795,0.404083,1.123813,0.333215,1.088917,0.473145,0.490782,1.161485,1.170764,ok,0.352328,1.165604,0.46254,1.189729,0.502065,1.204264,0.514847,1.18473,0.557415,1.180111,0.582288,1.179544,0.541238,1.169032,0.508103,1.169712,0.433534,1.157924,0.445461,1.139642,0.389718,1.127198,0.480867,0.502065,1.169772,1.169712,ok,two_pca_torso_definitions_11_stations_width_height_v1.0,2026-09-06
87,451.0,0.341157,1.181364,0.456504,1.18253,0.501681,1.193893,0.528485,1.188974,0.583685,1.193789,0.565225,1.190204,0.524184,1.186869,0.458134,1.18578,0.429132,1.171831,0.423589,1.158276,0.365522,1.141794,0.470663,0.458134,1.179573,1.18578,ok,0.303751,1.174141,0.444751,1.183273,0.490288,1.195806,0.501919,1.190886,0.539242,1.192634,0.58065,1.192769,0.546222,1.187284,0.504565,1.188813,0.428066,1.178581,0.436049,1.163179,0.42684,1.154992,0.47294,0.490288,1.182032,1.187284,ok,two_pca_torso_definitions_11_stations_width_height_v1.0,2026-09-06
97,462.0,0.333763,1.077593,0.474004,1.048592,0.499878,1.033105,0.529096,1.026552,0.575752,1.028361,0.566975,1.023134,0.519297,1.0271,0.434758,1.030349,0.39425,1.020057,0.377035,1.005094,0.301113,0.977427,0.455084,0.474004,1.027033,1.0271,ok,0.306125,1.076277,0.452554,1.055305,0.490032,1.039605,0.512549,1.027272,0.567092,1.027738,0.580472,1.025956,0.553759,1.021542,0.47898,1.033164,0.418493,1.026672,0.394637,1.016381,0.374675,0.999562,0.466306,0.47898,1.03177,1.027272,ok,two_pca_torso_definitions_11_stations_width_height_v1.0,2026-09-06
98,346.0,0.328821,1.135343,0.419071,1.129922,0.462552,1.120773,0.526225,1.11533,0.585696,1.115924,0.58221,1.105432,0.489992,1.112346,0.399957,1.099792,0.403576,1.089979,0.435699,1.071545,0.331914,1.034474,0.451428,0.435699,1.102806,1.112346,ok,0.308278,1.134688,0.411056,1.130947,0.463635,1.128171,0.505429,1.11661,0.547101,1.116191,0.586738,1.111498,0.554712,1.10679,0.465541,1.113086,0.409744,1.100696,0.397485,1.085945,0.441889,1.074903,0.462874,0.463635,1.110866,1.113086,ok,two_pca_torso_definitions_11_stations_width_height_v1.0,2026-09-06
99,407.0,0.338866,1.203034,0.445278,1.19715,0.486524,1.197211,0.505358,1.184479,0.542411,1.17591,0.545244,1.171691,0.491761,1.158791,0.43394,1.13855,0.3985,1.115175,0.387116,1.098267,0.32052,1.072113,0.445047,0.445278,1.15567,1.171691,ok,0.28075,1.204356,0.422383,1.194417,0.467763,1.205532,0.49795,1.190654,0.527529,1.179894,0.53651,1.17393,0.506296,1.162169,0.466869,1.152372,0.388113,1.123178,0.388082,1.102279,0.344961,1.085383,0.438837,0.466869,1.161288,1.17393,ok,two_pca_torso_definitions_11_stations_width_height_v1.0,2026-09-06
100,366.0,0.351,1.151734,0.4513,1.137295,0.498362,1.132536,0.498487,1.121894,0.542877,1.114939,0.529614,1.11644,0.490204,1.103965,0.396766,1.092074,0.383131,1.068052,0.390389,1.066151,0.329674,1.031195,0.441982,0.4513,1.103298,1.114939,ok,0.303821,1.152021,0.425828,1.139059,0.497936,1.135877,0.493275,1.125398,0.538168,1.120224,0.536693,1.116967,0.50658,1.110642,0.431537,1.098109,0.368169,1.080281,0.395795,1.06511,0.370729,1.062856,0.442594,0.431537,1.109686,1.116967,ok,two_pca_torso_definitions_11_stations_width_height_v1.0,2026-09-06
102,378.0,0.350213,1.149658,0.438934,1.156234,0.458777,1.154608,0.51397,1.145482,0.551858,1.145682,0.568054,1.139749,0.540036,1.127409,0.478903,1.116931,0.442858,1.104094,0.394485,1.082015,0.371652,1.050761,0.464522,0.458777,1.124784,1.139749,ok,0.298735,1.146221,0.421424,1.157088,0.447764,1.156674,0.501583,1.146911,0.530764,1.143727,0.567683,1.142059,0.542414,1.127418,0.463384,1.11995,0.43913,1.105234,0.400938,1.083933,0.362881,1.050645,0.452427,0.447764,1.125442,1.142059,ok,two_pca_torso_definitions_11_stations_width_height_v1.0,2026-09-06
103,382.0,0.369721,1.168114,0.449452,1.18528,0.483391,1.198984,0.473883,1.190904,0.547566,1.191968,0.566824,1.18378,0.517598,1.179076,0.439094,1.175626,0.409998,1.164482,0.414889,1.155029,0.364198,1.134198,0.457874,0.449452,1.175222,1.179076,ok,0.325392,1.157487,0.437363,1.176553,0.478352,1.195466,0.460059,1.192253,0.530176,1.189819,0.555306,1.18918,0.544869,1.180324,0.474109,1.179372,0.400912,1.168674,0.42334,1.158319,0.395024,1.142722,0.456809,0.460059,1.17547,1.179372,ok,two_pca_torso_definitions_11_stations_width_height_v1.0,2026-09-06
104,408.0,0.346259,1.040596,0.431585,1.043016,0.464992,1.048169,0.502781,1.042514,0.581523,1.035071,0.55917,1.030566,0.500513,1.026559,0.432238,1.021263,0.378788,1.00758,0.377738,1.000699,0.290929,0.992589,0.44241,0.432238,1.026238,1.030566,ok,0.284383,1.009729,0.402222,1.046847,0.451148,1.050852,0.47392,1.043108,0.536538,1.034862,0.572755,1.038002,0.533233,1.024776,0.483406,1.020243,0.410533,1.016772,0.364085,1.004681,0.361019,1.002566,0.443022,0.451148,1.026585,1.024776,ok,two_pca_torso_definitions_11_stations_width_height_v1.0,2026-09-06
105,323.0,0.289395,0.984907,0.394927,1.013793,0.417583,1.027986,0.451778,1.030106,0.481843,1.039245,0.45586,1.052219,0.450095,1.070725,0.407116,1.075299,0.38617,1.065973,0.342885,1.050299,0.278081,1.017845,0.395976,0.407116,1.038945,1.039245,ok,0.268675,0.958525,0.371328,1.007247,0.406938,1.029273,0.450381,1.024039,0.494437,1.036567,0.465402,1.049327,0.446737,1.061816,0.427739,1.077241,0.401629,1.073061,0.371171,1.058033,0.302316,1.034969,0.400614,0.406938,1.037282,1.036567,ok,two_pca_torso_definitions_11_stations_width_height_v1.0,2026-09-06
107,409.0,0.363972,1.113551,0.431753,1.103252,0.447009,1.090343,0.503886,1.073197,0.565329,1.063984,0.554124,1.057622,0.499435,1.043618,0.435136,1.02561,0.404175,1.007582,0.369968,0.99165,0.331208,0.987807,0.446,0.435136,1.050747,1.057622,ok,0.254056,1.085514,0.407421,1.108008,0.456433,1.10065,0.481148,1.078533,0.538023,1.068136,0.570263,1.063446,0.524601,1.049169,0.45695,1.030145,0.399247,1.016499,0.383843,0.9942,0.346418,0.990223,0.438037,0.456433,1.053139,1.063446,ok,two_pca_torso_definitions_11_stations_width_height_v1.0,2026-09-06
110,417.0,0.308013,1.006328,0.377415,1.043527,0.401362,1.05537,0.47096,1.047848,0.506066,1.043351,0.506802,1.029046,0.449472,1.012568,0.377317,0.997593,0.333131,0.970807,0.317779,0.969851,0.292678,0.949354,0.394636,0.377415,1.011422,1.012568,ok,0.207115,0.97678,0.347282,1.028798,0.387327,1.052339,0.439331,1.052476,0.491543,1.045265,0.511686,1.035196,0.457231,1.014493,0.403588,0.99811,0.324561,0.973004,0.317169,0.969287,0.295666,0.948733,0.380227,0.387327,1.008589,1.014493,ok,two_pca_torso_definitions_11_stations_width_height_v1.0,2026-09-06
111,243.0,0.396471,1.174683,0.446915,1.185452,0.465519,1.184753,0.457412,1.16798,0.554755,1.170023,0.587392,1.175824,0.548107,1.16935,0.484152,1.162627,0.412525,1.155874,0.408583,1.155671,0.337161,1.142,0.463545,0.457412,1.167658,1.16935,ok,0.40218,1.176835,0.447639,1.18644,0.469928,1.184194,0.462818,1.167933,0.556586,1.168465,0.592109,1.175067,0.560178,1.170986,0.496189,1.165366,0.406037,1.156606,0.398593,1.156733,0.36367,1.146303,0.468721,0.462818,1.16863,1.168465,ok,two_pca_torso_definitions_11_stations_width_height_v1.0,2026-09-06
112,399.0,0.382267,1.227394,0.477947,1.229807,0.503534,1.220164,0.538902,1.21879,0.605809,1.217534,0.557654,1.211322,0.468213,1.218289,0.460691,1.204208,0.479875,1.185217,0.374245,1.147137,0.294228,1.101911,0.467579,0.477947,1.198343,1.217534,ok,0.333549,1.227805,0.472472,1.230518,0.50635,1.225015,0.499859,1.220515,0.55914,1.217277,0.600475,1.217658,0.56671,1.209076,0.497462,1.218392,0.44002,1.210125,0.501074,1.194621,0.443856,1.17847,0.492815,0.499859,1.213588,1.217658,ok,two_pca_torso_definitions_11_stations_width_height_v1.0,2026-09-06
114,605.0,0.357345,1.234113,0.477538,1.230425,0.504462,1.237462,0.530467,1.223769,0.556592,1.224534,0.580509,1.219355,0.524779,1.202874,0.464934,1.18859,0.465041,1.16589,0.469964,1.148476,0.366732,1.119334,0.481669,0.477538,1.199529,1.219355,ok,0.337208,1.231009,0.463432,1.22734,0.513509,1.238924,0.528244,1.224439,0.549539,1.223325,0.574396,1.222118,0.553209,1.211943,0.506812,1.197913,0.480328,1.176498,0.481922,1.160658,0.44019,1.145147,0.493526,0.506812,1.205392,1.222118,ok,two_pca_torso_definitions_11_stations_width_height_v1.0,2026-09-06
117,399.0,0.392608,1.182976,0.458733,1.216676,0.505345,1.223947,0.518802,1.223852,0.57554,1.221651,0.590009,1.21414,0.519355,1.205153,0.460472,1.201426,0.429631,1.19029,0.455639,1.175241,0.421897,1.145463,0.484366,0.460472,1.200074,1.205153,ok,0.393275,1.182293,0.424504,1.217908,0.496994,1.225487,0.501145,1.223083,0.563184,1.224073,0.593785,1.220348,0.549308,1.206495,0.487046,1.204188,0.432949,1.194898,0.443831,1.182167,0.437513,1.163134,0.483958,0.487046,1.204007,1.206495,ok,two_pca_torso_definitions_11_stations_width_height_v1.0,2026-09-06
119,495.0,0.372982,1.187504,0.45674,1.209605,0.485196,1.222673,0.519518,1.216988,0.563076,1.222189,0.584646,1.220842,0.544133,1.224598,0.475994,1.227846,0.463346,1.220055,0.440839,1.205427,0.342207,1.180971,0.477152,0.475994,1.212609,1.220055,ok,0.373031,1.187195,0.465035,1.202779,0.500059,1.223099,0.50318,1.216481,0.554986,1.221866,0.583701,1.220704,0.559838,1.217586,0.509603,1.232489,0.44772,1.222554,0.463633,1.214406,0.406058,1.197556,0.487895,0.500059,1.214247,1.217586,ok,two_pca_torso_definitions_11_stations_width_height_v1.0,2026-09-06
120,493.0,0.385405,1.220619,0.482361,1.221614,0.530486,1.230947,0.560663,1.22223,0.611609,1.219044,0.617742,1.21051,0.546324,1.203807,0.486892,1.204482,0.445866,1.198871,0.469341,1.190676,0.375965,1.166889,0.501151,0.486892,1.208154,1.21051,ok,0.377356,1.213753,0.467115,1.220788,0.514852,1.232011,0.538229,1.222679,0.593093,1.222242,0.613066,1.216865,0.598061,1.206145,0.554737,1.206909,0.46213,1.201385,0.461333,1.197095,0.476916,1.190604,0.514263,0.514852,1.211862,1.213753,ok,two_pca_torso_definitions_11_stations_width_height_v1.0,2026-09-06
122,486.0,0.382567,1.204684,0.50097,1.249795,0.521776,1.258947,0.502253,1.241402,0.586682,1.237205,0.586547,1.221041,0.536527,1.220149,0.468582,1.208609,0.475485,1.208906,0.450903,1.197031,0.333542,1.192888,0.485985,0.50097,1.221878,1.220149,ok,0.421122,1.212873,0.501993,1.248382,0.518868,1.261832,0.511131,1.247069,0.554407,1.239954,0.6076,1.228922,0.580917,1.220318,0.524103,1.21722,0.475422,1.208609,0.49971,1.210449,0.469493,1.202096,0.514979,0.511131,1.227066,1.220318,ok,two_pca_torso_definitions_11_stations_width_height_v1.0,2026-09-06
123,545.0,0.347599,1.267961,0.487479,1.241138,0.502455,1.231638,0.502729,1.187246,0.600518,1.15271,0.612424,1.11925,0.560049,1.10472,0.484725,1.093461,0.424862,1.109503,0.518688,1.106963,0.413204,1.079203,0.495885,0.502455,1.153981,1.11925,ok,0.3292,1.265041,0.487569,1.248868,0.497665,1.247509,0.499214,1.206018,0.550449,1.167512,0.620232,1.13738,0.608596,1.111332,0.516743,1.10012,0.465108,1.094637,0.43243,1.120286,0.513789,1.106809,0.501909,0.499214,1.164137,1.13738,ok,two_pca_torso_definitions_11_stations_width_height_v1.0,2026-09-06
124,484.0,0.385561,1.258085,0.491764,1.251179,0.524349,1.248172,0.49946,1.2236,0.568806,1.215998,0.592225,1.208182,0.552859,1.201333,0.495691,1.202163,0.471635,1.194703,0.466561,1.173628,0.349757,1.120241,0.490788,0.495691,1.208844,1.208182,ok,0.387205,1.25557,0.488488,1.253145,0.511083,1.250344,0.511835,1.229528,0.544155,1.217589,0.591857,1.214996,0.603095,1.201997,0.539324,1.205367,0.491772,1.198223,0.478538,1.190767,0.429441,1.165439,0.506981,0.511083,1.216633,1.214996,ok,two_pca_torso_definitions_11_stations_width_height_v1.0,2026-09-06
125,411.0,0.377289,1.231867,0.477938,1.242052,0.516655,1.246578,0.485614,1.23007,0.589512,1.224739,0.568643,1.206991,0.513968,1.206765,0.456974,1.198121,0.438318,1.18545,0.388881,1.166982,0.338144,1.144637,0.468358,0.477938,1.207659,1.206991,ok,0.358557,1.221657,0.459613,1.242019,0.50942,1.248828,0.497016,1.237781,0.522866,1.227824,0.603181,1.220332,0.579784,1.206656,0.513496,1.204284,0.45863,1.200121,0.437344,1.189951,0.440621,1.181777,0.489139,0.497016,1.216476,1.220332,ok,two_pca_torso_definitions_11_stations_width_height_v1.0,2026-09-06
126,512.0,0.468376,1.21968,0.522887,1.266722,0.554538,1.28199,0.553519,1.271301,0.583672,1.267168,0.609795,1.255326,0.546642,1.238863,0.45648,1.225938,0.445133,1.217293,0.466668,1.214388,0.393758,1.194339,0.509224,0.522887,1.241182,1.238863,ok,0.438524,1.208415,0.516563,1.260456,0.547427,1.27855,0.526673,1.275661,0.584264,1.268844,0.607542,1.262966,0.567287,1.247884,0.518082,1.235423,0.444536,1.222325,0.457391,1.214768,0.47623,1.212347,0.516774,0.518082,1.244331,1.247884,ok,two_pca_torso_definitions_11_stations_width_height_v1.0,2026-09-06
127,551.0,0.370134,1.235551,0.480735,1.240707,0.507475,1.24378,0.521314,1.234469,0.557892,1.22005,0.50927,1.197546,0.453913,1.183874,0.484734,1.183557,0.446771,1.16504,0.297708,1.163811,0.284356,1.132934,0.446755,0.480735,1.20012,1.197546,ok,0.343966,1.234373,0.470051,1.240737,0.519627,1.246062,0.491499,1.24195,0.534769,1.232348,0.553886,1.222386,0.526135,1.199361,0.477955,1.189423,0.45898,1.184414,0.475782,1.184179,0.429444,1.167103,0.48019,0.477955,1.21294,1.222386,ok,two_pca_torso_definitions_11_stations_width_height_v1.0,2026-09-06
128,479.0,0.39017,1.235048,0.478269,1.266961,0.489879,1.306315,0.483932,1.297268,0.533445,1.291985,0.546836,1.274698,0.524161,1.264237,0.474873,1.251947,0.468329,1.237349,0.428918,1.221228,0.353496,1.194482,0.47021,0.478269,1.25832,1.264237,ok,0.37544,1.235048,0.492165,1.264169,0.499925,1.304312,0.475174,1.300189,0.532904,1.293712,0.553128,1.283493,0.543826,1.267169,0.50267,1.26236,0.455577,1.245181,0.484511,1.226495,0.423275,1.218172,0.485327,0.492165,1.263664,1.264169,ok,two_pca_torso_definitions_11_stations_width_height_v1.0,2026-09-06
129,514.0,0.41988,1.26375,0.511855,1.257246,0.550567,1.252614,0.550368,1.237664,0.612228,1.229004,0.620527,1.213393,0.570547,1.200958,0.479844,1.19233,0.477447,1.170597,0.475885,1.168697,0.33916,1.152948,0.509846,0.511855,1.212655,1.213393,ok,0.394291,1.259699,0.491278,1.259299,0.553425,1.259583,0.550593,1.241293,0.573953,1.231455,0.628847,1.221792,0.584877,1.205614,0.531169,1.202173,0.473661,1.186047,0.472828,1.165592,0.452108,1.1695,0.518821,0.531169,1.218368,1.221792,ok,two_pca_torso_definitions_11_stations_width_height_v1.0,2026-09-06
130,548.0,0.360739,1.256003,0.479485,1.258827,0.521286,1.254228,0.550795,1.240079,0.581687,1.242445,0.56984,1.232967,0.521486,1.222956,0.463025,1.220108,0.468479,1.203243,0.442844,1.182361,0.350678,1.140036,0.482759,0.479485,1.223023,1.232967,ok,0.358516,1.256003,0.496039,1.26074,0.511323,1.258797,0.532473,1.243418,0.575952,1.240564,0.574367,1.23905,0.53785,1.22671,0.489404,1.225677,0.460581,1.20922,0.453046,1.195663,0.414402,1.173421,0.491268,0.496039,1.229933,1.23905,ok,two_pca_torso_definitions_11_stations_width_height_v1.0,2026-09-06
132,418.0,0.366761,1.267825,0.486598,1.266594,0.532578,1.270756,0.527428,1.26174,0.56014,1.25961,0.560069,1.254544,0.527306,1.262734,0.432044,1.254475,0.456237,1.247118,0.449073,1.23727,0.353158,1.210956,0.477399,0.486598,1.253966,1.25961,ok,0.35459,1.261628,0.474631,1.257583,0.528791,1.270187,0.522603,1.267044,0.542106,1.257516,0.559785,1.258518,0.554839,1.256795,0.51729,1.26305,0.438476,1.253935,0.441222,1.249767,0.471656,1.246046,0.491454,0.51729,1.25837,1.257583,ok,two_pca_torso_definitions_11_stations_width_height_v1.0,2026-09-06
133,531.0,0.405232,1.172929,0.509838,1.172014,0.53433,1.150166,0.506456,1.123803,0.580686,1.118975,0.601671,1.118589,0.546056,1.135262,0.476143,1.13864,0.47837,1.134799,0.462096,1.129708,0.351067,1.10121,0.495631,0.506456,1.136008,1.134799,ok,0.399119,1.167635,0.510857,1.18257,0.515033,1.156556,0.510298,1.134559,0.528753,1.120164,0.599684,1.120765,0.580643,1.122793,0.509015,1.141357,0.487796,1.141084,0.458409,1.134559,0.449492,1.129424,0.504464,0.510298,1.141042,1.134559,ok,two_pca_torso_definitions_11_stations_width_height_v1.0,2026-09-06
134,512.0,0.359413,1.203481,0.454962,1.208981,0.46914,1.219471,0.488262,1.207105,0.523832,1.208037,0.547228,1.21005,0.50522,1.210596,0.451208,1.212798,0.430627,1.192343,0.392884,1.177324,0.327056,1.146725,0.449985,0.454962,1.199719,1.208037,ok,0.320474,1.197813,0.464597,1.208304,0.47059,1.221363,0.468854,1.210534,0.514477,1.209853,0.54657,1.211478,0.539328,1.208982,0.489287,1.214398,0.45132,1.204688,0.42368,1.186469,0.380446,1.162817,0.460875,0.468854,1.203336,1.208982,ok,two_pca_torso_definitions_11_stations_width_height_v1.0,2026-09-06
135,413.0,0.368265,1.240146,0.502126,1.247602,0.516626,1.229848,0.543202,1.207145,0.614869,1.197955,0.597427,1.184848,0.536514,1.189023,0.492818,1.180526,0.514084,1.180937,0.439632,1.160478,0.30036,1.130354,0.493266,0.514084,1.195351,1.189023,ok,0.379037,1.241779,0.484288,1.251956,0.517783,1.237533,0.51891,1.214297,0.587488,1.202299,0.616582,1.195144,0.583688,1.183503,0.530465,1.18917,0.494608,1.180427,0.516761,1.180391,0.49584,1.172695,0.520495,0.517783,1.204472,1.195144,ok,two_pca_torso_definitions_11_stations_width_height_v1.0,2026-09-06
136,563.0,0.351179,1.205585,0.454837,1.224254,0.517212,1.233119,0.512543,1.223969,0.599987,1.224641,0.600664,1.216201,0.542709,1.219715,0.479259,1.21491,0.473003,1.216723,0.461918,1.201472,0.37067,1.177571,0.487635,0.479259,1.214378,1.216723,ok,0.32718,1.184319,0.433979,1.222973,0.509748,1.230467,0.511425,1.228735,0.565473,1.221809,0.598718,1.225042,0.58505,1.215959,0.532821,1.221318,0.47824,1.214987,0.467935,1.216831,0.484213,1.203232,0.499526,0.509748,1.216879,1.221318,ok,two_pca_torso_definitions_11_stations_width_height_v1.0,2026-09-06
137,511.0,0.256396,1.155698,0.45467,1.207124,0.520061,1.227461,0.533128,1.207126,0.585285,1.194491,0.596099,1.191023,0.530321,1.179933,0.451305,1.173078,0.45692,1.162918,0.454876,1.143886,0.344375,1.101276,0.471221,0.45692,1.176728,1.179933,ok,0.327834,1.181225,0.452517,1.20541,0.519926,1.227461,0.531337,1.210576,0.551955,1.197484,0.581915,1.197195,0.572031,1.184376,0.501794,1.181784,0.446553,1.170231,0.452596,1.162418,0.457503,1.14839,0.490542,0.501794,1.187868,1.184376,ok,two_pca_torso_definitions_11_stations_width_height_v1.0,2026-09-06
138,495.0,0.382986,1.279265,0.527953,1.291268,0.543314,1.298652,0.552252,1.282898,0.612996,1.27752,0.638459,1.264989,0.596179,1.260893,0.53378,1.253935,0.520729,1.238215,0.485903,1.216353,0.374754,1.186677,0.524482,0.53378,1.259151,1.264989,ok,0.383484,1.281201,0.527953,1.290733,0.553787,1.299484,0.545503,1.287693,0.586584,1.27689,0.641069,1.272708,0.620356,1.259389,0.564939,1.26011,0.53203,1.241123,0.498372,1.226331,0.43243,1.205987,0.535137,0.545503,1.263786,1.272708,ok,two_pca_torso_definitions_11_stations_width_height_v1.0,2026-09-06
139,519.0,0.390408,1.226225,0.496457,1.225963,0.514977,1.225745,0.480169,1.207841,0.567068,1.201822,0.596511,1.187264,0.534108,1.19541,0.476009,1.195502,0.477049,1.187907,0.42958,1.169775,0.36431,1.154003,0.48424,0.480169,1.197951,1.195502,ok,0.340885,1.209465,0.470015,1.231912,0.508108,1.234254,0.501619,1.2225,0.487253,1.205959,0.573741,1.200872,0.603748,1.190469,0.562977,1.188396,0.505238,1.197448,0.467669,1.191211,0.504891,1.183416,0.502377,0.504891,1.205082,1.200872,ok,two_pca_torso_definitions_11_stations_width_height_v1.0,2026-09-06
140,549.0,0.407389,1.219124,0.478885,1.238697,0.531064,1.25598,0.562647,1.252239,0.608774,1.257468,0.612161,1.25165,0.557911,1.253377,0.497563,1.238329,0.479332,1.232064,0.478853,1.22706,0.401333,1.194138,0.510537,0.497563,1.238193,1.238697,ok,0.428776,1.229696,0.443983,1.238697,0.534948,1.254522,0.548803,1.248536,0.61773,1.257151,0.608882,1.251971,0.588295,1.251274,0.513247,1.246394,0.463103,1.229138,0.507358,1.230263,0.476566,1.216036,0.521063,0.513247,1.241243,1.246394,ok,two_pca_torso_definitions_11_stations_width_height_v1.0,2026-09-06
141,488.0,0.397776,1.18612,0.487243,1.180949,0.507448,1.188399,0.549236,1.184182,0.619546,1.195034,0.611134,1.205221,0.547152,1.21097,0.47229,1.210977,0.433171,1.19472,0.461557,1.18502,0.382508,1.152715,0.497187,0.487243,1.190391,1.188399,ok,0.358988,1.180957,0.490143,1.185283,0.50427,1.190938,0.529024,1.184031,0.60209,1.191939,0.625269,1.205441,0.567473,1.208755,0.499593,1.216254,0.44542,1.200883,0.463735,1.189468,0.40613,1.168936,0.499285,0.499593,1.19299,1.190938,ok,two_pca_torso_definitions_11_stations_width_height_v1.0,2026-09-06
142,526.0,0.393587,1.190076,0.486146,1.186882,0.505622,1.193953,0.520132,1.18722,0.60826,1.180886,0.614064,1.176353,0.568023,1.168566,0.487037,1.17486,0.436246,1.175206,0.503364,1.161136,0.394342,1.138742,0.501529,0.503364,1.175807,1.176353,ok,0.363418,1.184535,0.4768,1.193861,0.504037,1.197572,0.51346,1.192099,0.543277,1.184305,0.608292,1.182399,0.608887,1.17669,0.572818,1.168553,0.505875,1.171758,0.450038,1.17018,0.483108,1.165381,0.511819,0.505875,1.180667,1.182399,ok,two_pca_torso_definitions_11_stations_width_height_v1.0,2026-09-06
144,543.0,0.403655,1.262223,0.502842,1.266973,0.544505,1.255121,0.555113,1.239875,0.583398,1.234303,0.550283,1.215952,0.487984,1.224477,0.47666,1.201201,0.465328,1.192021,0.36308,1.180288,0.283872,1.178535,0.474247,0.487984,1.222815,1.224477,ok,0.39367,1.254897,0.494697,1.26382,0.532359,1.26847,0.542696,1.244722,0.569378,1.238587,0.585333,1.231975,0.552928,1.217427,0.506835,1.225094,0.465756,1.207196,0.514568,1.195307,0.438642,1.184361,0.508806,0.514568,1.230169,1.231975,ok,two_pca_torso_definitions_11_stations_width_height_v1.0,2026-09-06
149,520.0,0.372616,1.268254,0.486355,1.274448,0.53156,1.283332,0.551539,1.268124,0.608542,1.259661,0.571305,1.248903,0.531729,1.240321,0.460015,1.224811,0.477171,1.201396,0.453542,1.182622,0.344511,1.160471,0.489899,0.486355,1.237486,1.248903,ok,0.353328,1.26285,0.459476,1.27489,0.523366,1.283652,0.533429,1.277531,0.565518,1.266853,0.608499,1.25884,0.588852,1.251857,0.537628,1.240264,0.481231,1.236606,0.452628,1.218172,0.473117,1.204488,0.507007,0.523366,1.252364,1.25884,ok,two_pca_torso_definitions_11_stations_width_height_v1.0,2026-09-06
151,532.0,0.382798,1.260423,0.486764,1.259725,0.490364,1.247078,0.531546,1.233565,0.560758,1.228627,0.52863,1.218828,0.448488,1.21746,0.437919,1.203524,0.467688,1.179104,0.382409,1.137032,0.339685,1.080455,0.459732,0.467688,1.205984,1.218828,ok,0.358141,1.262602,0.454826,1.256083,0.491524,1.262787,0.480952,1.239776,0.548971,1.234755,0.55789,1.228478,0.548107,1.219611,0.483294,1.220726,0.439721,1.214933,0.448622,1.199877,0.468937,1.178739,0.480089,0.480952,1.228943,1.228478,ok,two_pca_torso_definitions_11_stations_width_height_v1.0,2026-09-06
154,535.0,0.392028,1.256391,0.493726,1.252279,0.513605,1.253789,0.509208,1.243446,0.582637,1.24077,0.574611,1.233656,0.520811,1.238285,0.457533,1.223917,0.481866,1.215747,0.439232,1.199135,0.325131,1.164363,0.480944,0.493726,1.229253,1.238285,ok,0.393816,1.255858,0.493849,1.25136,0.501751,1.26121,0.490762,1.246396,0.558052,1.24029,0.590852,1.240163,0.553903,1.232047,0.509076,1.237699,0.460437,1.223661,0.489652,1.21742,0.459123,1.205553,0.500116,0.493849,1.237423,1.240163,ok,two_pca_torso_definitions_11_stations_width_height_v1.0,2026-09-06
