cow_id,ground_truth_weight_kg,ground_truth_heart_girth_cm,upper_valley_ratio_from_rear,lower_valley_ratio_from_rear,upper_lower_valley_distance_m,midpoint_station_axis_from_centroid_m,method1_upper_half_arc_ridge_m,method1_lower_half_arc_ridge_m,method1_separate_valley_half_arcs_ridge_m,method1_separate_valley_half_arcs_pca_m,method1_ridge_minus_pca_m,method2_midpoint_full_arc_m,method2_midpoint_full_arc_split_at_ridge_m,method2_midpoint_full_arc_split_at_pca_m,method1_minus_method2_m,method1_vs_method2_absolute_difference_m,method1_vs_method2_absolute_difference_percent,ridge_reference_median_height_deficit_m,pca_reference_median_height_deficit_m,method1_valid_upper_profile_count,method1_valid_lower_profile_count,method2_valid_profile_count,method1_window_definition,method2_window_definition,surface_scope,method_version,status
1,415.0,172.0,0.5803451721610638,0.5423786655710876,0.0699999229350084,0.25240498359109087,0.24580890011049097,0.26045808579839097,0.506266985908882,0.4994670660226495,0.006799919886232464,0.542256484434365,0.5422564844343649,0.5422564844343649,-0.035989498525483055,0.035989498525483055,6.86479598090474,0.00012496768822978233,0.0008116781711577925,5,5,11,five 1cm-spaced profiles centered on each side valley; median per side then sum,eleven 1cm-spaced full profiles centered on mean valley station; median full arc,Topview-visible dorsal surface only,dual_valley_topview_dorsal_arc_v1.0,ok
2,407.0,171.0,0.5035465156651197,0.5539011672316317,0.08999999898438257,0.15440566450126264,0.3450066542965345,0.2170420345314022,0.5620486888279367,0.5587462769908389,0.003302411837097785,0.6147879367488195,0.6147879367488195,0.6147879367488196,-0.052739247920882804,0.052739247920882804,8.962883509006327,0.0011293053609578996,0.004202771186828547,5,5,11,five 1cm-spaced profiles centered on each side valley; median per side then sum,eleven 1cm-spaced full profiles centered on mean valley station; median full arc,Topview-visible dorsal surface only,dual_valley_topview_dorsal_arc_v1.0,ok
4,443.0,176.0,0.6081097436338758,0.5386114872185757,0.11999983257780028,0.2902094105562516,0.19757430291349226,0.3429854314682027,0.540559734381695,0.5340320965157378,0.006527637865957225,0.639204894765904,0.6392048947659041,0.6392048947659041,-0.09864516038420901,0.09864516038420901,16.722854363837286,0.0003221452236176203,0.003189212083816617,5,5,11,five 1cm-spaced profiles centered on each side valley; median per side then sum,eleven 1cm-spaced full profiles centered on mean valley station; median full arc,Topview-visible dorsal surface only,dual_valley_topview_dorsal_arc_v1.0,ok
6,441.0,178.0,0.5811927504226382,0.5971888811682152,0.02999991873918456,0.3005095520277683,0.26463199415626737,0.29949035062796164,0.564122344784229,0.5625785041374693,0.0015438406467596089,0.5673140406744417,0.5673140406744416,0.5673140406744416,-0.0031916958902127313,0.0031916958902127313,0.564184771010145,0.00017347335815420806,0.000169569253921531,5,5,11,five 1cm-spaced profiles centered on each side valley; median per side then sum,eleven 1cm-spaced full profiles centered on mean valley station; median full arc,Topview-visible dorsal surface only,dual_valley_topview_dorsal_arc_v1.0,ok
13,410.0,179.0,0.5225323123652895,0.56796990474488,0.08000012052397487,0.1877847639982595,0.3555484188057581,0.17002958220177994,0.525578001007538,0.5193290040263651,0.006248996981172983,0.559343730192192,0.5593437301921919,0.559343730192192,-0.033765729184653925,0.033765729184653925,6.224546566564769,0.0004916089988675765,0.005416959524154552,5,5,11,five 1cm-spaced profiles centered on each side valley; median per side then sum,eleven 1cm-spaced full profiles centered on mean valley station; median full arc,Topview-visible dorsal surface only,dual_valley_topview_dorsal_arc_v1.0,ok
16,312.0,153.0,0.6392506795705036,0.574141814058693,0.11000000007983918,0.31900297361731544,0.16843044605574228,0.2783327036953237,0.446763149751066,0.4422730254336193,0.00449012431744672,0.4805523552771785,0.48055235527717843,0.48055235527717843,-0.033789205526112476,0.033789205526112476,7.2875316637962,9.00206789868907e-05,0.00701776146888744,5,5,11,five 1cm-spaced profiles centered on each side valley; median per side then sum,eleven 1cm-spaced full profiles centered on mean valley station; median full arc,Topview-visible dorsal surface only,dual_valley_topview_dorsal_arc_v1.0,ok
20,441.0,181.0,0.5326749514826494,0.5601324232085592,0.05000003060683739,0.18550584633797,0.25610061106748105,0.3048274231383493,0.5609280342058304,0.5554544443000482,0.005473589905782172,0.5800355807095773,0.5800355807095774,0.5800355807095774,-0.01910754650374691,0.01910754650374691,3.3493699981245353,0.00016781091690065697,0.0022054314613342285,5,5,11,five 1cm-spaced profiles centered on each side valley; median per side then sum,eleven 1cm-spaced full profiles centered on mean valley station; median full arc,Topview-visible dorsal surface only,dual_valley_topview_dorsal_arc_v1.0,ok
21,373.0,168.0,0.5839516800767554,0.5674247457349604,0.030000021028946416,0.2528200285067063,0.22624317826871668,0.30487997722719967,0.5311231554959164,0.5311215527646824,1.6027312339517152e-06,0.5528811845425495,0.5528811845425495,0.5528811845425494,-0.021758029046633154,0.021758029046633154,4.014380430591462,0.0,0.004372453689575173,5,5,11,five 1cm-spaced profiles centered on each side valley; median per side then sum,eleven 1cm-spaced full profiles centered on mean valley station; median full arc,Topview-visible dorsal surface only,dual_valley_topview_dorsal_arc_v1.0,ok
22,394.0,177.0,0.5110376502063166,0.5999137632856761,0.1599999342525625,0.2037611562301937,0.2825159707696487,0.2412456405146223,0.523761611284271,0.5248700648567194,-0.0011084535724483757,0.5941524079389111,0.5941524079389111,0.5941524079389112,-0.0703907966546401,0.0703907966546401,12.593239809901192,0.0001384936882423693,0.0013403534889220303,5,5,11,five 1cm-spaced profiles centered on each side valley; median per side then sum,eleven 1cm-spaced full profiles centered on mean valley station; median full arc,Topview-visible dorsal surface only,dual_valley_topview_dorsal_arc_v1.0,ok
23,439.0,177.0,0.5570387470937634,0.5684068847895545,0.020000168605987134,0.21931056782206562,0.19200522627243705,0.3719159377752775,0.5639211640477145,0.563939601954865,-1.843790715050364e-05,0.5560200548652341,0.5560200548652341,0.556020054865234,0.007901109182480437,0.007901109182480437,1.4109864069740217,0.0002998097536339728,0.006205481290817438,5,5,11,five 1cm-spaced profiles centered on each side valley; median per side then sum,eleven 1cm-spaced full profiles centered on mean valley station; median full arc,Topview-visible dorsal surface only,dual_valley_topview_dorsal_arc_v1.0,ok
24,441.0,177.0,0.643815623886361,0.5193806713705096,0.23000000210283347,0.23728130732162284,0.16304320981281453,0.3697529406042572,0.5327961504170717,0.5296101895528897,0.0031859608641819914,0.5900633218362483,0.5900633218362482,0.5900633218362481,-0.05726717141917659,0.05726717141917659,10.20023837965308,0.003362487193870889,0.0061404585838320536,5,5,11,five 1cm-spaced profiles centered on each side valley; median per side then sum,eleven 1cm-spaced full profiles centered on mean valley station; median full arc,Topview-visible dorsal surface only,dual_valley_topview_dorsal_arc_v1.0,ok
25,434.0,174.0,0.5903850876081421,0.5625367344190788,0.05000000855050385,0.2640161965796136,0.293694740896234,0.2675218292365058,0.5612165701327398,0.5610469129069262,0.0001696572258136353,0.5588407803549764,0.5588407803549764,0.5588407803549764,0.0023757897777634263,0.0023757897777634263,0.42422645174890655,0.0006731606372015753,0.0077817261219025324,5,5,11,five 1cm-spaced profiles centered on each side valley; median per side then sum,eleven 1cm-spaced full profiles centered on mean valley station; median full arc,Topview-visible dorsal surface only,dual_valley_topview_dorsal_arc_v1.0,ok
26,414.0,174.0,0.5736631636390935,0.5295352279745478,0.0800000267451513,0.18024234406800704,0.2881910117788533,0.25451016063014914,0.5427011724090025,0.5376203340591963,0.005080838349806216,0.5554914664394444,0.5554914664394444,0.5554914664394444,-0.012790294030441851,0.012790294030441851,2.32933523281555,0.00015573178156158551,0.002832579612731756,5,5,11,five 1cm-spaced profiles centered on each side valley; median per side then sum,eleven 1cm-spaced full profiles centered on mean valley station; median full arc,Topview-visible dorsal surface only,dual_valley_topview_dorsal_arc_v1.0,ok
27,400.0,174.0,0.6005517024963413,0.5665582099022087,0.059999863622665905,0.2650410294469332,0.2538696218663371,0.3431154507746883,0.5969850726410254,0.6019162847689706,-0.004931212127945228,0.6284693614198816,0.6284693614198816,0.6284693614198815,-0.03148428877885623,0.03148428877885623,5.138385876090667,0.0015660762786866567,0.004822528362274148,5,5,11,five 1cm-spaced profiles centered on each side valley; median per side then sum,eleven 1cm-spaced full profiles centered on mean valley station; median full arc,Topview-visible dorsal surface only,dual_valley_topview_dorsal_arc_v1.0,ok
28,464.0,183.0,0.5481841629530718,0.5770359610032335,0.049999968534713696,0.21403234353159917,0.3976442349123218,0.21955420120179162,0.6171984361141134,0.619886749592848,-0.0026883134787345497,0.6274684347062257,0.6274684347062256,0.6274684347062256,-0.010269998592112306,0.010269998592112306,1.6502405314835,0.0003784983102368411,0.048070055246352994,5,5,11,five 1cm-spaced profiles centered on each side valley; median per side then sum,eleven 1cm-spaced full profiles centered on mean valley station; median full arc,Topview-visible dorsal surface only,dual_valley_topview_dorsal_arc_v1.0,ok
39,437.0,179.0,0.5190246970282869,0.5971574471185667,0.13999998540843356,0.23782208825844672,0.35720588264393305,0.21663227076381422,0.5738381534077472,0.563729186595887,0.010108966811860243,0.6468061739974733,0.6468061739974731,0.6468061739974732,-0.07296802058972607,0.07296802058972607,11.955656361396857,0.00035529291961922116,0.0018982291221617542,5,5,11,five 1cm-spaced profiles centered on each side valley; median per side then sum,eleven 1cm-spaced full profiles centered on mean valley station; median full arc,Topview-visible dorsal surface only,dual_valley_topview_dorsal_arc_v1.0,ok
50,410.0,184.0,0.5446513470790088,0.5718839144329593,0.050000138444693865,0.26133006500565514,0.32147343180628757,0.23973853319976973,0.5612119650060573,0.5688510509182307,-0.007639085912173438,0.6107579400896911,0.6107579400896912,0.6107579400896912,-0.049545975083633786,0.049545975083633786,8.45516166724195,0.00011537617221224483,0.018826186656951793,5,5,11,five 1cm-spaced profiles centered on each side valley; median per side then sum,eleven 1cm-spaced full profiles centered on mean valley station; median full arc,Topview-visible dorsal surface only,dual_valley_topview_dorsal_arc_v1.0,ok
51,431.0,176.0,0.588920327470987,0.5671084634905801,0.0400000193537417,0.2921049097710574,0.2754899239241369,0.32660599918038447,0.6020959231045213,0.6019332829987651,0.00016264010575617327,0.6021785829649035,0.6021785829649036,0.6021785829649036,-8.265986038213935e-05,8.265986038213935e-05,0.013727743959627444,0.00039813920550535453,0.0035655021667480025,5,5,11,five 1cm-spaced profiles centered on each side valley; median per side then sum,eleven 1cm-spaced full profiles centered on mean valley station; median full arc,Topview-visible dorsal surface only,dual_valley_topview_dorsal_arc_v1.0,ok
76,463.0,185.0,0.5359454158729889,0.6524552888888562,0.20000009697160837,0.3082336348839437,0.33431378083879193,0.2473157970267192,0.5816295778655112,0.5542150172943895,0.027414560571121682,0.6826979438493156,0.6826979438493157,0.6826979438493157,-0.10106836598380442,0.10106836598380442,15.987687406618162,0.00010817377396443728,0.0010543763637542725,5,5,11,five 1cm-spaced profiles centered on each side valley; median per side then sum,eleven 1cm-spaced full profiles centered on mean valley station; median full arc,Topview-visible dorsal surface only,dual_valley_topview_dorsal_arc_v1.0,ok
82,445.0,189.0,0.520621685762102,0.5828699307988752,0.11000010154676149,0.21131045946934143,0.3050778804610125,0.27994428843040736,0.5850221688914199,0.5852631042223375,-0.0002409353309176243,0.6137951542714113,0.6137951542714111,0.6137951542714111,-0.0287729853799914,0.0287729853799914,4.800228495877894,0.0010170698165894443,0.0005575537681578036,5,5,11,five 1cm-spaced profiles centered on each side valley; median per side then sum,eleven 1cm-spaced full profiles centered on mean valley station; median full arc,Topview-visible dorsal surface only,dual_valley_topview_dorsal_arc_v1.0,ok
87,451.0,190.0,0.5199057889311325,0.6149423309938127,0.17000000206351623,0.2587351711195396,0.363633147039199,0.2374299042147141,0.6010630512539131,0.5777599715885385,0.023303079665374593,0.6645049745568279,0.6645049745568279,0.6645049745568279,-0.06344192330291476,0.06344192330291476,10.02584167884187,0.0002629133001235129,0.002154797315597423,5,5,11,five 1cm-spaced profiles centered on each side valley; median per side then sum,eleven 1cm-spaced full profiles centered on mean valley station; median full arc,Topview-visible dorsal surface only,dual_valley_topview_dorsal_arc_v1.0,ok
97,462.0,188.0,0.5190341628322223,0.5846591719259516,0.11000002441262319,0.17786800796237198,0.31662625836675123,0.22254624683026933,0.5391725051970205,0.5387210505349287,0.0004514546620918436,0.5778104215164364,0.5778104215164364,0.5778104215164364,-0.03863791631941582,0.03863791631941582,6.9182644417138395,0.0009902183086242244,0.0007357120513915572,5,5,11,five 1cm-spaced profiles centered on each side valley; median per side then sum,eleven 1cm-spaced full profiles centered on mean valley station; median full arc,Topview-visible dorsal surface only,dual_valley_topview_dorsal_arc_v1.0,ok
98,346.0,167.0,0.5841325664667865,0.5672825885879368,0.030000163046205258,0.22356058410821983,0.26730881645813853,0.267813020497023,0.5351218369551616,0.5345404912098846,0.0005813457452770177,0.5555206228069836,0.5555206228069836,0.5555206228069834,-0.020398785851821977,0.020398785851821977,3.740691675669896,5.7685375213667456e-05,0.013389235734939553,5,5,11,five 1cm-spaced profiles centered on each side valley; median per side then sum,eleven 1cm-spaced full profiles centered on mean valley station; median full arc,Topview-visible dorsal surface only,dual_valley_topview_dorsal_arc_v1.0,ok
99,407.0,175.0,0.5607762718223241,0.5267898311058197,0.06000000306140349,0.17111043770336998,0.18209242568508677,0.34116995186776916,0.523262377552856,0.5230475430079852,0.00021483454487081222,0.5600925725021307,0.5600925725021306,0.5600925725021306,-0.03683019494927475,0.03683019494927475,6.79928493378932,5.098749050558293e-05,0.015539896488189653,5,5,11,five 1cm-spaced profiles centered on each side valley; median per side then sum,eleven 1cm-spaced full profiles centered on mean valley station; median full arc,Topview-visible dorsal surface only,dual_valley_topview_dorsal_arc_v1.0,ok
100,366.0,170.0,0.5682749597854385,0.5232630817826315,0.08000002440245654,0.18877664968806895,0.09443549771910217,0.39115816472384624,0.48559366244294844,0.49170321053549276,-0.006109548092544326,0.5409290888393969,0.540929088839397,0.540929088839397,-0.055335426396448506,0.055335426396448506,10.781139790096768,9.296536445613235e-05,0.022648870944976918,5,5,11,five 1cm-spaced profiles centered on each side valley; median per side then sum,eleven 1cm-spaced full profiles centered on mean valley station; median full arc,Topview-visible dorsal surface only,dual_valley_topview_dorsal_arc_v1.0,ok
102,378.0,171.0,0.5982212938274024,0.5151350030180409,0.1499999126936569,0.19477155184313139,0.19964622348490904,0.3559673113111292,0.5556135347960383,0.5440112703200343,0.011602264476003987,0.6446784417657511,0.644678441765751,0.6446784417657511,-0.08906490696971281,0.08906490696971281,14.840540253353579,0.00026011558527361256,0.013085705041885443,5,5,11,five 1cm-spaced profiles centered on each side valley; median per side then sum,eleven 1cm-spaced full profiles centered on mean valley station; median full arc,Topview-visible dorsal surface only,dual_valley_topview_dorsal_arc_v1.0,ok
103,382.0,172.0,0.5311435526324477,0.5736350368430436,0.07999996784505745,0.15902247878071507,0.3681189764431859,0.20551992583732248,0.5736389022805084,0.5786889697366622,-0.005050067456153773,0.6182779164375273,0.6182779164375274,0.6182779164375274,-0.044639014157018875,0.044639014157018875,7.4902901705893035,6.093953544616948e-05,0.002709859609603904,5,5,11,five 1cm-spaced profiles centered on each side valley; median per side then sum,eleven 1cm-spaced full profiles centered on mean valley station; median full arc,Topview-visible dorsal surface only,dual_valley_topview_dorsal_arc_v1.0,ok
104,408.0,175.0,0.5579194818698623,0.6199105354109582,0.09999981597601265,0.299047981621269,0.25850568735342305,0.2119895268910056,0.47049521424442864,0.46069891059566087,0.009796303648767768,0.525538087652888,0.5255380876528881,0.5255380876528881,-0.05504287340845937,0.05504287340845937,11.05241628038133,0.0014546338483216736,0.0010316073894501843,5,5,11,five 1cm-spaced profiles centered on each side valley; median per side then sum,eleven 1cm-spaced full profiles centered on mean valley station; median full arc,Topview-visible dorsal surface only,dual_valley_topview_dorsal_arc_v1.0,ok
105,323.0,164.0,0.4733675330443795,0.5667953356189281,0.1500001887171753,0.09678997028472536,0.2669490659910752,0.22622606969571965,0.49317513568679483,0.4932571822985474,-8.204661175259531e-05,0.5755403244481236,0.5755403244481235,0.5755403244481235,-0.08236518876132881,0.08236518876132881,15.413866802475326,0.00014662742614746094,0.0009621739387511985,5,5,11,five 1cm-spaced profiles centered on each side valley; median per side then sum,eleven 1cm-spaced full profiles centered on mean valley station; median full arc,Topview-visible dorsal surface only,dual_valley_topview_dorsal_arc_v1.0,ok
107,409.0,177.0,0.5860342046768793,0.5274307842091913,0.10000002629710644,0.18755175735577245,0.18528042536821837,0.3043855511168634,0.48966597648508176,0.4904048287100149,-0.0007388522249331397,0.5434363996581009,0.5434363996581006,0.5434363996581008,-0.05377042317301911,0.05377042317301911,10.409505275509465,0.0005502807381939645,0.00541739165782934,5,5,11,five 1cm-spaced profiles centered on each side valley; median per side then sum,eleven 1cm-spaced full profiles centered on mean valley station; median full arc,Topview-visible dorsal surface only,dual_valley_topview_dorsal_arc_v1.0,ok
110,417.0,176.0,0.5290333756749936,0.5715992794649357,0.07000002686849102,0.18495971421320323,0.26975806001974206,0.1760532484647938,0.4458113084845359,0.4444542413058948,0.0013570671786410915,0.44729576172408914,0.44729576172408914,0.44729576172408914,-0.0014844532395532628,0.0014844532395532628,0.3324244738554141,5.720118634566784e-05,0.013370862603187428,5,5,11,five 1cm-spaced profiles centered on each side valley; median per side then sum,eleven 1cm-spaced full profiles centered on mean valley station; median full arc,Topview-visible dorsal surface only,dual_valley_topview_dorsal_arc_v1.0,ok
111,243.0,145.0,0.5398585647696338,0.5563848473646227,0.030000046461646,0.21026608672096636,0.2101865565255192,0.3703909904694515,0.5805775469949708,0.5806536553926602,-7.61083976894561e-05,0.5812535800906232,0.5812535800906232,0.5812535800906232,-0.0006760330956524507,0.0006760330956524507,0.1163737276256752,8.35420570785006e-05,0.02079116702079775,5,5,11,five 1cm-spaced profiles centered on each side valley; median per side then sum,eleven 1cm-spaced full profiles centered on mean valley station; median full arc,Topview-visible dorsal surface only,dual_valley_topview_dorsal_arc_v1.0,ok
112,399.0,176.0,0.5432592441342627,0.5326071020924144,0.020000136008413993,0.1879103123797932,0.3248472180808524,0.2836409893175273,0.6084882073983797,0.6114914785650116,-0.0030032711666319045,0.6110150648294607,0.6110150648294607,0.6110150648294606,-0.002526857431080942,0.002526857431080942,0.4144076508240559,0.00019268989563014927,0.0003468155860900657,5,5,11,five 1cm-spaced profiles centered on each side valley; median per side then sum,eleven 1cm-spaced full profiles centered on mean valley station; median full arc,Topview-visible dorsal surface only,dual_valley_topview_dorsal_arc_v1.0,ok
114,605.0,202.0,0.5760713736129446,0.5060813936412784,0.12999998472471186,0.20084277273022283,0.25150841705905436,0.330106042137652,0.5816144591967063,0.5773655553574861,0.004248903839220164,0.6488412930686939,0.6488412930686938,0.6488412930686938,-0.06722683387198758,0.06722683387198758,10.927143661723033,0.0004266531689306463,0.003392159938812256,5,5,11,five 1cm-spaced profiles centered on each side valley; median per side then sum,eleven 1cm-spaced full profiles centered on mean valley station; median full arc,Topview-visible dorsal surface only,dual_valley_topview_dorsal_arc_v1.0,ok
117,399.0,175.0,0.540098805931,0.5718693239269412,0.060000003929866264,0.21770192244024733,0.2626583502673108,0.33267573448483045,0.5953340847521413,0.5893992562941814,0.005934828457959895,0.5980432121543866,0.5980432121543866,0.5980432121543866,-0.0027091274022452705,0.0027091274022452705,0.4540269719003151,0.00023931916311292767,0.0006341457366942915,5,5,11,five 1cm-spaced profiles centered on each side valley; median per side then sum,eleven 1cm-spaced full profiles centered on mean valley station; median full arc,Topview-visible dorsal surface only,dual_valley_topview_dorsal_arc_v1.0,ok
119,495.0,193.0,0.5307129140784617,0.5719333345894102,0.07999988760541754,0.19933110604082996,0.3049624476766461,0.3013856280262165,0.6063480757028625,0.5978345920383701,0.00851348366449245,0.6210650635323792,0.6210650635323791,0.6210650635323791,-0.014716987829516692,0.014716987829516692,2.398049582341335,8.834378537958543e-05,0.00032063722610475853,5,5,11,five 1cm-spaced profiles centered on each side valley; median per side then sum,eleven 1cm-spaced full profiles centered on mean valley station; median full arc,Topview-visible dorsal surface only,dual_valley_topview_dorsal_arc_v1.0,ok
120,493.0,188.0,0.5810806336493393,0.5756499735217753,0.010000181774899475,0.27057011194611796,0.2923763088182999,0.3186827404745087,0.6110590492928085,0.6101455045131629,0.0009135447796456697,0.616622983344078,0.6166229833440782,0.6166229833440782,-0.005563934051269426,0.005563934051269426,0.9064128827101732,0.0003833293914796698,0.0007584929466248891,5,5,11,five 1cm-spaced profiles centered on each side valley; median per side then sum,eleven 1cm-spaced full profiles centered on mean valley station; median full arc,Topview-visible dorsal surface only,dual_valley_topview_dorsal_arc_v1.0,ok
122,486.0,189.0,0.5326104171839242,0.5747973809212648,0.07999995474032714,0.17248939169864985,0.32581416432472177,0.2781518897826613,0.603966054107383,0.599682708001037,0.004283346106346064,0.6428619868902167,0.6428619868902166,0.6428619868902167,-0.03889593278283365,0.03889593278283365,6.239181587817455,0.0010186596764453215,0.0012336790561675581,5,5,11,five 1cm-spaced profiles centered on each side valley; median per side then sum,eleven 1cm-spaced full profiles centered on mean valley station; median full arc,Topview-visible dorsal surface only,dual_valley_topview_dorsal_arc_v1.0,ok
123,545.0,192.0,0.6060043570940683,0.580106734996031,0.050000054171229324,0.26595636893420016,0.2660150582051326,0.3151456997534361,0.5811607579585687,0.5797221397472279,0.0014386182113408363,0.6096081125449173,0.6096081125449172,0.6096081125449173,-0.028447354586348617,0.028447354586348617,4.777980898059652,0.00047129116055499853,0.003858554363250888,5,5,11,five 1cm-spaced profiles centered on each side valley; median per side then sum,eleven 1cm-spaced full profiles centered on mean valley station; median full arc,Topview-visible dorsal surface only,dual_valley_topview_dorsal_arc_v1.0,ok
124,484.0,184.0,0.5076378239204864,0.5801575130519844,0.13999991518361102,0.2099430897450798,0.3189836009764086,0.29445657507594625,0.6134401760523549,0.5984446861827222,0.014995489869632728,0.645375161349227,0.645375161349227,0.6453751613492269,-0.03193498529687211,0.03193498529687211,5.07381572944473,0.0002093932617598382,0.0019992649555207187,5,5,11,five 1cm-spaced profiles centered on each side valley; median per side then sum,eleven 1cm-spaced full profiles centered on mean valley station; median full arc,Topview-visible dorsal surface only,dual_valley_topview_dorsal_arc_v1.0,ok
125,411.0,194.0,0.5196803347744677,0.5984197794372659,0.14999994164703773,0.19506991500385748,0.30311996475886566,0.2678475161202133,0.570967480879079,0.5591856513723392,0.011781829506739783,0.6356314017729762,0.6356314017729763,0.6356314017729763,-0.06466392089389716,0.06466392089389716,10.71837904437115,0.00067862868309021,0.0005142927169800027,5,5,11,five 1cm-spaced profiles centered on each side valley; median per side then sum,eleven 1cm-spaced full profiles centered on mean valley station; median full arc,Topview-visible dorsal surface only,dual_valley_topview_dorsal_arc_v1.0,ok
126,512.0,190.0,0.565960488637969,0.565960488637969,9.032799036523542e-09,0.20443890977198237,0.20410759762002015,0.3932623510318032,0.5973699486518234,0.5973258924701192,4.405618170411074e-05,0.5978576412143961,0.5978576412143961,0.5978576412143961,-0.0004876925625727502,0.0004876925625727502,0.08160664407476355,0.000571131706237793,0.0026747584342958763,5,5,11,five 1cm-spaced profiles centered on each side valley; median per side then sum,eleven 1cm-spaced full profiles centered on mean valley station; median full arc,Topview-visible dorsal surface only,dual_valley_topview_dorsal_arc_v1.0,ok
127,551.0,197.0,0.5800673028102743,0.489598090445369,0.17000004069752753,0.128854240741833,0.2408683589126509,0.3494497990602388,0.5903181579728898,0.5595537460940734,0.0307644118788164,0.6927352463098415,0.6927352463098416,0.6927352463098415,-0.10241708833695173,0.10241708833695173,15.9645869758954,0.0004945718686664158,0.001901018619537287,5,5,11,five 1cm-spaced profiles centered on each side valley; median per side then sum,eleven 1cm-spaced full profiles centered on mean valley station; median full arc,Topview-visible dorsal surface only,dual_valley_topview_dorsal_arc_v1.0,ok
128,479.0,190.0,0.5294715746454828,0.5709987569706187,0.08000015419792467,0.18154017844125597,0.3027451551273558,0.35762433813699424,0.66036949326435,0.6517503795971434,0.00861911366720658,0.6733321619232054,0.6733321619232053,0.6733321619232053,-0.012962668658855425,0.012962668658855425,1.9438633233206142,0.00030775727011256304,0.007825797796249478,5,5,11,five 1cm-spaced profiles centered on each side valley; median per side then sum,eleven 1cm-spaced full profiles centered on mean valley station; median full arc,Topview-visible dorsal surface only,dual_valley_topview_dorsal_arc_v1.0,ok
129,514.0,191.0,0.51445507251459,0.5948386775949949,0.14999991752119798,0.18389662696412323,0.30051581821030837,0.29647089027020973,0.596986708480518,0.5697747663960806,0.027211942084437446,0.6749999719894023,0.6749999719894023,0.6749999719894022,-0.07801326350888427,0.07801326350888427,12.266364845905962,0.0014991235030983319,0.005198055505752586,5,5,11,five 1cm-spaced profiles centered on each side valley; median per side then sum,eleven 1cm-spaced full profiles centered on mean valley station; median full arc,Topview-visible dorsal surface only,dual_valley_topview_dorsal_arc_v1.0,ok
130,548.0,202.0,0.5946852009902466,0.5067752147569057,0.1699998382400967,0.22078386184550192,0.2541505436054617,0.37024565833712536,0.624396201942587,0.6015901533368896,0.02280604860569746,0.679108107424676,0.6791081074246759,0.6791081074246759,-0.05471190548208893,0.05471190548208893,8.394587588075831,0.00010229037617548453,0.001395863294601396,5,5,11,five 1cm-spaced profiles centered on each side valley; median per side then sum,eleven 1cm-spaced full profiles centered on mean valley station; median full arc,Topview-visible dorsal surface only,dual_valley_topview_dorsal_arc_v1.0,ok
132,418.0,179.0,0.6045329973762046,0.5727154711985096,0.05999998295001091,0.3000060984600964,0.21762944039087923,0.33206315166758776,0.549692592058467,0.5466200952676836,0.0030724967907833634,0.5880435658673844,0.5880435658673845,0.5880435658673844,-0.03835097380891739,0.03835097380891739,6.741628723276773,0.0001511048222827549,0.004978495836257979,5,5,11,five 1cm-spaced profiles centered on each side valley; median per side then sum,eleven 1cm-spaced full profiles centered on mean valley station; median full arc,Topview-visible dorsal surface only,dual_valley_topview_dorsal_arc_v1.0,ok
133,531.0,198.0,0.5634810205927347,0.511785514116337,0.09999998704705473,0.17754083175572533,0.267810922119996,0.354094636532162,0.621905558652158,0.6269333066885541,-0.005027748036396051,0.6802924230795875,0.6802924230795875,0.6802924230795875,-0.058386864427429463,0.058386864427429463,8.967432793864862,0.0003958106040954368,0.004059332609176791,5,5,11,five 1cm-spaced profiles centered on each side valley; median per side then sum,eleven 1cm-spaced full profiles centered on mean valley station; median full arc,Topview-visible dorsal surface only,dual_valley_topview_dorsal_arc_v1.0,ok
134,512.0,188.0,0.5269798741575139,0.5942539006457073,0.12000007893502732,0.25236524877777095,0.30793430161701657,0.2584305580705211,0.5663648596875377,0.5676221805474746,-0.0012573208599369057,0.6125563170532964,0.6125563170532964,0.6125563170532963,-0.04619145736575869,0.04619145736575869,7.836224893924881,0.0010583043098448819,0.0018856644630432795,5,5,11,five 1cm-spaced profiles centered on each side valley; median per side then sum,eleven 1cm-spaced full profiles centered on mean valley station; median full arc,Topview-visible dorsal surface only,dual_valley_topview_dorsal_arc_v1.0,ok
135,413.0,177.0,0.5629051450802364,0.5121929698477826,0.09999992264840962,0.1752599552648813,0.23635539388058394,0.3858184432594494,0.6221738371400334,0.6177227172569797,0.004451119883053689,0.6844946051821379,0.6844946051821379,0.6844946051821379,-0.06232076804210451,0.06232076804210451,9.53888010509383,0.0012566815001499032,0.0033209621906280518,5,5,11,five 1cm-spaced profiles centered on each side valley; median per side then sum,eleven 1cm-spaced full profiles centered on mean valley station; median full arc,Topview-visible dorsal surface only,dual_valley_topview_dorsal_arc_v1.0,ok
136,563.0,207.0,0.5699246045936753,0.5914311934462669,0.04000017159687799,0.23653453667087915,0.27904646654907445,0.3320268434076413,0.6110733099567158,0.6064891201317786,0.004584189824937246,0.6236142515236668,0.6236142515236667,0.6236142515236667,-0.012540941566950958,0.012540941566950958,2.031435637355,0.0006305743745160797,0.0002068161964416948,5,5,11,five 1cm-spaced profiles centered on each side valley; median per side then sum,eleven 1cm-spaced full profiles centered on mean valley station; median full arc,Topview-visible dorsal surface only,dual_valley_topview_dorsal_arc_v1.0,ok
137,511.0,197.0,0.5288453966833939,0.5997215838677663,0.13000007470695454,0.23453055756616575,0.2916954226078495,0.2768106659385712,0.5685060885464206,0.5682013887488286,0.0003046997975919563,0.6513712762504218,0.6513712762504218,0.6513712762504218,-0.0828651877040012,0.0828651877040012,13.585822656493264,0.0006683741911961416,0.0007195293903351496,5,5,11,five 1cm-spaced profiles centered on each side valley; median per side then sum,eleven 1cm-spaced full profiles centered on mean valley station; median full arc,Topview-visible dorsal surface only,dual_valley_topview_dorsal_arc_v1.0,ok
138,495.0,182.0,0.4832177557505553,0.5882650939571978,0.19999985820728022,0.15261211303188518,0.41516297897022775,0.27958759250463794,0.6947505714748656,0.6797359495291622,0.015014621945703466,0.7810212116493858,0.7810212116493858,0.7810212116493858,-0.08627064017452013,0.08627064017452013,11.6915963783889,0.00040380358695979446,0.00046016573905938163,5,5,11,five 1cm-spaced profiles centered on each side valley; median per side then sum,eleven 1cm-spaced full profiles centered on mean valley station; median full arc,Topview-visible dorsal surface only,dual_valley_topview_dorsal_arc_v1.0,ok
139,519.0,199.0,0.643996394967609,0.560720999066625,0.15000005885234857,0.2641570801512673,0.21186200109280343,0.35205815232084686,0.5639201534136503,0.5660857212963999,-0.002165567882749575,0.6960167644122432,0.6960167644122432,0.6960167644122432,-0.13209661099859293,0.13209661099859293,20.96876583734598,0.0009271821603319408,0.006055271625518888,5,5,11,five 1cm-spaced profiles centered on each side valley; median per side then sum,eleven 1cm-spaced full profiles centered on mean valley station; median full arc,Topview-visible dorsal surface only,dual_valley_topview_dorsal_arc_v1.0,ok
140,549.0,196.0,0.5743849687854371,0.5441541809546246,0.05999993578363044,0.23023934351233513,0.24522363049170576,0.3566711729750647,0.6018948034667704,0.6017448302142828,0.00014997325248755633,0.6247853517813725,0.6247853517813726,0.6247853517813725,-0.022890548314602133,0.022890548314602133,3.7321135777193115,0.0015073418617247425,0.001717579364776567,5,5,11,five 1cm-spaced profiles centered on each side valley; median per side then sum,eleven 1cm-spaced full profiles centered on mean valley station; median full arc,Topview-visible dorsal surface only,dual_valley_topview_dorsal_arc_v1.0,ok
141,488.0,187.0,0.5586487759673753,0.5534277593695492,0.010000028866735927,0.2458172959874469,0.28513454180882125,0.2884354551734192,0.5735699969822404,0.573569992172541,4.809699416519209e-09,0.5758365317230872,0.5758365317230874,0.5758365317230874,-0.002266534740846815,0.002266534740846815,0.3943834812561578,0.00029581637102615854,0.00039653778076165214,5,5,11,five 1cm-spaced profiles centered on each side valley; median per side then sum,eleven 1cm-spaced full profiles centered on mean valley station; median full arc,Topview-visible dorsal surface only,dual_valley_topview_dorsal_arc_v1.0,ok
142,526.0,195.0,0.5928576524681052,0.6154427058954616,0.04000015033862864,0.2925628868947011,0.29069203530699506,0.3094869187643382,0.6001789540713333,0.6030858179445158,-0.002906863873182508,0.6167960777730223,0.6167960777730221,0.6167960777730221,-0.016617123701688996,0.016617123701688996,2.7308898320625916,0.00014933227760927092,0.00019371509552024158,5,5,11,five 1cm-spaced profiles centered on each side valley; median per side then sum,eleven 1cm-spaced full profiles centered on mean valley station; median full arc,Topview-visible dorsal surface only,dual_valley_topview_dorsal_arc_v1.0,ok
144,543.0,195.0,0.5087892857340254,0.5710900145994162,0.1200001175736217,0.14586081009870766,0.3280122258138096,0.28441226537382863,0.6124244911876382,0.5899235590956731,0.02250093209196513,0.638528590717809,0.6385285907178091,0.638528590717809,-0.026104099530170788,0.026104099530170788,4.173473794941872,0.0002315701735532416,0.0005673766136168323,5,5,11,five 1cm-spaced profiles centered on each side valley; median per side then sum,eleven 1cm-spaced full profiles centered on mean valley station; median full arc,Topview-visible dorsal surface only,dual_valley_topview_dorsal_arc_v1.0,ok
149,520.0,195.0,0.618301615443863,0.5445592209413839,0.13000002174918254,0.2511517223379904,0.22798783071606502,0.36407719264968946,0.5920650233657545,0.592044148910289,2.0874455465502706e-05,0.6720018549875532,0.6720018549875532,0.6720018549875533,-0.07993683162179865,0.07993683162179865,12.647563667823004,0.00033143758773812593,0.005194544792175293,5,5,11,five 1cm-spaced profiles centered on each side valley; median per side then sum,eleven 1cm-spaced full profiles centered on mean valley station; median full arc,Topview-visible dorsal surface only,dual_valley_topview_dorsal_arc_v1.0,ok
151,532.0,195.0,0.5210608916718483,0.5631668223119978,0.0799999135632612,0.19823361875651144,0.3239370606120707,0.26524122693909574,0.5891782875511664,0.5905544122423967,-0.0013761246912302738,0.6062730707144814,0.6062730707144814,0.6062730707144814,-0.01709478316331503,0.01709478316331503,2.8599713480799447,0.00021887421607980073,0.00021887421607980073,5,5,11,five 1cm-spaced profiles centered on each side valley; median per side then sum,eleven 1cm-spaced full profiles centered on mean valley station; median full arc,Topview-visible dorsal surface only,dual_valley_topview_dorsal_arc_v1.0,ok
154,535.0,197.0,0.5725207752584458,0.515784482214816,0.11000000857369946,0.19164563554717537,0.23737773548593596,0.36781231787606905,0.605190053362005,0.6079356398424544,-0.0027455864804493135,0.6691366618746509,0.6691366618746509,0.6691366618746509,-0.06394660851264589,0.06394660851264589,10.036140300295019,0.0004029056223500138,0.004037362337112271,5,5,11,five 1cm-spaced profiles centered on each side valley; median per side then sum,eleven 1cm-spaced full profiles centered on mean valley station; median full arc,Topview-visible dorsal surface only,dual_valley_topview_dorsal_arc_v1.0,ok
