cow_id,ground_truth_weight_kg,ground_truth_heart_girth_cm,upper_boundary_rule,lower_boundary_rule,upper_boundary_ratio_from_rear,lower_boundary_ratio_from_rear,boundary_mean_ratio_from_rear,boundary_side_ratio_difference,upper_boundary_x_m,upper_boundary_y_m,lower_boundary_x_m,lower_boundary_y_m,connector_length_m,rear_halfplane_sign,rear_side_core_point_count,projection_grid_cell_size_m,projection_grid_cell_count,valley_connected_rear_torso_projected_area_m2,existing_pca_45_48_core_area_m2,source_top_ply,area_definition,method_version,status
1,415.0,172.0,rule2_slow_to_fast_width_increase,rule1_first_u_shaped_valley,0.5803451721610638,0.5423786655710876,0.5613619188660757,0.037966506589976246,0.5740607963228394,-0.08801505503419008,0.5223594163756987,-0.4512224931691018,0.3668687446553118,-0.3739930015256109,19453,0.01,5223,0.5223,0.6242,point_clouds/cow_001_top_cattle.ply,projected point-cloud cells on rear side of upper-lower valley connector,upper_lower_valley_connector_rear_halfplane_area_v1.0,ok
2,407.0,171.0,rule1_first_u_shaped_valley,rule1_first_u_shaped_valley,0.5035465156651197,0.5539011672316317,0.5287238414483757,-0.05035465156651209,0.30880608423892975,-0.03652583733027229,0.4562759931640335,-0.4331139879279159,0.4231188192846516,-0.38938344288763693,18106,0.01,4951,0.49510000000000004,0.6163,point_clouds/cow_002_top_cattle.ply,projected point-cloud cells on rear side of upper-lower valley connector,upper_lower_valley_connector_rear_halfplane_area_v1.0,ok
4,443.0,176.0,rule1_first_u_shaped_valley,rule1_first_u_shaped_valley,0.6081097436338758,0.5386114872185757,0.5733606154262257,0.06949825641530016,0.8421960794411445,0.19226840579983598,0.7080570644281725,-0.20204662036587037,0.4165064407769849,-0.3973330515799164,18776,0.01,5307,0.5307000000000001,0.6863,point_clouds/cow_004_top_cattle.ply,projected point-cloud cells on rear side of upper-lower valley connector,upper_lower_valley_connector_rear_halfplane_area_v1.0,ok
6,441.0,178.0,rule1_first_u_shaped_valley,rule1_first_u_shaped_valley,0.5811927504226382,0.5971888811682152,0.5891908157954266,-0.015996130745577042,0.6447912118144281,0.26020236417840575,0.731731262526668,-0.14061741478476164,0.4101403023672865,-0.4517583669017339,19711,0.01,5647,0.5647,0.6957,point_clouds/cow_006_top_cattle.ply,projected point-cloud cells on rear side of upper-lower valley connector,upper_lower_valley_connector_rear_halfplane_area_v1.0,ok
13,410.0,179.0,rule1_first_u_shaped_valley,rule1_first_u_shaped_valley,0.5225323123652895,0.56796990474488,0.5452511085550847,-0.04543759237959044,0.5853867516147614,-0.21700182687312364,0.6515647752757076,-0.6134511570811381,0.4019348233707202,-0.3789260766246826,18015,0.01,4844,0.4844,0.6117,point_clouds/cow_013_top_cattle.ply,projected point-cloud cells on rear side of upper-lower valley connector,upper_lower_valley_connector_rear_halfplane_area_v1.0,ok
16,312.0,153.0,rule1_first_u_shaped_valley,rule1_first_u_shaped_valley,0.6392506795705036,0.574141814058693,0.6066962468145983,0.06510886551181061,0.9322767295592624,0.26207903075931693,0.8221839303423157,-0.07726141707613061,0.35675252483561354,-0.3489134333244331,14853,0.01,4642,0.4642,0.5376,point_clouds/cow_016_top_cattle.ply,projected point-cloud cells on rear side of upper-lower valley connector,upper_lower_valley_connector_rear_halfplane_area_v1.0,ok
20,441.0,181.0,rule1_first_u_shaped_valley,rule2_slow_to_fast_width_increase,0.5326749514826494,0.5601324232085592,0.5464036873456043,-0.027457471725909732,0.329878051557053,0.2368803687242797,0.32345242183907724,-0.17926176539032682,0.4161917400702851,-0.4120875061536744,18356,0.01,5347,0.5347000000000001,0.6784,point_clouds/cow_020_top_cattle.ply,projected point-cloud cells on rear side of upper-lower valley connector,upper_lower_valley_connector_rear_halfplane_area_v1.0,ok
21,373.0,168.0,rule2_slow_to_fast_width_increase,rule1_first_u_shaped_valley,0.5839516800767554,0.5674247457349604,0.5756882129058578,0.016526934341794974,0.45762764439540315,0.06302010825493695,0.38447570001822984,-0.3268191123966864,0.396643195989073,-0.4131143945768891,17422,0.01,5136,0.5136000000000001,0.6052,point_clouds/cow_021_top_cattle.ply,projected point-cloud cells on rear side of upper-lower valley connector,upper_lower_valley_connector_rear_halfplane_area_v1.0,ok
22,394.0,177.0,rule1_first_u_shaped_valley,rule1_first_u_shaped_valley,0.5110376502063166,0.5999137632856761,0.5554757067459963,-0.0888761130793595,0.15398167295529952,0.3192374598833323,0.3083249734304215,-0.08899649867042204,0.4364365009002137,-0.4071424497547664,17972,0.01,5078,0.5078,0.6668,point_clouds/cow_022_top_cattle.ply,projected point-cloud cells on rear side of upper-lower valley connector,upper_lower_valley_connector_rear_halfplane_area_v1.0,ok
23,439.0,177.0,rule1_first_u_shaped_valley,rule1_first_u_shaped_valley,0.5570387470937634,0.5684068847895545,0.562722815941659,-0.011368137695791036,0.6197419414021412,0.4937548013915922,0.6441037787010344,0.0829494340873427,0.41152709378916613,-0.40739838663179373,18107,0.01,5180,0.518,0.662,point_clouds/cow_023_top_cattle.ply,projected point-cloud cells on rear side of upper-lower valley connector,upper_lower_valley_connector_rear_halfplane_area_v1.0,ok
24,441.0,177.0,rule1_first_u_shaped_valley,rule1_first_u_shaped_valley,0.643815623886361,0.5193806713705096,0.5815981476284353,0.12443495251585146,0.5203109448776658,0.4795967747221865,0.2765520505829032,0.08295381288939674,0.4655577705497924,-0.43254161069957325,18830,0.01,5518,0.5518000000000001,0.6612,point_clouds/cow_024_top_cattle.ply,projected point-cloud cells on rear side of upper-lower valley connector,upper_lower_valley_connector_rear_halfplane_area_v1.0,ok
25,434.0,174.0,rule2_slow_to_fast_width_increase,rule1_first_u_shaped_valley,0.5903850876081421,0.5625367344190788,0.5764609110136105,0.027848353189063313,0.6885422423983804,0.15205456363400446,0.7113060553881304,-0.24720941519616094,0.3999123853710048,-0.4128383656998509,17977,0.01,5144,0.5144000000000001,0.6268,point_clouds/cow_025_top_cattle.ply,projected point-cloud cells on rear side of upper-lower valley connector,upper_lower_valley_connector_rear_halfplane_area_v1.0,ok
26,414.0,174.0,rule1_first_u_shaped_valley,rule1_first_u_shaped_valley,0.5736631636390935,0.5295352279745478,0.5515991958068207,0.04412793566454576,0.4736289549160472,-0.16718668470667614,0.3577076720355797,-0.5470540095094163,0.3971610860563304,-0.39146848326697964,17974,0.01,4949,0.4949,0.6266,point_clouds/cow_026_top_cattle.ply,projected point-cloud cells on rear side of upper-lower valley connector,upper_lower_valley_connector_rear_halfplane_area_v1.0,ok
27,400.0,174.0,rule1_first_u_shaped_valley,rule1_first_u_shaped_valley,0.6005517024963413,0.5665582099022087,0.583554956199275,0.033993492594132535,-0.0001647142935442894,0.2897218104816456,0.003942448383424231,-0.15706227228362435,0.4468029603725323,-0.4547184121984635,20112,0.01,5407,0.5407000000000001,0.6829,point_clouds/cow_027_top_cattle.ply,projected point-cloud cells on rear side of upper-lower valley connector,upper_lower_valley_connector_rear_halfplane_area_v1.0,ok
28,464.0,183.0,rule2_slow_to_fast_width_increase,rule1_first_u_shaped_valley,0.5481841629530718,0.5770359610032335,0.5626100619781527,-0.028851798050161692,0.6279568825699086,-0.12420165881316356,0.7744457628556429,-0.5462586781319774,0.44675621943477156,-0.4298419546059295,20332,0.01,5104,0.5104000000000001,0.6436,point_clouds/cow_028_top_cattle.ply,projected point-cloud cells on rear side of upper-lower valley connector,upper_lower_valley_connector_rear_halfplane_area_v1.0,ok
39,437.0,179.0,rule1_first_u_shaped_valley,rule1_first_u_shaped_valley,0.5190246970282869,0.5971574471185667,0.5580910720734268,-0.07813275009027976,0.5413713008844572,0.09346855104687823,0.7063610448616602,-0.30977521741775993,0.4356915794724816,-0.4153263819999007,19404,0.01,5372,0.5372,0.7172,point_clouds/cow_039_top_cattle.ply,projected point-cloud cells on rear side of upper-lower valley connector,upper_lower_valley_connector_rear_halfplane_area_v1.0,ok
50,410.0,184.0,rule1_first_u_shaped_valley,rule1_first_u_shaped_valley,0.5446513470790088,0.5718839144329593,0.558267630755984,-0.02723256735395052,0.6100894276391751,0.19464641333876845,0.7636986776619915,-0.2083975555901465,0.43132382566065636,-0.43733964898535893,20196,0.01,5674,0.5674,0.6929,point_clouds/cow_050_top_cattle.ply,projected point-cloud cells on rear side of upper-lower valley connector,upper_lower_valley_connector_rear_halfplane_area_v1.0,ok
51,431.0,176.0,rule1_first_u_shaped_valley,rule1_first_u_shaped_valley,0.588920327470987,0.5671084634905801,0.5780143954807835,0.02181186398040691,0.676852690358904,0.14665787867331018,0.6050596749500241,-0.2854584150335498,0.43803964243941773,-0.4619951216446125,19996,0.01,5616,0.5616,0.681,point_clouds/cow_051_top_cattle.ply,projected point-cloud cells on rear side of upper-lower valley connector,upper_lower_valley_connector_rear_halfplane_area_v1.0,ok
76,463.0,185.0,rule1_first_u_shaped_valley,rule1_first_u_shaped_valley,0.5359454158729889,0.6524552888888562,0.5942003523809225,-0.11650987301586724,0.6537604181243268,0.18248010887650282,0.8475106782818302,-0.24845501181422502,0.4724872924807951,-0.44381411574299695,21311,0.01,5891,0.5891000000000001,0.7315,point_clouds/cow_076_top_cattle.ply,projected point-cloud cells on rear side of upper-lower valley connector,upper_lower_valley_connector_rear_halfplane_area_v1.0,ok
82,445.0,189.0,rule1_first_u_shaped_valley,rule1_first_u_shaped_valley,0.520621685762102,0.5828699307988752,0.5517458082804886,-0.062248245036773175,0.5549697711587714,0.3230833600708686,0.6751305453458661,-0.10217985978670183,0.4419133600796317,-0.41680669346926963,18555,0.01,5238,0.5238,0.6853,point_clouds/cow_082_top_cattle.ply,projected point-cloud cells on rear side of upper-lower valley connector,upper_lower_valley_connector_rear_halfplane_area_v1.0,ok
87,451.0,190.0,rule1_first_u_shaped_valley,rule1_first_u_shaped_valley,0.5199057889311325,0.6149423309938127,0.5674240599624726,-0.0950365420626802,0.6097668143165162,-0.0025285008415173726,0.7511275084380475,-0.4257642217126998,0.44621891629991506,-0.4194651867855011,19504,0.01,5332,0.5332,0.6616,point_clouds/cow_087_top_cattle.ply,projected point-cloud cells on rear side of upper-lower valley connector,upper_lower_valley_connector_rear_halfplane_area_v1.0,ok
97,462.0,188.0,rule1_first_u_shaped_valley,rule1_first_u_shaped_valley,0.5190341628322223,0.5846591719259516,0.5518466673790869,-0.06562500909372937,0.12240688284255949,0.10437705343201689,0.24017007539758034,-0.2780570893354264,0.40015502380330065,-0.35927598126617444,15223,0.01,4869,0.4869,0.6072,point_clouds/cow_097_top_cattle.ply,projected point-cloud cells on rear side of upper-lower valley connector,upper_lower_valley_connector_rear_halfplane_area_v1.0,ok
98,346.0,167.0,rule1_first_u_shaped_valley,rule1_first_u_shaped_valley,0.5841325664667865,0.5672825885879368,0.5757075775273617,0.016849977878849676,0.33841066359861993,-0.19337377791874794,0.2548207636687016,-0.5780685855796985,0.39367164796514054,-0.4039762233077314,18024,0.01,5189,0.5189,0.6554,point_clouds/cow_098_top_cattle.ply,projected point-cloud cells on rear side of upper-lower valley connector,upper_lower_valley_connector_rear_halfplane_area_v1.0,ok
99,407.0,175.0,rule2_slow_to_fast_width_increase,rule1_first_u_shaped_valley,0.5607762718223241,0.5267898311058197,0.5437830514640719,0.033986440716504474,0.6108665732096179,0.34234661678459305,0.5163660698959306,-0.034152245181247154,0.3881774570838871,-0.3674615041092443,16542,0.01,4746,0.4746,0.5862,point_clouds/cow_099_top_cattle.ply,projected point-cloud cells on rear side of upper-lower valley connector,upper_lower_valley_connector_rear_halfplane_area_v1.0,ok
100,366.0,170.0,rule1_first_u_shaped_valley,rule1_first_u_shaped_valley,0.5682749597854385,0.5232630817826315,0.545769020784035,0.04501187800280704,0.6052850948427958,0.570517192748417,0.5112772295131454,0.206944714914205,0.3755295266451711,-0.3554945007206851,16735,0.01,4805,0.48050000000000004,0.6057,point_clouds/cow_100_top_cattle.ply,projected point-cloud cells on rear side of upper-lower valley connector,upper_lower_valley_connector_rear_halfplane_area_v1.0,ok
102,378.0,171.0,rule2_slow_to_fast_width_increase,rule1_first_u_shaped_valley,0.5982212938274024,0.5151350030180409,0.5566781484227217,0.08308629080936147,0.440965025624508,0.32839331954946327,0.22303914349601622,-0.05045210784572379,0.4370532552901571,-0.40850531455376426,17241,0.01,5158,0.5158,0.6074,point_clouds/cow_102_top_cattle.ply,projected point-cloud cells on rear side of upper-lower valley connector,upper_lower_valley_connector_rear_halfplane_area_v1.0,ok
103,382.0,172.0,rule1_first_u_shaped_valley,rule1_first_u_shaped_valley,0.5311435526324477,0.5736350368430436,0.5523892947377457,-0.0424914842105959,0.17095371780619995,-0.21720326131278797,0.20499479627398182,-0.6228828790265973,0.40710532697530766,-0.41588518782575523,19857,0.01,5258,0.5258,0.6555,point_clouds/cow_103_top_cattle.ply,projected point-cloud cells on rear side of upper-lower valley connector,upper_lower_valley_connector_rear_halfplane_area_v1.0,ok
104,408.0,175.0,rule1_first_u_shaped_valley,rule1_first_u_shaped_valley,0.5579194818698623,0.6199105354109582,0.5889150086404102,-0.06199105354109591,0.8216922720515863,0.23994900601663519,0.9657225448040148,-0.11212028626803333,0.38039125389389056,-0.3489811413773926,14936,0.01,4761,0.4761,0.5606,point_clouds/cow_104_top_cattle.ply,projected point-cloud cells on rear side of upper-lower valley connector,upper_lower_valley_connector_rear_halfplane_area_v1.0,ok
105,323.0,164.0,rule3_post_peak_valley,rule2_slow_to_fast_width_increase,0.4733675330443795,0.5667953356189281,0.5200814343316538,-0.09342780257454864,0.4510919272593513,0.04065743476766709,0.553141574269521,-0.3571773279016428,0.41071477797012174,-0.32013309058180406,12076,0.01,3773,0.3773,0.4955,point_clouds/cow_105_top_cattle.ply,projected point-cloud cells on rear side of upper-lower valley connector,upper_lower_valley_connector_rear_halfplane_area_v1.0,ok
107,409.0,177.0,rule1_first_u_shaped_valley,rule1_first_u_shaped_valley,0.5860342046768793,0.5274307842091913,0.5567324944430353,0.05860342046768796,0.4972868576029458,-0.005246927712701799,0.30416263778686103,-0.35164381357882324,0.3965952178447418,-0.3648390156183307,15085,0.01,4661,0.4661,0.5549,point_clouds/cow_107_top_cattle.ply,projected point-cloud cells on rear side of upper-lower valley connector,upper_lower_valley_connector_rear_halfplane_area_v1.0,ok
110,417.0,176.0,rule1_first_u_shaped_valley,rule1_first_u_shaped_valley,0.5290333756749936,0.5715992794649357,0.5503163275699647,-0.04256590378994207,0.3685087658831153,0.14684712921602583,0.4786975016903135,-0.16848164569422197,0.33402663634085566,-0.2934586592563215,12185,0.01,3940,0.394,0.4623,point_clouds/cow_110_top_cattle.ply,projected point-cloud cells on rear side of upper-lower valley connector,upper_lower_valley_connector_rear_halfplane_area_v1.0,ok
111,243.0,145.0,rule2_slow_to_fast_width_increase,rule2_widening_plateau_supplement,0.5398585647696338,0.5563848473646227,0.5481217060671282,-0.016526282594988895,0.6479395065144122,0.21558822475210326,0.5360806448892687,-0.1936097706516649,0.4242115089982063,-0.4217617425886725,18370,0.01,5261,0.5261,0.6408,point_clouds/cow_111_top_cattle.ply,projected point-cloud cells on rear side of upper-lower valley connector,upper_lower_valley_connector_rear_halfplane_area_v1.0,ok
112,399.0,176.0,rule1_first_u_shaped_valley,rule1_first_u_shaped_valley,0.5432592441342627,0.5326071020924144,0.5379331731133385,0.01065214204184839,0.47773397812789486,0.03179048493826955,0.42646189632048276,-0.40048641268208285,0.43530695214887455,-0.43928964090791134,20582,0.01,5472,0.5472,0.7739,point_clouds/cow_112_top_cattle.ply,projected point-cloud cells on rear side of upper-lower valley connector,upper_lower_valley_connector_rear_halfplane_area_v1.0,ok
114,605.0,202.0,rule1_first_u_shaped_valley,rule1_first_u_shaped_valley,0.5760713736129446,0.5060813936412784,0.5410763836271115,0.06998997997166623,0.6315583244783765,0.01574804722574122,0.45479080091498825,-0.4102813121339693,0.46124589149734263,-0.4454678605746142,20195,0.01,5443,0.5443,0.7141,point_clouds/cow_114_top_cattle.ply,projected point-cloud cells on rear side of upper-lower valley connector,upper_lower_valley_connector_rear_halfplane_area_v1.0,ok
117,399.0,175.0,rule1_first_u_shaped_valley,rule1_first_u_shaped_valley,0.540098805931,0.5718693239269412,0.5559840649289707,-0.031770517995941217,0.22055437723882915,0.2771328005077069,0.30592698749828817,-0.1449472235120232,0.4306274831673072,-0.44707485876650604,20262,0.01,5682,0.5682,0.7146,point_clouds/cow_117_top_cattle.ply,projected point-cloud cells on rear side of upper-lower valley connector,upper_lower_valley_connector_rear_halfplane_area_v1.0,ok
119,495.0,193.0,rule1_first_u_shaped_valley,rule1_first_u_shaped_valley,0.5307129140784617,0.5719333345894102,0.5513231243339359,-0.04122042051094854,0.31290855603114887,0.17065421522206758,0.33702514429283853,-0.27756883718199565,0.44887137861062104,-0.47306749633551964,21007,0.01,5812,0.5812,0.7362,point_clouds/cow_119_top_cattle.ply,projected point-cloud cells on rear side of upper-lower valley connector,upper_lower_valley_connector_rear_halfplane_area_v1.0,ok
120,493.0,188.0,rule1_first_u_shaped_valley,rule1_first_u_shaped_valley,0.5810806336493393,0.5756499735217753,0.5783653035855573,0.005430660127563991,0.6155084431453289,-0.02888428762440859,0.5783072637946701,-0.47618789013910323,0.44884790360177,-0.47796998635490545,22779,0.01,6081,0.6081,0.7614,point_clouds/cow_120_top_cattle.ply,projected point-cloud cells on rear side of upper-lower valley connector,upper_lower_valley_connector_rear_halfplane_area_v1.0,ok
122,486.0,189.0,rule1_first_u_shaped_valley,rule1_first_u_shaped_valley,0.5326104171839242,0.5747973809212648,0.5537038990525944,-0.042186963737340544,0.35380083403450285,0.2343316868870594,0.47107870592221757,-0.21380914862871597,0.46323245535183355,-0.47914566172754286,22066,0.01,5928,0.5928,0.8006,point_clouds/cow_122_top_cattle.ply,projected point-cloud cells on rear side of upper-lower valley connector,upper_lower_valley_connector_rear_halfplane_area_v1.0,ok
123,545.0,192.0,rule1_first_u_shaped_valley,rule1_first_u_shaped_valley,0.6060043570940683,0.580106734996031,0.5930555460450497,0.025897622098037254,0.5495850638510017,0.3597946104716368,0.4606449210744625,-0.06745061859036815,0.43640443942901896,-0.4951333941311698,21817,0.01,6277,0.6277,0.789,point_clouds/cow_123_top_cattle.ply,projected point-cloud cells on rear side of upper-lower valley connector,upper_lower_valley_connector_rear_halfplane_area_v1.0,ok
124,484.0,184.0,rule1_first_u_shaped_valley,rule1_first_u_shaped_valley,0.5076378239204864,0.5801575130519844,0.5438976684862353,-0.07251968913149798,0.2730673833610354,0.4280211078021452,0.4293789143287996,-0.03382598488196481,0.48758182055348537,-0.49778580283416635,21574,0.01,5901,0.5901000000000001,0.7786,point_clouds/cow_124_top_cattle.ply,projected point-cloud cells on rear side of upper-lower valley connector,upper_lower_valley_connector_rear_halfplane_area_v1.0,ok
125,411.0,194.0,rule1_first_u_shaped_valley,rule1_first_u_shaped_valley,0.5196803347744677,0.5984197794372659,0.5590500571058667,-0.07873944466279814,0.4016860066517275,0.2831189691343784,0.5449020401003817,-0.14255641224268695,0.4491217680621549,-0.45434103632242173,21356,0.01,5793,0.5793,0.7776,point_clouds/cow_125_top_cattle.ply,projected point-cloud cells on rear side of upper-lower valley connector,upper_lower_valley_connector_rear_halfplane_area_v1.0,ok
126,512.0,190.0,rule1_first_u_shaped_valley,rule1_first_u_shaped_valley,0.565960488637969,0.565960488637969,0.565960488637969,0.0,0.26489702181122127,0.4128064603303226,0.148469992494821,-0.015480161791900898,0.44382956621242137,-0.4793359315094151,22934,0.01,6186,0.6186,0.7765,point_clouds/cow_126_top_cattle.ply,projected point-cloud cells on rear side of upper-lower valley connector,upper_lower_valley_connector_rear_halfplane_area_v1.0,ok
127,551.0,197.0,rule1_first_u_shaped_valley,rule1_first_u_shaped_valley,0.5800673028102743,0.489598090445369,0.5348326966278216,0.0904692123649053,0.38137543195302936,0.16614587027678707,0.14190423507260327,-0.22479414865561653,0.4584545261399563,-0.43176951193872326,19404,0.01,5359,0.5359,0.7893,point_clouds/cow_127_top_cattle.ply,projected point-cloud cells on rear side of upper-lower valley connector,upper_lower_valley_connector_rear_halfplane_area_v1.0,ok
128,479.0,190.0,rule1_first_u_shaped_valley,rule1_first_u_shaped_valley,0.5294715746454828,0.5709987569706187,0.5502351658080508,-0.04152718232513597,0.2651952081001283,0.33031871033886845,0.2759974045727368,-0.12858093866129525,0.45902676969987954,-0.48113077033794227,21161,0.01,5649,0.5649000000000001,0.734,point_clouds/cow_128_top_cattle.ply,projected point-cloud cells on rear side of upper-lower valley connector,upper_lower_valley_connector_rear_halfplane_area_v1.0,ok
129,514.0,191.0,rule1_first_u_shaped_valley,rule1_first_u_shaped_valley,0.51445507251459,0.5948386775949949,0.5546468750547924,-0.08038360508040487,0.41812939423121975,0.19891594655304953,0.4916679527915199,-0.25044191996937515,0.45533549367550075,-0.45403107508591883,21853,0.01,6011,0.6011000000000001,0.767,point_clouds/cow_129_top_cattle.ply,projected point-cloud cells on rear side of upper-lower valley connector,upper_lower_valley_connector_rear_halfplane_area_v1.0,ok
130,548.0,202.0,rule1_first_u_shaped_valley,rule1_first_u_shaped_valley,0.5946852009902466,0.5067752147569057,0.5507302078735761,0.0879099862333409,0.43753594590603945,0.2663667466156167,0.30694911031018857,-0.17718682120546,0.4623772152233977,-0.4607513302846254,21347,0.01,5804,0.5804,0.7455,point_clouds/cow_130_top_cattle.ply,projected point-cloud cells on rear side of upper-lower valley connector,upper_lower_valley_connector_rear_halfplane_area_v1.0,ok
132,418.0,179.0,rule1_first_u_shaped_valley,rule1_first_u_shaped_valley,0.6045329973762046,0.5727154711985096,0.5886242342873571,0.031817526177694955,0.6365539589028266,0.3458512166632738,0.5629355093173093,-0.06906685726054515,0.4213984862194299,-0.46312175215984414,23027,0.01,6004,0.6004,0.7703,point_clouds/cow_132_top_cattle.ply,projected point-cloud cells on rear side of upper-lower valley connector,upper_lower_valley_connector_rear_halfplane_area_v1.0,ok
133,531.0,198.0,rule1_first_u_shaped_valley,rule1_first_u_shaped_valley,0.5634810205927347,0.511785514116337,0.5376332673545359,0.05169550647639776,0.5321635070876058,0.20997801089783238,0.41619542406178966,-0.24346700217895817,0.4680395027825038,-0.47521088217058743,19841,0.01,5848,0.5848,0.7816,point_clouds/cow_133_top_cattle.ply,projected point-cloud cells on rear side of upper-lower valley connector,upper_lower_valley_connector_rear_halfplane_area_v1.0,ok
134,512.0,188.0,rule1_first_u_shaped_valley,rule2_slow_to_fast_width_increase,0.5269798741575139,0.5942539006457073,0.5606168874016106,-0.06727402648819336,0.5884550120512394,0.06956974663150525,0.7099063575541507,-0.3373275555305187,0.424636131094848,-0.4082015475448278,19248,0.01,5076,0.5076,0.6343,point_clouds/cow_134_top_cattle.ply,projected point-cloud cells on rear side of upper-lower valley connector,upper_lower_valley_connector_rear_halfplane_area_v1.0,ok
135,413.0,177.0,rule1_first_u_shaped_valley,rule1_first_u_shaped_valley,0.5629051450802364,0.5121929698477826,0.5375490574640095,0.05071217523245375,0.4845508819648261,0.15204023763935307,0.34946329776404617,-0.3197643998083122,0.4907629481963015,-0.5112685817435801,21731,0.01,6045,0.6045,0.8532,point_clouds/cow_135_top_cattle.ply,projected point-cloud cells on rear side of upper-lower valley connector,upper_lower_valley_connector_rear_halfplane_area_v1.0,ok
136,563.0,207.0,rule1_first_u_shaped_valley,rule1_first_u_shaped_valley,0.5699246045936753,0.5914311934462669,0.5806778990199711,-0.0215065888525916,0.5598998618505138,0.46337019552216585,0.5905607147062183,0.012799848144065873,0.45161236235765384,-0.48633092480935447,21727,0.01,5914,0.5914,0.7537,point_clouds/cow_136_top_cattle.ply,projected point-cloud cells on rear side of upper-lower valley connector,upper_lower_valley_connector_rear_halfplane_area_v1.0,ok
137,511.0,197.0,rule1_first_u_shaped_valley,rule1_first_u_shaped_valley,0.5288453966833939,0.5997215838677663,0.5642834902755801,-0.07087618718437239,0.5919604750108324,0.25418095679316277,0.6709560631371773,-0.18430671174590355,0.44554656143241994,-0.4454505032051736,19982,0.01,5631,0.5631,0.7404,point_clouds/cow_137_top_cattle.ply,projected point-cloud cells on rear side of upper-lower valley connector,upper_lower_valley_connector_rear_halfplane_area_v1.0,ok
138,495.0,182.0,rule3_post_peak_valley,rule1_first_u_shaped_valley,0.4832177557505553,0.5882650939571978,0.5357414248538765,-0.10504733820664253,0.1915271708003094,0.2852794965397719,0.3193986562967378,-0.2251210694296643,0.5261747376537418,-0.5037722599579869,23176,0.01,6145,0.6145,0.7963,point_clouds/cow_138_top_cattle.ply,projected point-cloud cells on rear side of upper-lower valley connector,upper_lower_valley_connector_rear_halfplane_area_v1.0,ok
139,519.0,199.0,rule1_first_u_shaped_valley,rule1_first_u_shaped_valley,0.643996394967609,0.560720999066625,0.602358697017117,0.08327539590098398,0.7008610792219211,0.13895703422157285,0.5121978141123494,-0.2904491823862595,0.46902401480442035,-0.4827441771161194,21558,0.01,5906,0.5906,0.7866,point_clouds/cow_139_top_cattle.ply,projected point-cloud cells on rear side of upper-lower valley connector,upper_lower_valley_connector_rear_halfplane_area_v1.0,ok
140,549.0,196.0,rule1_first_u_shaped_valley,rule1_first_u_shaped_valley,0.5743849687854371,0.5441541809546246,0.5592695748700309,0.030230787830812456,0.27630598995892425,0.4383349128255196,0.1925390906814603,-0.010967524459180839,0.457044389052675,-0.5027982760169453,23042,0.01,6440,0.644,0.8118,point_clouds/cow_140_top_cattle.ply,projected point-cloud cells on rear side of upper-lower valley connector,upper_lower_valley_connector_rear_halfplane_area_v1.0,ok
141,488.0,187.0,rule1_first_u_shaped_valley,rule1_first_u_shaped_valley,0.5586487759673753,0.5534277593695492,0.5560382676684623,0.005221016597826034,0.572547476169629,0.004131256002615907,0.5502703545967711,-0.4343644349715682,0.4390612043308985,-0.46758188181138344,21786,0.01,5880,0.5880000000000001,0.7275,point_clouds/cow_141_top_cattle.ply,projected point-cloud cells on rear side of upper-lower valley connector,upper_lower_valley_connector_rear_halfplane_area_v1.0,ok
142,526.0,195.0,rule1_first_u_shaped_valley,rule1_first_u_shaped_valley,0.5928576524681052,0.6154427058954616,0.6041501791817834,-0.022585053427356394,0.6775918521236034,0.2862570920086849,0.6992755890574911,-0.16493424365714335,0.45171208288835063,-0.4815508000498055,21046,0.01,5977,0.5977,0.761,point_clouds/cow_142_top_cattle.ply,projected point-cloud cells on rear side of upper-lower valley connector,upper_lower_valley_connector_rear_halfplane_area_v1.0,ok
144,543.0,195.0,rule1_first_u_shaped_valley,rule1_first_u_shaped_valley,0.5087892857340254,0.5710900145994162,0.5399396501667209,-0.06230072886539084,0.20916416392599044,0.15078903574837793,0.29959899512995314,-0.30145919265862653,0.4612016031977375,-0.46395159026283456,21972,0.01,5825,0.5825,0.813,point_clouds/cow_144_top_cattle.ply,projected point-cloud cells on rear side of upper-lower valley connector,upper_lower_valley_connector_rear_halfplane_area_v1.0,ok
149,520.0,195.0,rule1_first_u_shaped_valley,rule1_first_u_shaped_valley,0.618301615443863,0.5445592209413839,0.5814304181926234,0.0737423945024791,0.6827632766023528,0.29916630131971467,0.5707238749644911,-0.14099983960652254,0.4542015622356072,-0.448546454237133,21765,0.01,5773,0.5773,0.7789,point_clouds/cow_149_top_cattle.ply,projected point-cloud cells on rear side of upper-lower valley connector,upper_lower_valley_connector_rear_halfplane_area_v1.0,ok
151,532.0,195.0,rule1_first_u_shaped_valley,rule1_first_u_shaped_valley,0.5210608916718483,0.5631668223119978,0.542113856991923,-0.04210593064014945,0.4968882706115746,0.18827545966563705,0.5772978000390763,-0.2371060545944189,0.4329146857025417,-0.43959265957358085,20595,0.01,5490,0.549,0.793,point_clouds/cow_151_top_cattle.ply,projected point-cloud cells on rear side of upper-lower valley connector,upper_lower_valley_connector_rear_halfplane_area_v1.0,ok
154,535.0,197.0,rule1_first_u_shaped_valley,rule1_first_u_shaped_valley,0.5725207752584458,0.515784482214816,0.544152628736631,0.056736293043629815,0.5016512267553078,0.20639976682458971,0.3572418034594903,-0.23462662184813393,0.46406719022393184,-0.4766937400146074,21577,0.01,5833,0.5833,0.7991,point_clouds/cow_154_top_cattle.ply,projected point-cloud cells on rear side of upper-lower valley connector,upper_lower_valley_connector_rear_halfplane_area_v1.0,ok
