cow_id,ground_truth_weight_kg,pca_max_width_m,pca_max_width_axis_m,method_version,dorsal_arc_1cm_m,dorsal_chord_1cm_m,dorsal_arc_to_max_width_ratio_1cm,valid_profile_count_1cm,dorsal_arc_2cm_m,dorsal_chord_2cm_m,dorsal_arc_to_max_width_ratio_2cm,valid_profile_count_2cm,dorsal_arc_5cm_m,dorsal_chord_5cm_m,dorsal_arc_to_max_width_ratio_5cm,valid_profile_count_5cm,dorsal_arc_10cm_m,dorsal_chord_10cm_m,dorsal_arc_to_max_width_ratio_10cm,valid_profile_count_10cm,dorsal_arc_15cm_m,dorsal_chord_15cm_m,dorsal_arc_to_max_width_ratio_15cm,valid_profile_count_15cm
1,415.0,0.570137,-0.2,topview_visible_dorsal_arc_maxwidth_1cm_bins_v1.0,0.7094731060069716,0.5700000000000005,1.2443905692964525,1,0.7098238329324693,0.5650000000000005,1.2450057318372063,2,0.7094731060069716,0.5700000000000005,1.2443905692964525,5,0.7055769389051857,0.5600000000000005,1.2375568309111418,10,0.7094731060069716,0.5700000000000005,1.2443905692964525,15
2,407.0,0.591295,-0.22,topview_visible_dorsal_arc_maxwidth_1cm_bins_v1.0,0.7267588538369127,0.5900000000000005,1.2290969039767168,1,0.7264014271964973,0.5900000000000005,1.2284924228963499,2,0.7270046219479971,0.5900000000000005,1.2295125477942432,5,0.7260199442405433,0.5900000000000005,1.2278472576980073,10,0.7225180745007062,0.5800000000000005,1.2219248843651749,15
4,443.0,0.608925,-0.1,topview_visible_dorsal_arc_maxwidth_1cm_bins_v1.0,0.7537552013927451,0.5900000000000005,1.2378457139922734,1,0.778241773145484,0.6050000000000005,1.278058501696406,2,0.7537552013927451,0.5900000000000005,1.2378457139922734,5,0.7755830895670368,0.6000000000000005,1.2736923095077994,10,0.7602280525060926,0.5900000000000005,1.2484756784597324,15
6,441.0,0.579165,-0.13,topview_visible_dorsal_arc_maxwidth_1cm_bins_v1.0,0.7281337030022665,0.5800000000000005,1.257212889249638,1,0.7169427261745976,0.5750000000000005,1.2378902837267405,2,0.7249501228911357,0.5800000000000005,1.2517160444625204,5,0.7212782035138734,0.5800000000000005,1.245376021537685,10,0.722472926595687,0.5800000000000005,1.2474388586943046,15
13,410.0,0.56025,-0.15,topview_visible_dorsal_arc_maxwidth_1cm_bins_v1.0,0.7153719585104751,0.5600000000000005,1.2768798902462741,1,0.7178608223504319,0.5600000000000005,1.2813223067388342,2,0.6965904029809997,0.5500000000000005,1.2433563640892453,5,0.7034170683398605,0.5500000000000005,1.2555413981969843,10,0.6965904029809997,0.5500000000000005,1.2433563640892453,15
16,312.0,0.528906,-0.06,topview_visible_dorsal_arc_maxwidth_1cm_bins_v1.0,0.6386914348597856,0.5100000000000005,1.2075707873606758,1,0.6492815723171681,0.5150000000000005,1.2275935087088596,2,0.6482463833285598,0.5200000000000005,1.225636281926391,5,0.6438634852328546,0.5150000000000005,1.2173495578285265,10,0.6518018994420094,0.5200000000000005,1.2323586789372958,15
20,441.0,0.578143,-0.17,topview_visible_dorsal_arc_maxwidth_1cm_bins_v1.0,0.7462871924006611,0.5800000000000005,1.2908349532912466,1,0.7344717732931405,0.5750000000000005,1.2703981078956945,2,0.7462871924006611,0.5800000000000005,1.2908349532912466,5,0.7269899177393147,0.5700000000000005,1.2574569228362442,10,0.7276990599281973,0.5700000000000005,1.2586835089730348,15
21,373.0,0.589629,-0.14,topview_visible_dorsal_arc_maxwidth_1cm_bins_v1.0,0.7199951563431265,0.5800000000000005,1.2210986168304587,1,0.7344717798016438,0.5850000000000005,1.2456507054463803,2,0.7444918155836543,0.5900000000000005,1.2626445028715587,5,0.7239119061593295,0.5800000000000005,1.2277413528834735,10,0.7199951563431265,0.5800000000000005,1.2210986168304587,15
22,394.0,0.540493,-0.18,topview_visible_dorsal_arc_maxwidth_1cm_bins_v1.0,0.6981542717649045,0.5400000000000005,1.2916990076927999,1,0.7034093147852067,0.5400000000000005,1.3014216923904782,2,0.6981542717649045,0.5400000000000005,1.2916990076927999,5,0.6825126144702409,0.5300000000000005,1.2627593964588641,10,0.6753463139192272,0.5300000000000005,1.2495005743260823,15
23,439.0,0.575478,-0.13,topview_visible_dorsal_arc_maxwidth_1cm_bins_v1.0,0.6907426232305824,0.5500000000000005,1.2002937092826873,1,0.7219840677312213,0.5600000000000005,1.2545815265417986,2,0.7147345071812476,0.5700000000000005,1.2419840674730356,5,0.7207605158233414,0.5650000000000005,1.2524553776570806,10,0.7093494577822786,0.5700000000000005,1.2326265431211594,15
24,441.0,0.557499,-0.23,topview_visible_dorsal_arc_maxwidth_1cm_bins_v1.0,0.6828795331622253,0.5500000000000005,1.224898220736226,1,0.690516421295875,0.5500000000000005,1.2385966993588777,2,0.6954382900082319,0.5500000000000005,1.2474251792527555,5,0.6859704289833832,0.5500000000000005,1.2304424384319672,10,0.6828795331622253,0.5500000000000005,1.224898220736226,15
25,434.0,0.530462,-0.1,topview_visible_dorsal_arc_maxwidth_1cm_bins_v1.0,0.661065430602362,0.5200000000000005,1.2462069490413301,1,0.6715332310450146,0.5200000000000005,1.2659403143769292,2,0.6616545361040496,0.5200000000000005,1.247317500789971,5,0.6597805003719325,0.5200000000000005,1.2437846638815457,10,0.6616545361040496,0.5200000000000005,1.247317500789971,15
26,414.0,0.522857,-0.23,topview_visible_dorsal_arc_maxwidth_1cm_bins_v1.0,0.6427337760488362,0.5100000000000005,1.2292725851405568,1,0.6675521959550261,0.5250000000000005,1.2767395214275148,2,0.6766475606433804,0.5300000000000005,1.2941350324149439,5,0.6772375413037504,0.5250000000000005,1.295263411035427,10,0.6787263417264006,0.5200000000000005,1.2981108443157507,15
27,400.0,0.553485,-0.08,topview_visible_dorsal_arc_maxwidth_1cm_bins_v1.0,0.7078854970505584,0.5500000000000005,1.2789605807755555,1,0.7121540752220393,0.5550000000000005,1.2866727647940583,2,0.7057940923019935,0.5500000000000005,1.2751819693433308,5,0.698061271307247,0.5500000000000005,1.2612108210832218,10,0.7057940923019935,0.5500000000000005,1.2751819693433308,15
28,464.0,0.567858,-0.16,topview_visible_dorsal_arc_maxwidth_1cm_bins_v1.0,0.7623012716693692,0.5700000000000005,1.3424153074701233,1,0.7630659098134971,0.5650000000000005,1.3437618380184784,2,0.7659111163063392,0.5600000000000005,1.3487722569838574,5,0.7629068890193248,0.5600000000000005,1.3434818018225063,10,0.7504689156058973,0.5600000000000005,1.3215784854768224,15
39,437.0,0.58566,-0.11,topview_visible_dorsal_arc_maxwidth_1cm_bins_v1.0,0.795953092984907,0.5900000000000005,1.3590702677063604,1,0.76801293303227,0.5800000000000005,1.3113631339553156,2,0.7593553843309159,0.5800000000000005,1.2965805831556123,5,0.752994047283676,0.5800000000000005,1.2857187571008368,10,0.7513176362345771,0.5800000000000005,1.2828563265966213,15
50,410.0,0.594746,-0.22,topview_visible_dorsal_arc_maxwidth_1cm_bins_v1.0,0.8352935910372651,0.6100000000000005,1.4044543234208637,1,0.8426919695048074,0.6050000000000005,1.416893883279261,2,0.8018266486098835,0.5800000000000005,1.3481833397952798,5,0.794988514353755,0.5800000000000005,1.3366857689732339,10,0.79351908218801,0.5800000000000005,1.334215080367098,15
51,431.0,0.576654,-0.05,topview_visible_dorsal_arc_maxwidth_1cm_bins_v1.0,0.733125889261852,0.5600000000000005,1.271344496460359,1,0.7536439798130768,0.5750000000000005,1.3069257818606597,2,0.733125889261852,0.5600000000000005,1.271344496460359,5,0.7397824928783103,0.5700000000000005,1.2828879932824715,10,0.733125889261852,0.5600000000000005,1.271344496460359,15
76,463.0,0.659812,-0.08,topview_visible_dorsal_arc_maxwidth_1cm_bins_v1.0,0.8228805534707078,0.6500000000000006,1.2471439644485214,1,0.8293899962328409,0.6550000000000006,1.2570095667142172,2,0.8334286599368272,0.6600000000000006,1.2631304976824116,5,0.8153909403399068,0.6500000000000006,1.2357928324127279,10,0.8163769543599486,0.6500000000000006,1.2372872187228312,15
82,445.0,0.586443,-0.14,topview_visible_dorsal_arc_maxwidth_1cm_bins_v1.0,0.7144973831282425,0.5900000000000005,1.2183577655940006,1,0.7058209487972591,0.5850000000000005,1.2035627482931146,2,0.705482512852258,0.5800000000000005,1.202985648822235,5,0.7070359656332905,0.5800000000000005,1.2056345896076694,10,0.705482512852258,0.5800000000000005,1.202985648822235,15
87,451.0,0.575528,-0.2,topview_visible_dorsal_arc_maxwidth_1cm_bins_v1.0,0.7322478704162645,0.5700000000000005,1.2723062482038483,1,0.7355537667503327,0.5700000000000005,1.2780503585409095,2,0.7359302613955954,0.5700000000000005,1.2787045311359226,5,0.7303180294115432,0.5650000000000005,1.2689530820595056,10,0.7217220642660496,0.5600000000000005,1.2540172924098385,15
97,462.0,0.585151,-0.22,topview_visible_dorsal_arc_maxwidth_1cm_bins_v1.0,0.7118048072914015,0.5800000000000005,1.2164463656242603,1,0.7118157289782617,0.5800000000000005,1.2164650303567144,2,0.7169734893316054,0.5800000000000005,1.225279439549117,5,0.7110706963714533,0.5800000000000005,1.2151917989911207,10,0.7072625831330951,0.5800000000000005,1.208683883532789,15
98,346.0,0.586007,-0.23,topview_visible_dorsal_arc_maxwidth_1cm_bins_v1.0,0.7124389274699132,0.5700000000000005,1.215751565202998,1,0.7260849488504777,0.5750000000000005,1.2390380129426402,2,0.7321382704738653,0.5800000000000005,1.2493677899306073,5,0.7293406809212228,0.5750000000000005,1.2445938033525588,10,0.7321382704738653,0.5800000000000005,1.2493677899306073,15
99,407.0,0.551646,-0.21,topview_visible_dorsal_arc_maxwidth_1cm_bins_v1.0,0.7410804379198361,0.5500000000000005,1.3433985525497079,1,0.7230862326580417,0.5400000000000005,1.3107794358303002,2,0.7365190579085827,0.5500000000000005,1.3351298802285936,5,0.7361262084194322,0.5450000000000005,1.334417739672602,10,0.7357652468303891,0.5400000000000005,1.333763404122189,15
100,366.0,0.552033,-0.19,topview_visible_dorsal_arc_maxwidth_1cm_bins_v1.0,0.7130559461129917,0.5500000000000005,1.291690797675124,1,0.7118047725748788,0.5500000000000005,1.289424314442939,2,0.7043099831473313,0.5500000000000005,1.2758476090149162,5,0.6973318259647621,0.5400000000000005,1.2632067756180556,10,0.6893869270269767,0.5400000000000005,1.2488147031553851,15
102,378.0,0.589834,-0.21,topview_visible_dorsal_arc_maxwidth_1cm_bins_v1.0,0.7875352870660662,0.5900000000000005,1.3351812324587362,1,0.7628079734101072,0.5800000000000005,1.2932587362039272,2,0.7442113284400842,0.5700000000000005,1.2617301282057056,5,0.7371160124771609,0.5700000000000005,1.249700784419279,10,0.7344528555632375,0.5700000000000005,1.2451856887925035,15
103,382.0,0.566824,-0.18,topview_visible_dorsal_arc_maxwidth_1cm_bins_v1.0,0.747096930562064,0.5600000000000005,1.318040398010783,1,0.7378189884380015,0.5550000000000005,1.3016721035771273,2,0.747096930562064,0.5600000000000005,1.318040398010783,5,0.7469965473152117,0.5600000000000005,1.3178633002752385,10,0.742679717661552,0.5500000000000005,1.3102474801023811,15
104,408.0,0.586404,-0.08,topview_visible_dorsal_arc_maxwidth_1cm_bins_v1.0,0.7775876760680052,0.5900000000000005,1.3260272373108046,1,0.7439551684649179,0.5750000000000005,1.2686734204830081,2,0.7524202118216041,0.5800000000000005,1.2831089348326479,5,0.7404414295974872,0.5700000000000005,1.2626814100815942,10,0.7331658921442832,0.5700000000000005,1.2502743708165074,15
105,323.0,0.489179,-0.3,topview_visible_dorsal_arc_maxwidth_1cm_bins_v1.0,0.598713687057135,0.4700000000000004,1.2239153501216018,1,0.6120291858193989,0.4800000000000004,1.2511354449381493,2,0.630817334626145,0.49000000000000044,1.2895429579482052,5,0.6320466030523708,0.48500000000000043,1.29205587944775,10,0.6216669164197227,0.4800000000000004,1.270837293546376,15
107,409.0,0.574904,-0.19,topview_visible_dorsal_arc_maxwidth_1cm_bins_v1.0,0.7156532943555158,0.5700000000000005,1.2448222561601865,1,0.7106111586550213,0.5700000000000005,1.2360518602323542,2,0.7128583384066041,0.5700000000000005,1.239960651528958,5,0.7119127165882448,0.5700000000000005,1.2383158172290416,10,0.7115684991507294,0.5700000000000005,1.237717078243897,15
110,417.0,0.521799,-0.18,topview_visible_dorsal_arc_maxwidth_1cm_bins_v1.0,0.6889764469986124,0.5200000000000005,1.320386675709636,1,0.6635692657628756,0.5100000000000005,1.2716951656919149,2,0.6819125360928816,0.5200000000000005,1.3068490665809662,5,0.682305277170911,0.5100000000000005,1.307601733945276,10,0.6696824026722885,0.5000000000000004,1.283410667081172,15
111,243.0,0.59505,-0.17,topview_visible_dorsal_arc_maxwidth_1cm_bins_v1.0,0.7912534115585714,0.5800000000000005,1.3297259248106403,1,0.8019365201006285,0.5850000000000005,1.3476792204027033,2,0.7912534115585714,0.5900000000000005,1.3297259248106403,5,0.7749086140087866,0.5800000000000005,1.30225798505804,10,0.7582201239063348,0.5800000000000005,1.2742124592997812,15
112,399.0,0.602323,-0.17,topview_visible_dorsal_arc_maxwidth_1cm_bins_v1.0,0.7843169198712904,0.6000000000000005,1.302153362682963,1,0.7802206048997368,0.6000000000000005,1.2953525017303618,2,0.7843169198712904,0.6000000000000005,1.302153362682963,5,0.7805342133001348,0.6000000000000005,1.295873166557038,10,0.7749113885883732,0.6000000000000005,1.2865379349425028,15
114,605.0,0.585381,-0.15,topview_visible_dorsal_arc_maxwidth_1cm_bins_v1.0,0.7621660875912422,0.5800000000000005,1.3020000437172408,1,0.7674405914683149,0.5800000000000005,1.3110104213637184,2,0.7750592471730312,0.5800000000000005,1.3240252880995986,5,0.7674405914683149,0.5800000000000005,1.3110104213637184,10,0.7621660875912422,0.5800000000000005,1.3020000437172408,15
117,399.0,0.590675,-0.18,topview_visible_dorsal_arc_maxwidth_1cm_bins_v1.0,0.7609797743466901,0.5800000000000005,1.2883222996515684,1,0.7680102355311572,0.5850000000000005,1.3002247183834719,2,0.7637908769305278,0.5800000000000005,1.2930814355280449,5,0.7582667961370555,0.5750000000000005,1.2837292862184035,10,0.7637908769305278,0.5800000000000005,1.2930814355280449,15
119,495.0,0.587958,-0.19,topview_visible_dorsal_arc_maxwidth_1cm_bins_v1.0,0.745916260462917,0.5900000000000005,1.2686556870778476,1,0.7470847586664315,0.5900000000000005,1.2706430708765448,2,0.7329645763935445,0.5900000000000005,1.2466274400442625,5,0.7338771684075476,0.5850000000000005,1.248179578145969,10,0.7329645763935445,0.5800000000000005,1.2466274400442625,15
120,493.0,0.624679,-0.15,topview_visible_dorsal_arc_maxwidth_1cm_bins_v1.0,0.7603799354037631,0.6100000000000005,1.2172330675495144,1,0.7781414818877472,0.6200000000000006,1.245666145152546,2,0.7819258815725193,0.6200000000000006,1.2517242961145154,5,0.7803713716209388,0.6200000000000006,1.2492358021014616,10,0.7773709178577458,0.6200000000000006,1.244432609160458,15
122,486.0,0.599668,-0.19,topview_visible_dorsal_arc_maxwidth_1cm_bins_v1.0,0.7707492044687528,0.6000000000000005,1.2852932030202593,1,0.7597228848605349,0.5950000000000005,1.2669058293264521,2,0.7707492044687528,0.6000000000000005,1.2852932030202593,5,0.7754504778646909,0.5950000000000005,1.2931329966993252,10,0.7723783472103734,0.5900000000000005,1.2880099441864055,15
123,545.0,0.62268,-0.19,topview_visible_dorsal_arc_maxwidth_1cm_bins_v1.0,0.7630231838099847,0.6200000000000006,1.2253857259105554,1,0.7498480114007827,0.6150000000000005,1.2042269085256998,2,0.7384992251231783,0.6100000000000005,1.1860011966390094,5,0.744530248894199,0.6100000000000005,1.1956867875862385,10,0.7411146570197351,0.6100000000000005,1.1902014791220774,15
124,484.0,0.597323,-0.11,topview_visible_dorsal_arc_maxwidth_1cm_bins_v1.0,0.7410408512651543,0.5900000000000005,1.2406032435803647,1,0.7509870169361897,0.5950000000000005,1.2572544786257849,2,0.7442734958881653,0.5900000000000005,1.2460151306548806,5,0.7434818680050091,0.5900000000000005,1.2446898378348215,10,0.7427376623468135,0.5900000000000005,1.2434439362736969,15
125,411.0,0.602843,-0.2,topview_visible_dorsal_arc_maxwidth_1cm_bins_v1.0,0.808766459707628,0.6100000000000005,1.3415872121060175,1,0.7912704646921251,0.6000000000000005,1.3125647385672972,2,0.7786210973622089,0.6000000000000005,1.2915818834459534,5,0.7739514496502939,0.5900000000000005,1.2838358405924826,10,0.7726463599130355,0.5900000000000005,1.2816709490083413,15
126,512.0,0.605144,-0.16,topview_visible_dorsal_arc_maxwidth_1cm_bins_v1.0,0.8043214354215426,0.6100000000000005,1.329140560629441,1,0.7999145905317377,0.6050000000000005,1.3218582527989002,2,0.8043214354215426,0.6100000000000005,1.329140560629441,5,0.7986025091705986,0.6000000000000005,1.3196900393469961,10,0.7877321566555231,0.6000000000000005,1.3017267900789284,15
127,551.0,0.561619,-0.22,topview_visible_dorsal_arc_maxwidth_1cm_bins_v1.0,0.7701406017825515,0.5700000000000005,1.3712865871392377,1,0.7337931651537072,0.5500000000000005,1.3065675576390885,2,0.7679388263879952,0.5700000000000005,1.367366179541638,5,0.7537650553724333,0.5600000000000005,1.3421288371163251,10,0.7501022336447185,0.5500000000000005,1.3356069393035466,15
128,479.0,0.557056,-0.19,topview_visible_dorsal_arc_maxwidth_1cm_bins_v1.0,0.7469340616302256,0.5500000000000005,1.3408599164719985,1,0.7444845082290987,0.5500000000000005,1.3364625966313957,2,0.7343000963357276,0.5500000000000005,1.3181800327717996,5,0.7273903427210109,0.5500000000000005,1.3057759771387631,10,0.7343000963357276,0.5500000000000005,1.3181800327717996,15
129,514.0,0.631709,-0.19,topview_visible_dorsal_arc_maxwidth_1cm_bins_v1.0,0.8624953941440341,0.6300000000000006,1.3653365618410283,1,0.8607716284767006,0.6300000000000006,1.3626078280928413,2,0.8541536091964479,0.6300000000000006,1.3521314548256365,5,0.8531491238206244,0.6300000000000006,1.3505413470769363,10,0.834034771214468,0.6200000000000006,1.3202831861101678,15
130,548.0,0.584546,-0.28,topview_visible_dorsal_arc_maxwidth_1cm_bins_v1.0,0.7910251398287048,0.5900000000000005,1.353229925153375,1,0.7766230560199847,0.5850000000000005,1.328591857646763,2,0.7690625591237442,0.5800000000000005,1.3156578936879975,5,0.7567923751055611,0.5800000000000005,1.2946669297293303,10,0.761589294658627,0.5800000000000005,1.3028731608096318,15
132,418.0,0.571458,-0.11,topview_visible_dorsal_arc_maxwidth_1cm_bins_v1.0,0.7358366375243687,0.5700000000000005,1.2876478018058521,1,0.7253635179088792,0.5650000000000005,1.269320786320043,2,0.713895178415683,0.5700000000000005,1.2492522257378196,5,0.7037016847323667,0.5600000000000005,1.2314145304333244,10,0.7123632332405401,0.5600000000000005,1.2465714597407684,15
133,531.0,0.606716,-0.16,topview_visible_dorsal_arc_maxwidth_1cm_bins_v1.0,0.7798016931002483,0.6100000000000005,1.28528288869957,1,0.773747439981207,0.6050000000000005,1.2753041620481527,2,0.7693269406868414,0.6000000000000005,1.2680182172331722,5,0.7605727213545697,0.6000000000000005,1.2535893587025388,10,0.7620876677747463,0.6000000000000005,1.2560863200817949,15
134,512.0,0.552455,-0.09,topview_visible_dorsal_arc_maxwidth_1cm_bins_v1.0,0.7053809402224501,0.5500000000000005,1.2768115778162024,1,0.6955919898727017,0.5450000000000005,1.2590925774455868,2,0.7053809402224501,0.5500000000000005,1.2768115778162024,5,0.7194047808195079,0.5500000000000005,1.3021961622566687,10,0.699742017141642,0.5500000000000005,1.2666045508532675,15
135,413.0,0.622038,-0.18,topview_visible_dorsal_arc_maxwidth_1cm_bins_v1.0,0.7760288908599732,0.6200000000000006,1.2475586553554174,1,0.7685112091184829,0.6150000000000005,1.235473088651309,2,0.7829868708523714,0.6200000000000006,1.2587444349900994,5,0.7685112091184829,0.6150000000000005,1.235473088651309,10,0.7859127376108408,0.6200000000000006,1.2634481134767344,15
136,563.0,0.606731,-0.19,topview_visible_dorsal_arc_maxwidth_1cm_bins_v1.0,0.8014458919527676,0.6100000000000005,1.3209245809967969,1,0.7998898381676668,0.6100000000000005,1.3183599291410308,2,0.7829866229019202,0.6000000000000005,1.2905004407256597,5,0.787861339410475,0.6000000000000005,1.2985348357187534,10,0.7829866229019202,0.6000000000000005,1.2905004407256597,15
137,511.0,0.594052,-0.11,topview_visible_dorsal_arc_maxwidth_1cm_bins_v1.0,0.7635908212116279,0.6000000000000005,1.2853939069502802,1,0.7537488961907268,0.5950000000000005,1.268826459957591,2,0.7532594292491953,0.5900000000000005,1.2680025136674824,5,0.7354676180147314,0.5900000000000005,1.238052591380437,10,0.719317079188824,0.5800000000000005,1.2108655120912377,15
138,495.0,0.642582,-0.16,topview_visible_dorsal_arc_maxwidth_1cm_bins_v1.0,0.8056187346071741,0.6400000000000006,1.2537212909903703,1,0.8097252176144432,0.6400000000000006,1.2601118886219085,2,0.8056187346071741,0.6400000000000006,1.2537212909903703,5,0.8087969378375528,0.6400000000000006,1.2586672795651805,10,0.8048927087749002,0.6400000000000006,1.2525914338946627,15
139,519.0,0.601132,-0.1,topview_visible_dorsal_arc_maxwidth_1cm_bins_v1.0,0.784488621332724,0.5900000000000005,1.305018899896735,1,0.7965536345626022,0.5950000000000005,1.325089388957171,2,0.8017231541134169,0.6000000000000005,1.3336890302186821,5,0.799521402711216,0.6000000000000005,1.3300263547959783,10,0.8017231541134169,0.5900000000000005,1.3336890302186821,15
140,549.0,0.616085,-0.25,topview_visible_dorsal_arc_maxwidth_1cm_bins_v1.0,0.7934240677320777,0.6000000000000005,1.2878483776298364,1,0.8195292186391566,0.6100000000000005,1.3302210224874111,2,0.8037318115203518,0.6100000000000005,1.304579419269016,5,0.8105247808457434,0.6100000000000005,1.3156054454267567,10,0.8012202147889677,0.6100000000000005,1.3005027143802683,15
141,488.0,0.621017,-0.14,topview_visible_dorsal_arc_maxwidth_1cm_bins_v1.0,0.7762486436908145,0.6200000000000006,1.2499635979221413,1,0.7782449105467268,0.6200000000000006,1.2531781103363142,2,0.7769848791967278,0.6200000000000006,1.2511491298897255,5,0.7723786726501922,0.6200000000000006,1.2437319310907626,10,0.7701679718219212,0.6200000000000006,1.2401721238257908,15
142,526.0,0.623886,-0.12,topview_visible_dorsal_arc_maxwidth_1cm_bins_v1.0,0.800112316282249,0.6100000000000005,1.282465572688358,1,0.8060625056559301,0.6150000000000005,1.2920028749738415,2,0.800112316282249,0.6100000000000005,1.282465572688358,5,0.8041127681562243,0.6200000000000006,1.2888777247064758,10,0.7945406868389837,0.6100000000000005,1.2735350478115932,15
144,543.0,0.585546,-0.23,topview_visible_dorsal_arc_maxwidth_1cm_bins_v1.0,0.7346960604893161,0.5900000000000005,1.254719630036438,1,0.728920664801151,0.5850000000000005,1.2448563644891282,2,0.7177493061521556,0.5800000000000005,1.22577783154894,5,0.7280543782446963,0.5900000000000005,1.2433769135895323,10,0.7204065775427008,0.5800000000000005,1.2303159402381723,15
149,520.0,0.607512,-0.14,topview_visible_dorsal_arc_maxwidth_1cm_bins_v1.0,0.7431820551690133,0.6000000000000005,1.2233207824191343,1,0.7429035991386007,0.6000000000000005,1.222862427636986,2,0.7431820551690133,0.6000000000000005,1.2233207824191343,5,0.7429035991386007,0.6000000000000005,1.222862427636986,10,0.741479320023979,0.6000000000000005,1.220517981577284,15
151,532.0,0.570491,-0.16,topview_visible_dorsal_arc_maxwidth_1cm_bins_v1.0,0.7626678873865388,0.5700000000000005,1.3368622596790114,1,0.7635361256043092,0.5700000000000005,1.3383841736404416,2,0.7626678873865388,0.5700000000000005,1.3368622596790114,5,0.7487309713370491,0.5650000000000005,1.3124325735849456,10,0.7540534915914672,0.5700000000000005,1.3217622917652816,15
154,535.0,0.593855,-0.21,topview_visible_dorsal_arc_maxwidth_1cm_bins_v1.0,0.8279540180555272,0.6000000000000005,1.3942023188413453,1,0.8059492955681624,0.5900000000000005,1.3571482863125888,2,0.8014364620738751,0.5900000000000005,1.349549068499676,5,0.7936278848768731,0.5900000000000005,1.3364001058791675,10,0.7924638955282922,0.5900000000000005,1.334440049386285,15
